,ACCIDENT_NO,ACCIDENT_DATE,ACCIDENT_TIME,ACCIDENT_TYPE,ACCIDENT_TYPE_DESC,DAY_OF_WEEK,DAY_WEEK_DESC,DCA_CODE,DCA_DESC,DIRECTORY,EDITION,PAGE,GRID_REFERENCE_X,GRID_REFERENCE_Y,LIGHT_CONDITION,LIGHT_CONDITION_DESC,NO_OF_VEHICLES,NO_PERSONS,NO_PERSONS_INJ_2,NO_PERSONS_INJ_3,NO_PERSONS_KILLED,NO_PERSONS_NOT_INJ,POLICE_ATTEND,ROAD_GEOMETRY,ROAD_GEOMETRY_DESC,SEVERITY,SPEED_ZONE,NODE_ID,NODE_TYPE,AMG_X,AMG_Y,LG_AREA_NAME,REGION_NAME,DEG_URBAN_NAME,LATITUDE,LONGITUDE,POSTCODE,NEAREST_NATIONAL_PARK_NAME
156,22004032577,05/10/04,13.20.00,3,Struck animal,3,Tuesday,167,STRUCK ANIMAL                        ,VCS,9,41,C,9,1,Day,1,1,1,0,0,0,1,5,Not at intersection,2,100,191500,N,2291110.497,2498598.923,NORTHERN GRAMPIANS,WESTERN REGION,RURAL_VICTORIA,-36.98942,142.65297,3385,Grampians National Park
157,22004034248,29/09/04,20.45.00,3,Struck animal,4,Wednesday,167,STRUCK ANIMAL                        ,VCS,9,59,C,9,5,Dark No street lights,1,1,0,1,0,0,2,5,Not at intersection,3,100,24657,N,2417308.432,2446347.132,MOORABOOL,WESTERN REGION,RURAL_VICTORIA,-37.47985,144.06497,3352,Brisbane Ranges National Park
158,22004035513,16/10/04,05.45.00,3,Struck animal,7,Saturday,167,STRUCK ANIMAL                        ,VCS,9,90,C,4,2,Dusk/Dawn,1,2,0,2,0,0,1,5,Not at intersection,3,100,192157,N,2296299.433,2369404.217,MOYNE,SOUTH WESTERN REGION,RURAL_VICTORIA,-38.15435,142.67581,3264,Port Campbell National Park
159,22004038162,21/11/04,04.00.00,3,Struck animal,1,Sunday,167,STRUCK ANIMAL                        ,VCS,9,552,H,11,5,Dark No street lights,1,1,0,1,0,0,2,5,Not at intersection,3,80,193522,N,2281352.728,2478094.474,NORTHERN GRAMPIANS,WESTERN REGION,RURAL_VICTORIA,-37.17193,142.53742,3381,Grampians National Park
160,22004040253,08/12/04,22.00.00,3,Struck animal,4,Wednesday,167,STRUCK ANIMAL                        ,MEL,40,344,J,1,5,Dark No street lights,1,1,1,0,0,0,1,5,Not at intersection,2,100,193937,N,2469827.7,2422287.497,MELTON,METROPOLITAN NORTH WEST REGION,RURAL_VICTORIA,-37.69981,144.65784,3335,Organ Pipes National Park
161,22005001059,20/12/04,03.15.00,3,Struck animal,2,Monday,167,STRUCK ANIMAL                        ,VCS,9,522,H,9,6,Dark Street lights unknown,2,3,0,2,0,1,1,5,Not at intersection,3,60,194361,N,2418728.869,2405417.276,GOLDEN PLAINS,SOUTH WESTERN REGION,SMALL_TOWNS,-37.84875,144.07654,3333,Brisbane Ranges National Park
162,22005002802,14/01/05,05.50.00,3,Struck animal,6,Friday,167,STRUCK ANIMAL                        ,VCS,9,91,G,7,2,Dusk/Dawn,1,1,1,0,0,0,1,5,Not at intersection,2,100,194900,N,2355342.31,2351133.929,COLAC OTWAY,SOUTH WESTERN REGION,RURAL_VICTORIA,-38.33001,143.3457,3260,Port Campbell National Park
163,22005005754,23/01/05,17.00.00,3,Struck animal,1,Sunday,167,STRUCK ANIMAL                        ,VCS,9,91,E,6,1,Day,1,2,1,1,0,0,2,5,Not at intersection,2,100,195099,N,2342644.023,2355953.975,CORANGAMITE,SOUTH WESTERN REGION,RURAL_VICTORIA,-38.28453,143.20155,3260,Port Campbell National Park
164,22005006139,10/02/05,21.05.00,3,Struck animal,5,Thursday,167,STRUCK ANIMAL                        ,VCS,9,58,A,3,5,Dark No street lights,1,1,1,0,0,0,1,5,Not at intersection,2,100,195249,N,2368766.51,2487926.831,PYRENEES,WESTERN REGION,RURAL_VICTORIA,-37.09963,143.52345,3467,Kara Kara National Park
165,22005007942,12/02/05,23.30.00,3,Struck animal,7,Saturday,167,STRUCK ANIMAL                        ,VCS,9,92,E,6,5,Dark No street lights,1,2,0,2,0,0,1,5,Not at intersection,3,100,195628,N,2392458.653,2354866.533,COLAC OTWAY,SOUTH WESTERN REGION,RURAL_VICTORIA,-38.30146,143.77065,3242,Great Otway National Park
166,22005009301,01/03/05,06.25.00,3,Struck animal,3,Tuesday,167,STRUCK ANIMAL                        ,VCS,9,76,D,2,2,Dusk/Dawn,1,2,0,2,0,0,2,5,Not at intersection,3,100,195749,N,2387556.929,2437086.394,BALLARAT,WESTERN REGION,RURAL_VICTORIA,-37.56018,143.72719,3352,Brisbane Ranges National Park
167,22005010068,13/03/05,15.00.00,3,Struck animal,1,Sunday,167,STRUCK ANIMAL                        ,VCS,9,75,H,5,1,Day,1,1,0,1,0,0,2,5,Not at intersection,3,100,195955,N,2361072.848,2422116.387,CORANGAMITE,SOUTH WESTERN REGION,RURAL_VICTORIA,-37.69149,143.42465,3361,Brisbane Ranges National Park
168,22005010306,09/03/05,16.15.00,3,Struck animal,4,Wednesday,167,STRUCK ANIMAL                        ,VCS,9,56,A,6,1,Day,1,2,2,0,0,0,1,5,Not at intersection,2,100,195985,N,2281557.227,2468318.918,NORTHERN GRAMPIANS,WESTERN REGION,RURAL_VICTORIA,-37.26004,142.53687,3381,Grampians National Park
169,22005010684,08/03/05,07.00.00,3,Struck animal,3,Tuesday,167,STRUCK ANIMAL                        ,VCS,9,59,F,6,2,Dusk/Dawn,1,1,0,1,0,0,2,5,Not at intersection,3,100,196042,N,2437267.681,2468700.685,HEPBURN,WESTERN REGION,RURAL_VICTORIA,-37.27997,144.29253,3461,Brisbane Ranges National Park
170,22005011417,02/03/05,22.15.00,3,Struck animal,4,Wednesday,167,STRUCK ANIMAL                        ,VCS,9,435,G,7,5,Dark No street lights,1,1,0,1,0,0,2,5,Not at intersection,3,999,196210,N,2451103.289,2413451.622,MOORABOOL,WESTERN REGION,RURAL_VICTORIA,-37.77863,144.44492,3340,Brisbane Ranges National Park
171,22005013228,11/04/05,06.15.00,3,Struck animal,2,Monday,167,STRUCK ANIMAL                        ,VCS,9,42,F,5,2,Dusk/Dawn,1,1,0,1,0,0,2,5,Not at intersection,3,100,196531,N,2345446.485,2527035.269,NORTHERN GRAMPIANS,WESTERN REGION,RURAL_VICTORIA,-36.74369,143.26912,3477,Kara Kara National Park
172,22005014040,19/02/05,12.45.00,3,Struck animal,7,Saturday,167,STRUCK ANIMAL                        ,VCS,9,76,E,2,1,Day,1,1,0,1,0,0,2,5,Not at intersection,3,60,196714,N,2390536.82,2440409.221,BALLARAT,WESTERN REGION,RURAL_VICTORIA,-37.53059,143.76141,3352,Brisbane Ranges National Park
173,22005015581,27/04/05,05.20.00,3,Struck animal,4,Wednesday,167,STRUCK ANIMAL                        ,VCS,9,90,F,4,5,Dark No street lights,1,1,0,1,0,0,1,5,Not at intersection,3,100,197059,N,2312075.214,2372870.018,MOYNE,SOUTH WESTERN REGION,RURAL_VICTORIA,-38.12647,142.85664,3264,Port Campbell National Park
174,22005016115,08/05/05,18.07.00,3,Struck animal,1,Sunday,167,STRUCK ANIMAL                        ,MEL,40,359,K,10,5,Dark No street lights,1,1,0,0,1,0,1,5,Not at intersection,1,90,196564,N,2474105.79,2408812.021,WYNDHAM,METROPOLITAN NORTH WEST REGION,RURAL_VICTORIA,-37.82136,144.70588,3029,Organ Pipes National Park
175,22005017265,08/05/05,06.45.00,3,Struck animal,1,Sunday,167,STRUCK ANIMAL                        ,VCS,9,56,A,4,2,Dusk/Dawn,1,1,1,0,0,0,2,2,T intersection,2,100,25334,N,2283149.955,2481966.606,NORTHERN GRAMPIANS,WESTERN REGION,RURAL_VICTORIA,-37.13746,142.55877,3381,Grampians National Park
176,22005021412,08/06/05,08.00.00,3,Struck animal,4,Wednesday,171,LEFT OFF CARRIAGEWAY INTO OBJECT/PARKED VEHICLE       ,VCS,9,91,B,9,2,Dusk/Dawn,1,1,0,1,0,0,2,5,Not at intersection,3,100,197946,N,2327604.434,2336781.202,CORANGAMITE,SOUTH WESTERN REGION,RURAL_VICTORIA,-38.45451,143.02517,3267,Port Campbell National Park
177,22005022364,12/06/05,17.50.00,3,Struck animal,1,Sunday,167,STRUCK ANIMAL                        ,VCS,9,54,B,8,2,Dusk/Dawn,1,1,0,1,0,0,2,5,Not at intersection,3,100,198147,N,2196104.271,2450644.619,SOUTHERN GRAMPIANS,SOUTH WESTERN REGION,RURAL_VICTORIA,-37.3954,141.56685,3315,Lower Glenelg National Park
178,22005022544,25/06/05,12.30.00,3,Struck animal,7,Saturday,167,STRUCK ANIMAL                        ,VCS,9,59,E,8,1,Day,1,1,1,0,0,0,1,5,Not at intersection,2,100,199302,N,2433196.548,2452011.925,MOORABOOL,WESTERN REGION,RURAL_VICTORIA,-37.43007,144.24512,3461,Brisbane Ranges National Park
179,22005022680,27/06/05,05.10.00,3,Struck animal,2,Monday,167,STRUCK ANIMAL                        ,VCS,9,90,C,7,5,Dark No street lights,1,1,0,1,0,0,2,5,Not at intersection,3,100,198005,N,2294631.294,2347112.232,MOYNE,SOUTH WESTERN REGION,RURAL_VICTORIA,-38.35473,142.65051,3264,Port Campbell National Park
180,22005029721,21/08/05,22.15.00,3,Struck animal,1,Sunday,167,STRUCK ANIMAL                        ,VCS,9,91,E,6,5,Dark No street lights,1,2,2,0,0,0,1,5,Not at intersection,2,100,199196,N,2341493.916,2359312.504,CORANGAMITE,SOUTH WESTERN REGION,RURAL_VICTORIA,-38.25408,143.18914,3260,Port Campbell National Park
181,22005029727,17/08/05,00.30.00,3,Struck animal,4,Wednesday,167,STRUCK ANIMAL                        ,VCS,9,59,C,8,5,Dark No street lights,1,1,0,1,0,0,2,5,Not at intersection,3,80,199195,N,2422096.46,2453806.71,HEPBURN,WESTERN REGION,RURAL_VICTORIA,-37.41304,144.11989,3461,Brisbane Ranges National Park
182,22005030882,28/08/05,18.15.00,3,Struck animal,1,Sunday,167,STRUCK ANIMAL                        ,VCS,9,100,F,9,2,Dusk/Dawn,1,1,0,1,0,0,1,5,Not at intersection,3,100,199440,N,2322020.962,2318770.849,CORANGAMITE,SOUTH WESTERN REGION,RURAL_VICTORIA,-38.61562,142.9568,3269,Port Campbell National Park
183,22005034878,25/09/05,15.30.00,3,Struck animal,1,Sunday,167,STRUCK ANIMAL                        ,VCS,9,77,F,2,1,Day,1,1,0,1,0,0,1,5,Not at intersection,3,90,200030,N,2438734.064,2442285.688,MOORABOOL,WESTERN REGION,SMALL_TOWNS,-37.51809,144.3069,3341,Brisbane Ranges National Park
184,22005036140,15/10/05,21.00.00,3,Struck animal,7,Saturday,167,STRUCK ANIMAL                        ,VCS,9,59,C,8,5,Dark No street lights,1,1,1,0,0,0,1,5,Not at intersection,2,100,200241,N,2422354.373,2455630.357,HEPBURN,WESTERN REGION,RURAL_VICTORIA,-37.39663,144.12299,3461,Brisbane Ranges National Park
185,22005041182,24/11/05,21.15.00,3,Struck animal,5,Thursday,167,STRUCK ANIMAL                        ,VCS,9,582,B,11,5,Dark No street lights,1,1,1,0,0,0,1,5,Not at intersection,2,100,201229,N,2422351.409,2460800.049,HEPBURN,WESTERN REGION,RURAL_VICTORIA,-37.35004,144.1235,3461,Brisbane Ranges National Park
186,32000004978,03/02/00,00.01.00,3,Struck animal,5,Thursday,167,STRUCK ANIMAL                        ,VCS,9,44,D,7,5,Dark No street lights,1,1,1,0,0,0,1,5,Not at intersection,2,100,221791,N,2424331.31,2519892.789,BENDIGO,NORTHERN REGION,RURAL_VICTORIA,-36.81768,144.15179,3551,Greater Bendigo National Park
187,32000007418,23/02/00,17.00.00,3,Struck animal,4,Wednesday,167,STRUCK ANIMAL                        ,VCS,9,32,B,2,9,Unknown,1,1,1,0,0,0,2,5,Not at intersection,2,100,18104,N,2504683.669,2608525.695,MOIRA,NORTH EASTERN REGION,RURAL_VICTORIA,-36.0219,145.05196,3639,Barmah National Park
188,32000008194,14/02/00,21.50.00,3,Struck animal,2,Monday,167,STRUCK ANIMAL                        ,VCS,9,32,J,2,5,Dark No street lights,1,2,2,0,0,0,1,5,Not at intersection,2,100,162524,N,2543124.178,2607405.569,MOIRA,NORTH EASTERN REGION,RURAL_VICTORIA,-36.03103,145.47848,3640,Lower Goulburn National Park
189,32000012183,12/03/00,06.45.00,3,Struck animal,1,Sunday,167,STRUCK ANIMAL                        ,VCS,9,23,A,7,2,Dusk/Dawn,1,4,0,1,0,3,2,5,Not at intersection,3,100,162528,N,2550491.734,2626460.381,MOIRA,NORTH EASTERN REGION,RURAL_VICTORIA,-35.85894,145.55898,3644,Lower Goulburn National Park
190,32000014547,22/04/00,01.40.00,3,Struck animal,7,Saturday,167,STRUCK ANIMAL                        ,VCS,9,31,D,8,5,Dark No street lights,1,2,0,1,0,1,1,2,T intersection,3,100,51914,I,2476431.832,2568407.711,CAMPASPE,NORTHERN REGION,RURAL_VICTORIA,-36.38318,144.73731,3561,Greater Bendigo National Park
191,32000015057,27/04/00,06.15.00,3,Struck animal,5,Thursday,167,STRUCK ANIMAL                        ,VCS,9,46,D,3,2,Dusk/Dawn,1,1,0,1,0,0,2,5,Not at intersection,3,100,161757,N,2513582.656,2544015.385,SHEPPARTON,NORTH EASTERN REGION,RURAL_VICTORIA,-36.60322,145.15183,3610,Heathcote-Graytown National Park
192,32000015656,21/04/00,17.45.00,3,Struck animal,6,Friday,167,STRUCK ANIMAL                        ,VCS,9,43,E,3,2,Dusk/Dawn,1,1,0,1,0,0,2,5,Not at intersection,3,100,169033,N,2388842.947,2542722.742,LODDON,NORTHERN REGION,RURAL_VICTORIA,-36.60843,143.75736,3517,Kara Kara National Park
193,32000019771,14/05/00,17.55.00,3,Struck animal,1,Sunday,167,STRUCK ANIMAL                        ,VCS,9,33,B,2,5,Dark No street lights,1,1,0,1,0,0,1,3,Y intersection,3,100,161759,N,2553916.222,2604655.498,MOIRA,NORTH EASTERN REGION,RURAL_VICTORIA,-36.05527,145.59841,3636,Lower Goulburn National Park
194,32000022759,26/06/00,09.00.00,3,Struck animal,2,Monday,167,STRUCK ANIMAL                        ,VCS,9,21,E,7,1,Day,1,1,0,1,0,0,1,5,Not at intersection,3,100,169078,N,2427557.236,2624723.399,GANNAWARRA,NORTHERN REGION,RURAL_VICTORIA,-35.87318,144.19785,3568,Gunbower National Park
195,32000023490,06/07/00,19.40.00,3,Struck animal,5,Thursday,167,STRUCK ANIMAL                        ,VCS,9,46,H,2,5,Dark No street lights,1,2,0,1,0,1,1,5,Not at intersection,3,100,162563,N,2533869.526,2553609.651,SHEPPARTON,NORTH EASTERN REGION,RURAL_VICTORIA,-36.51624,145.37817,3631,Lower Goulburn National Park
196,32000024198,22/05/00,22.00.00,3,Struck animal,2,Monday,167,STRUCK ANIMAL                        ,VCS,9,44,H,4,5,Dark No street lights,1,1,1,0,0,0,1,5,Not at intersection,2,100,168190,N,2448941.375,2539422.023,BENDIGO,NORTHERN REGION,RURAL_VICTORIA,-36.64333,144.42896,3557,Greater Bendigo National Park
197,32000029617,01/09/00,06.30.00,3,Struck animal,6,Friday,167,STRUCK ANIMAL                        ,VCS,9,32,B,6,5,Dark No street lights,1,1,1,0,0,0,1,5,Not at intersection,2,100,169123,N,2501763.233,2582702.248,CAMPASPE,NORTHERN REGION,RURAL_VICTORIA,-36.25464,145.01962,3621,Lower Goulburn National Park
198,32000029816,04/09/00,04.10.00,3,Struck animal,2,Monday,167,STRUCK ANIMAL                        ,VCS,9,59,C,2,5,Dark No street lights,1,1,0,1,0,0,1,5,Not at intersection,3,100,169125,N,2421154.699,2495371.113,MOUNT ALEXANDER,NORTHERN REGION,RURAL_VICTORIA,-37.03841,144.11362,3451,Greater Bendigo National Park
199,32000030309,27/08/00,02.00.00,3,Struck animal,1,Sunday,167,STRUCK ANIMAL                        ,VCS,9,46,E,2,5,Dark No street lights,1,3,0,1,0,2,2,5,Not at intersection,3,100,162579,N,2519942.55,2548532.31,SHEPPARTON,NORTH EASTERN REGION,RURAL_VICTORIA,-36.5624,145.2228,3610,Lower Goulburn National Park
200,32000032647,25/09/00,06.45.00,3,Struck animal,2,Monday,167,STRUCK ANIMAL                        ,VCS,9,44,H,6,2,Dusk/Dawn,1,1,0,1,0,0,2,5,Not at intersection,3,100,169142,N,2449728.967,2524836.557,BENDIGO,NORTHERN REGION,RURAL_VICTORIA,-36.77482,144.4368,3551,Greater Bendigo National Park
201,32000034766,09/10/00,21.30.00,3,Struck animal,2,Monday,167,STRUCK ANIMAL                        ,VCS,9,21,F,8,5,Dark No street lights,1,1,0,1,0,0,1,5,Not at intersection,3,100,168201,N,2433297.405,2622696.403,GANNAWARRA,NORTHERN REGION,RURAL_VICTORIA,-35.89187,144.26123,3567,Gunbower National Park
202,32000039103,23/08/00,18.00.00,3,Struck animal,4,Wednesday,167,STRUCK ANIMAL                        ,VCS,9,614,E,5,2,Dusk/Dawn,1,1,0,1,0,0,2,5,Not at intersection,3,60,169191,N,2438988.656,2521108.814,BENDIGO,NORTHERN REGION,RURAL_VICTORIA,-36.80779,144.31618,3551,Greater Bendigo National Park
203,32000039105,17/11/00,20.00.00,3,Struck animal,6,Friday,167,STRUCK ANIMAL                        ,VCS,9,1,F,6,2,Dusk/Dawn,1,1,0,1,0,0,1,5,Not at intersection,3,110,182281,N,2158766.337,2795716.096,MILDURA,WESTERN REGION,RURAL_VICTORIA,-34.27553,141.29701,3496,Murray - Sunset National Park
204,32000040772,03/12/00,03.30.00,3,Struck animal,1,Sunday,167,STRUCK ANIMAL                        ,VCS,9,32,E,3,5,Dark No street lights,1,1,1,0,0,0,1,5,Not at intersection,2,100,162606,N,2518358.78,2600517.055,MOIRA,NORTH EASTERN REGION,RURAL_VICTORIA,-36.09391,145.20386,3638,Lower Goulburn National Park
205,32001000837,20/12/00,12.30.00,3,Struck animal,4,Wednesday,167,STRUCK ANIMAL                        ,MEL,40,365,H,7,1,Day,1,1,0,1,0,0,1,5,Not at intersection,3,60,131673,N,2489193.363,2439218.154,HUME,METROPOLITAN NORTH WEST REGION,RURAL_VICTORIA,-37.54768,144.8777,3064,Organ Pipes National Park
206,32001002720,20/08/00,20.45.00,3,Struck animal,1,Sunday,167,STRUCK ANIMAL                        ,VCS,9,59,J,4,5,Dark No street lights,1,1,0,1,0,0,2,5,Not at intersection,3,100,168218,N,2450848.742,2484662.653,MOUNT ALEXANDER,NORTHERN REGION,RURAL_VICTORIA,-37.13693,144.44673,3448,Greater Bendigo National Park
207,32001003042,05/01/01,21.00.00,3,Struck animal,6,Friday,167,STRUCK ANIMAL                        ,VCS,9,44,J,8,2,Dusk/Dawn,1,1,1,0,0,0,2,5,Not at intersection,2,100,168222,N,2453861.196,2506907.624,BENDIGO,NORTHERN REGION,RURAL_VICTORIA,-36.93662,144.482,3551,Greater Bendigo National Park
208,32001003656,14/01/01,10.00.00,3,Struck animal,1,Sunday,167,STRUCK ANIMAL                        ,VCS,9,45,E,9,1,Day,1,1,0,1,0,0,2,5,Not at intersection,3,100,19708,N,2483417.604,2500622.362,MITCHELL,NORTHERN REGION,RURAL_VICTORIA,-36.99424,144.81369,3662,Heathcote-Graytown National Park
209,32001006174,03/02/01,21.00.00,3,Struck animal,7,Saturday,167,STRUCK ANIMAL                        ,VCS,9,8,D,5,5,Dark No street lights,1,1,1,0,0,0,1,5,Not at intersection,2,100,168227,N,2333716.275,2748483.517,SWAN HILL,NORTHERN REGION,RURAL_VICTORIA,-34.74648,143.18506,3599,Hattah - Kulkyne National Park
210,32001009484,13/03/01,05.30.00,3,Struck animal,3,Tuesday,167,STRUCK ANIMAL                        ,VCS,9,44,F,7,5,Dark No street lights,1,1,0,1,0,0,2,5,Not at intersection,3,100,169275,N,2436494.442,2517165.749,BENDIGO,NORTHERN REGION,RURAL_VICTORIA,-36.84316,144.2879,3551,Greater Bendigo National Park
211,32001011777,04/04/01,05.35.00,3,Struck animal,4,Wednesday,167,STRUCK ANIMAL                        ,VCS,9,32,J,5,3,Dark Street lights on,1,1,0,1,0,0,1,1,Cross intersection,3,100,50935,I,2544497.868,2584878.612,SHEPPARTON,NORTH EASTERN REGION,RURAL_VICTORIA,-36.23399,145.49502,3634,Lower Goulburn National Park
212,32001013248,03/04/01,21.45.00,3,Struck animal,3,Tuesday,167,STRUCK ANIMAL                        ,VCS,9,44,F,7,5,Dark No street lights,1,1,1,0,0,0,2,5,Not at intersection,2,100,169306,N,2436177.131,2516947.731,BENDIGO,NORTHERN REGION,RURAL_VICTORIA,-36.8451,144.28432,3551,Greater Bendigo National Park
213,32001017222,20/04/01,22.00.00,3,Struck animal,6,Friday,167,STRUCK ANIMAL                        ,VCS,9,44,H,4,5,Dark No street lights,1,3,0,1,0,2,2,5,Not at intersection,3,100,20459,N,2446118.663,2534967.303,BENDIGO,NORTHERN REGION,RURAL_VICTORIA,-36.68332,144.39708,3551,Greater Bendigo National Park
214,32001018807,23/05/01,08.00.00,3,Struck animal,4,Wednesday,167,STRUCK ANIMAL                        ,VCS,9,1,E,6,2,Dusk/Dawn,1,1,0,1,0,0,2,5,Not at intersection,3,110,182310,N,2154137.801,2795626.079,MILDURA,WESTERN REGION,RURAL_VICTORIA,-34.27471,141.2468,3496,Murray - Sunset National Park
215,32001021185,18/06/01,02.50.00,3,Struck animal,2,Monday,167,STRUCK ANIMAL                        ,VCS,9,32,D,5,5,Dark No street lights,2,2,0,1,0,1,1,5,Not at intersection,3,100,168245,N,2511778.413,2585960.362,CAMPASPE,NORTHERN REGION,RURAL_VICTORIA,-36.22521,145.13102,3620,Lower Goulburn National Park
216,32001024988,26/02/01,02.00.00,3,Struck animal,2,Monday,167,STRUCK ANIMAL                        ,VCS,9,44,C,4,6,Dark Street lights unknown,1,1,0,1,0,0,2,1,Cross intersection,3,100,33726,I,2416756.704,2534886.525,BENDIGO,NORTHERN REGION,RURAL_VICTORIA,-36.68192,144.06853,3516,Greater Bendigo National Park
217,32001025192,03/08/01,01.00.00,3,Struck animal,6,Friday,167,STRUCK ANIMAL                        ,VCS,9,32,H,7,5,Dark No street lights,1,1,0,1,0,0,1,5,Not at intersection,3,100,162694,N,2535653.722,2574617.551,SHEPPARTON,NORTH EASTERN REGION,RURAL_VICTORIA,-36.32684,145.39711,3631,Lower Goulburn National Park
218,32001028987,09/09/01,07.55.00,3,Struck animal,1,Sunday,167,STRUCK ANIMAL                        ,VCS,9,22,E,9,1,Day,1,5,1,1,0,3,1,5,Not at intersection,2,100,161775,N,2518994.143,2614420.512,MOIRA,NORTH EASTERN REGION,RURAL_VICTORIA,-35.9686,145.21058,3638,Barmah National Park
219,32001029474,01/09/01,15.30.00,3,Struck animal,7,Saturday,167,STRUCK ANIMAL                        ,VCS,9,10,H,2,1,Day,1,1,1,0,0,0,2,5,Not at intersection,2,100,182329,N,2226038.527,2712787.405,MILDURA,WESTERN REGION,RURAL_VICTORIA,-35.04345,141.99813,3507,Hattah - Kulkyne National Park
220,32001030443,22/09/01,14.45.00,3,Struck animal,7,Saturday,167,STRUCK ANIMAL                        ,VCS,9,44,F,9,1,Day,1,1,1,0,0,0,1,5,Not at intersection,2,100,20467,N,2434966.356,2502930.396,MOUNT ALEXANDER,NORTHERN REGION,RURAL_VICTORIA,-36.97134,144.26954,3453,Greater Bendigo National Park
221,32001031246,26/09/01,03.30.00,3,Struck animal,4,Wednesday,167,STRUCK ANIMAL                        ,VCS,9,21,G,9,5,Dark No street lights,1,1,0,1,0,0,2,2,T intersection,3,100,51906,I,2440966.764,2616749.644,CAMPASPE,NORTHERN REGION,RURAL_VICTORIA,-35.94597,144.34572,3566,Gunbower National Park
222,32001032358,10/10/01,14.00.00,3,Struck animal,4,Wednesday,167,STRUCK ANIMAL                        ,VCS,9,43,F,6,1,Day,1,1,1,0,0,0,1,5,Not at intersection,2,100,168257,N,2396207.629,2522018.437,LODDON,NORTHERN REGION,RURAL_VICTORIA,-36.79585,143.83685,3551,Kara Kara National Park
223,32001035878,02/11/01,20.55.00,3,Struck animal,6,Friday,167,STRUCK ANIMAL                        ,VCS,9,34,D,3,1,Day,1,1,1,0,0,0,1,5,Not at intersection,2,100,162723,N,2606717.743,2602758.177,MOIRA,NORTH EASTERN REGION,RURAL_VICTORIA,-36.06791,146.18467,3730,Warby-Ovens National Park
224,32001036058,16/09/01,18.15.00,3,Struck animal,1,Sunday,167,STRUCK ANIMAL                        ,VCS,9,415,J,2,2,Dusk/Dawn,1,1,1,0,0,0,2,5,Not at intersection,2,100,151751,N,2477639.767,2471745.318,MACEDON RANGES,NORTHERN REGION,RURAL_VICTORIA,-37.25436,144.74792,3435,Organ Pipes National Park
225,32001038470,30/11/01,13.30.00,3,Struck animal,6,Friday,167,STRUCK ANIMAL                        ,VCS,9,59,G,4,1,Day,1,2,0,1,0,1,2,5,Not at intersection,3,100,169483,N,2441706.327,2485511.451,MOUNT ALEXANDER,NORTHERN REGION,RURAL_VICTORIA,-37.12876,144.34389,3447,Greater Bendigo National Park
226,32001039869,15/12/01,17.10.00,3,Struck animal,7,Saturday,167,STRUCK ANIMAL                        ,VCS,9,14,A,6,1,Day,1,2,0,1,0,1,1,5,Not at intersection,3,100,169502,N,2364595.418,2690466.224,SWAN HILL,NORTHERN REGION,RURAL_VICTORIA,-35.27396,143.51214,3586,Gunbower National Park
227,32002001902,29/12/01,22.45.00,3,Struck animal,7,Saturday,167,STRUCK ANIMAL                        ,MEL,40,390,J,5,5,Dark No street lights,1,2,1,0,0,1,1,5,Not at intersection,2,100,108779,N,2509163.621,2435353.549,WHITTLESEA,METROPOLITAN NORTH WEST REGION,RURAL_VICTORIA,-37.58252,145.10376,3754,Kinglake National Park
228,32002001974,01/01/02,21.35.00,3,Struck animal,3,Tuesday,167,STRUCK ANIMAL                        ,VCS,9,425,B,7,5,Dark No street lights,1,5,0,5,0,0,1,5,Not at intersection,3,100,151764,N,2462288.443,2438546.914,MACEDON RANGES,NORTHERN REGION,RURAL_VICTORIA,-37.55303,144.57317,3437,Organ Pipes National Park
229,32002002490,07/01/02,04.45.00,3,Struck animal,2,Monday,167,STRUCK ANIMAL                        ,MEL,40,390,B,9,4,Dark Street lights off,1,1,0,1,0,0,2,5,Not at intersection,3,100,136154,N,2506222.614,2433674.025,WHITTLESEA,METROPOLITAN NORTH WEST REGION,RURAL_VICTORIA,-37.59768,145.07047,3754,Kinglake National Park
230,32002004844,31/01/02,19.00.00,3,Struck animal,5,Thursday,167,STRUCK ANIMAL                        ,VCS,9,33,D,6,2,Dusk/Dawn,1,1,1,0,0,0,1,5,Not at intersection,2,100,162755,N,2562185.234,2577968.627,MOIRA,NORTH EASTERN REGION,RURAL_VICTORIA,-36.29527,145.69234,3646,Lower Goulburn National Park
231,32002006340,10/02/02,22.50.00,3,Struck animal,1,Sunday,167,STRUCK ANIMAL                        ,VCS,9,22,D,9,5,Dark No street lights,1,2,0,2,0,0,1,5,Not at intersection,3,100,162761,N,2516198.709,2611047.409,MOIRA,NORTH EASTERN REGION,RURAL_VICTORIA,-35.99905,145.17966,3638,Barmah National Park
232,32002007716,19/02/02,07.00.00,3,Struck animal,3,Tuesday,167,STRUCK ANIMAL                        ,VCS,9,604,K,5,2,Dusk/Dawn,1,1,0,1,0,0,2,5,Not at intersection,3,100,20476,N,2441631.779,2532786.7,BENDIGO,NORTHERN REGION,RURAL_VICTORIA,-36.70271,144.3467,3551,Greater Bendigo National Park
233,32002007943,01/03/02,06.30.00,3,Struck animal,6,Friday,167,STRUCK ANIMAL                        ,VCS,9,33,C,4,2,Dusk/Dawn,1,1,0,1,0,0,1,5,Not at intersection,3,100,162770,N,2556617.606,2593262.343,MOIRA,NORTH EASTERN REGION,RURAL_VICTORIA,-36.15779,145.62923,3636,Lower Goulburn National Park