,ACCIDENT_NO,ACCIDENT_DATE,ACCIDENT_TIME,ACCIDENT_TYPE,ACCIDENT_TYPE_DESC,DAY_OF_WEEK,DAY_WEEK_DESC,DCA_CODE,DCA_DESC,DIRECTORY,EDITION,PAGE,GRID_REFERENCE_X,GRID_REFERENCE_Y,LIGHT_CONDITION,LIGHT_CONDITION_DESC,NO_OF_VEHICLES,NO_PERSONS,NO_PERSONS_INJ_2,NO_PERSONS_INJ_3,NO_PERSONS_KILLED,NO_PERSONS_NOT_INJ,POLICE_ATTEND,ROAD_GEOMETRY,ROAD_GEOMETRY_DESC,SEVERITY,SPEED_ZONE,NODE_ID,NODE_TYPE,AMG_X,AMG_Y,LG_AREA_NAME,REGION_NAME,DEG_URBAN_NAME,LATITUDE,LONGITUDE,POSTCODE,NEAREST_NATIONAL_PARK_NAME
234,32002008856,11/03/02,06.30.00,3,Struck animal,2,Monday,167,STRUCK ANIMAL                        ,VCS,9,31,E,4,5,Dark No street lights,1,1,0,1,0,0,1,5,Not at intersection,3,100,168274,N,2481792.043,2592924.086,CAMPASPE,NORTHERN REGION,RURAL_VICTORIA,-36.16235,144.79763,3564,Barmah National Park
235,32002008925,27/02/02,17.15.00,3,Struck animal,4,Wednesday,167,STRUCK ANIMAL                        ,VCS,9,417,G,11,1,Day,1,1,1,0,0,0,2,5,Not at intersection,2,100,137373,O,2509234.597,2453315.746,WHITTLESEA,METROPOLITAN NORTH WEST REGION,RURAL_VICTORIA,-37.42066,145.10434,3757,Kinglake National Park
236,32002009535,11/03/02,11.30.00,3,Struck animal,2,Monday,167,STRUCK ANIMAL                        ,VCS,9,45,D,9,1,Day,1,2,0,2,0,0,2,5,Not at intersection,3,100,169566,N,2476730.975,2505383.153,BENDIGO,NORTHERN REGION,RURAL_VICTORIA,-36.9512,144.73871,3523,Heathcote-Graytown National Park
237,32002011672,31/03/02,21.20.00,3,Struck animal,1,Sunday,167,STRUCK ANIMAL                        ,VCS,9,600,B,11,5,Dark No street lights,1,1,1,0,0,0,1,5,Not at intersection,2,100,168278,N,2437788.634,2535674.414,BENDIGO,NORTHERN REGION,RURAL_VICTORIA,-36.67644,144.30392,3551,Greater Bendigo National Park
238,32002011681,24/03/02,00.50.00,3,Struck animal,1,Sunday,167,STRUCK ANIMAL                        ,VCS,9,613,L,12,5,Dark No street lights,1,2,1,1,0,0,1,5,Not at intersection,2,100,169580,N,2431962.2,2517711.273,BENDIGO,NORTHERN REGION,RURAL_VICTORIA,-36.83792,144.23713,3555,Greater Bendigo National Park
239,32002015271,13/04/02,13.00.00,3,Struck animal,7,Saturday,167,STRUCK ANIMAL                        ,VCS,9,8,C,6,1,Day,1,1,0,1,0,0,2,5,Not at intersection,3,100,19891,N,2326049.866,2746313.076,SWAN HILL,NORTHERN REGION,RURAL_VICTORIA,-34.76469,143.10093,3599,Hattah - Kulkyne National Park
240,32002017293,18/04/02,18.50.00,3,Struck animal,5,Thursday,167,STRUCK ANIMAL                        ,VCS,9,606,J,10,5,Dark No street lights,2,5,0,0,1,4,1,5,Not at intersection,1,60,169619,N,2431014.4,2524472.226,BENDIGO,NORTHERN REGION,RURAL_VICTORIA,-36.77692,144.22711,3551,Greater Bendigo National Park
241,32002017811,20/05/02,17.45.00,3,Struck animal,2,Monday,167,STRUCK ANIMAL                        ,VCS,9,45,D,6,2,Dusk/Dawn,1,2,0,2,0,0,1,5,Not at intersection,3,100,169623,N,2472585.376,2527236.806,CAMPASPE,NORTHERN REGION,RURAL_VICTORIA,-36.75413,144.69295,3551,Heathcote-Graytown National Park
242,32002018720,23/05/02,17.30.00,3,Struck animal,5,Thursday,167,STRUCK ANIMAL                        ,VCS,9,3,F,7,2,Dusk/Dawn,1,1,1,0,0,0,2,5,Not at intersection,2,100,188111,N,2248308.297,2791425.592,MILDURA,WESTERN REGION,RURAL_VICTORIA,-34.34141,142.26674,3496,Hattah - Kulkyne National Park
243,32002018820,31/05/02,18.45.00,3,Struck animal,6,Friday,167,STRUCK ANIMAL                        ,VCS,9,426,B,4,5,Dark No street lights,1,4,1,0,3,0,1,5,Not at intersection,1,100,138617,N,2478924.203,2442949.697,HUME,METROPOLITAN NORTH WEST REGION,RURAL_VICTORIA,-37.51388,144.76158,3429,Organ Pipes National Park
244,32002018883,26/05/02,05.20.00,3,Struck animal,1,Sunday,167,STRUCK ANIMAL                        ,VCS,9,59,B,2,5,Dark No street lights,1,1,0,1,0,0,2,5,Not at intersection,3,100,169629,N,2415589.338,2493963.589,MOUNT ALEXANDER,NORTHERN REGION,RURAL_VICTORIA,-37.05061,144.0509,3462,Greater Bendigo National Park
245,32002023110,03/07/02,18.30.00,3,Struck animal,4,Wednesday,167,STRUCK ANIMAL                        ,VCS,9,32,H,3,5,Dark No street lights,1,2,0,1,0,1,1,5,Not at intersection,3,100,162814,N,2538901.45,2603375.232,MOIRA,NORTH EASTERN REGION,RURAL_VICTORIA,-36.06754,145.43183,3636,Lower Goulburn National Park
246,32002026108,30/07/02,19.35.00,3,Struck animal,3,Tuesday,167,STRUCK ANIMAL                        ,MEL,40,363,B,12,5,Dark No street lights,1,3,3,0,0,0,1,5,Not at intersection,2,100,139654,N,2478827.839,2437448.795,HUME,METROPOLITAN NORTH WEST REGION,RURAL_VICTORIA,-37.56345,144.76034,3429,Organ Pipes National Park
247,32002026110,29/07/02,07.00.00,3,Struck animal,2,Monday,167,STRUCK ANIMAL                        ,MEL,40,352,J,7,2,Dusk/Dawn,2,2,0,2,0,0,1,5,Not at intersection,3,100,75530,N,2477953.432,2429665.163,HUME,METROPOLITAN NORTH WEST REGION,RURAL_VICTORIA,-37.63356,144.75021,3427,Organ Pipes National Park
248,32002028059,20/08/02,02.00.00,3,Struck animal,3,Tuesday,167,STRUCK ANIMAL                        ,VCS,9,59,C,3,5,Dark No street lights,1,1,0,1,0,0,1,5,Not at intersection,3,100,169683,N,2421960.132,2489065.698,MOUNT ALEXANDER,NORTHERN REGION,RURAL_VICTORIA,-37.0953,144.12202,3462,Greater Bendigo National Park
249,32002030906,09/09/02,00.05.00,3,Struck animal,2,Monday,167,STRUCK ANIMAL                        ,VCS,9,21,E,7,5,Dark No street lights,1,1,0,1,0,0,1,5,Not at intersection,3,100,169694,N,2427915.27,2624597.512,GANNAWARRA,NORTHERN REGION,RURAL_VICTORIA,-35.87435,144.2018,3568,Gunbower National Park
250,32002031692,13/09/02,19.30.00,3,Struck animal,6,Friday,167,STRUCK ANIMAL                        ,VCS,9,46,H,2,5,Dark No street lights,1,1,0,1,0,0,1,5,Not at intersection,3,100,162839,N,2538662.605,2550593.194,SHEPPARTON,NORTH EASTERN REGION,RURAL_VICTORIA,-36.54324,145.43184,3631,Lower Goulburn National Park
251,32002034010,29/09/02,05.00.00,3,Struck animal,1,Sunday,167,STRUCK ANIMAL                        ,VCS,9,33,A,4,5,Dark No street lights,1,1,0,1,0,0,2,5,Not at intersection,3,100,162846,N,2548960.054,2590419.785,MOIRA,NORTH EASTERN REGION,RURAL_VICTORIA,-36.18383,145.54431,3634,Lower Goulburn National Park
252,32002034468,14/10/02,19.05.00,3,Struck animal,2,Monday,167,STRUCK ANIMAL                        ,VCS,9,7,G,5,5,Dark No street lights,1,1,1,0,0,0,1,5,Not at intersection,2,100,168305,N,2306039.692,2752418.588,SWAN HILL,NORTHERN REGION,RURAL_VICTORIA,-34.7059,142.88402,3597,Hattah - Kulkyne National Park
253,32002035332,20/10/02,21.45.00,3,Struck animal,1,Sunday,167,STRUCK ANIMAL                        ,VCS,9,44,F,9,5,Dark No street lights,1,1,0,1,0,0,2,5,Not at intersection,3,100,169730,N,2433545.527,2502349.231,MOUNT ALEXANDER,NORTHERN REGION,RURAL_VICTORIA,-36.97648,144.25353,3453,Greater Bendigo National Park
254,32002036461,31/10/02,21.40.00,3,Struck animal,5,Thursday,167,STRUCK ANIMAL                        ,VCS,9,22,J,9,5,Dark No street lights,1,1,0,1,0,0,1,5,Not at intersection,3,100,18996,N,2541526.77,2614009.461,MOIRA,NORTH EASTERN REGION,RURAL_VICTORIA,-35.97159,145.4604,3640,Lower Goulburn National Park
255,32002037536,08/11/02,18.30.00,3,Struck animal,6,Friday,167,STRUCK ANIMAL                        ,VCS,9,31,C,3,1,Day,1,1,0,1,0,0,2,5,Not at intersection,3,100,169745,N,2466655.64,2600247.857,CAMPASPE,NORTHERN REGION,RURAL_VICTORIA,-36.09593,144.62972,3564,Terrick Terrick National Park
256,32002040070,29/11/02,05.20.00,3,Struck animal,6,Friday,167,STRUCK ANIMAL                        ,MEL,40,385,K,12,2,Dusk/Dawn,1,1,1,0,0,0,1,5,Not at intersection,2,100,141818,N,2489754.899,2432596.407,HUME,METROPOLITAN NORTH WEST REGION,RURAL_VICTORIA,-37.60736,144.88396,3059,Organ Pipes National Park
257,32002040312,02/12/02,10.25.00,3,Struck animal,2,Monday,167,STRUCK ANIMAL                        ,VCS,9,44,H,4,1,Day,1,1,1,0,0,0,1,5,Not at intersection,2,100,169768,N,2447379.353,2536250.603,BENDIGO,NORTHERN REGION,RURAL_VICTORIA,-36.67183,144.41127,3551,Greater Bendigo National Park
258,32003001960,05/01/03,13.30.00,3,Struck animal,1,Sunday,167,STRUCK ANIMAL                        ,VCS,9,2,H,7,1,Day,1,1,1,0,0,0,2,5,Not at intersection,2,100,182436,N,2223517.779,2789335.461,MILDURA,WESTERN REGION,RURAL_VICTORIA,-34.3535,141.99698,3501,Hattah - Kulkyne National Park
259,32003003999,21/01/03,21.40.00,3,Struck animal,3,Tuesday,167,STRUCK ANIMAL                        ,VCS,9,43,G,7,5,Dark No street lights,1,3,1,2,0,0,1,5,Not at intersection,2,100,169809,N,2405226.127,2517459.126,LODDON,NORTHERN REGION,RURAL_VICTORIA,-36.83789,143.93734,3463,Greater Bendigo National Park
260,32003005433,01/02/03,20.30.00,3,Struck animal,7,Saturday,167,STRUCK ANIMAL                        ,VCS,9,44,D,6,2,Dusk/Dawn,1,1,1,0,0,0,2,5,Not at intersection,2,100,19719,N,2425510.342,2524046.759,BENDIGO,NORTHERN REGION,RURAL_VICTORIA,-36.78034,144.16541,3515,Greater Bendigo National Park
261,32003011423,05/04/03,19.00.00,3,Struck animal,7,Saturday,167,STRUCK ANIMAL                        ,VCS,9,20,H,5,2,Dusk/Dawn,1,2,0,1,0,1,1,5,Not at intersection,3,100,169852,N,2405794.181,2644663.916,GANNAWARRA,NORTHERN REGION,RURAL_VICTORIA,-35.69159,143.9593,3579,Gunbower National Park
262,32003012000,03/04/03,03.25.00,3,Struck animal,5,Thursday,167,STRUCK ANIMAL                        ,VCS,9,44,H,4,5,Dark No street lights,1,1,0,1,0,0,2,5,Not at intersection,3,90,168329,N,2446774.023,2538224.838,BENDIGO,NORTHERN REGION,RURAL_VICTORIA,-36.654,144.40464,3551,Greater Bendigo National Park
263,32003013905,28/03/03,20.30.00,3,Struck animal,6,Friday,167,STRUCK ANIMAL                        ,VCS,9,33,A,6,5,Dark No street lights,1,2,0,2,0,0,1,5,Not at intersection,3,100,162917,N,2546876.578,2581647.999,SHEPPARTON,NORTH EASTERN REGION,RURAL_VICTORIA,-36.26299,145.52168,3634,Lower Goulburn National Park
264,32003016073,22/04/03,17.00.00,3,Struck animal,3,Tuesday,167,STRUCK ANIMAL                        ,VCS,9,426,C,4,2,Dusk/Dawn,1,1,0,1,0,0,2,5,Not at intersection,3,100,143879,N,2481271.673,2443970.035,HUME,METROPOLITAN NORTH WEST REGION,RURAL_VICTORIA,-37.50474,144.78816,3430,Organ Pipes National Park
265,32003018941,26/04/03,19.30.00,3,Struck animal,7,Saturday,167,STRUCK ANIMAL                        ,VCS,9,32,E,8,5,Dark No street lights,1,8,1,1,0,6,1,5,Not at intersection,2,100,162930,N,2518874.637,2564795.824,SHEPPARTON,NORTH EASTERN REGION,RURAL_VICTORIA,-36.41584,145.21047,3616,Lower Goulburn National Park
266,32003019844,12/06/03,20.30.00,3,Struck animal,5,Thursday,167,STRUCK ANIMAL                        ,VCS,9,30,D,5,5,Dark No street lights,2,4,0,4,0,0,1,1,Cross intersection,3,100,53151,I,2421906.151,2588516.253,LODDON,NORTHERN REGION,RURAL_VICTORIA,-36.19904,144.13162,3573,Terrick Terrick National Park
267,32003019863,14/06/03,20.00.00,3,Struck animal,7,Saturday,167,STRUCK ANIMAL                        ,VCS,9,414,E,1,5,Dark No street lights,1,2,0,1,0,1,1,5,Not at intersection,3,100,188926,N,2449104.577,2473319.583,MACEDON RANGES,NORTHERN REGION,RURAL_VICTORIA,-37.23906,144.42633,3444,Organ Pipes National Park
268,32003021234,22/06/03,18.00.00,3,Struck animal,1,Sunday,167,STRUCK ANIMAL                        ,VCS,9,43,C,4,2,Dusk/Dawn,1,1,1,0,0,0,2,5,Not at intersection,2,100,185996,N,2382564.492,2536412.835,LODDON,NORTHERN REGION,RURAL_VICTORIA,-36.66453,143.6862,3517,Kara Kara National Park
269,32003021649,01/07/03,05.00.00,3,Struck animal,3,Tuesday,167,STRUCK ANIMAL                        ,VCS,9,33,H,2,5,Dark No street lights,1,1,1,0,0,0,1,5,Not at intersection,2,100,186093,N,2587288.978,2605985.419,MOIRA,NORTH EASTERN REGION,RURAL_VICTORIA,-36.0408,145.96864,3730,Warby-Ovens National Park
270,32003021687,26/06/03,07.15.00,3,Struck animal,5,Thursday,167,STRUCK ANIMAL                        ,VCS,9,59,F,3,2,Dusk/Dawn,1,1,0,1,0,0,2,5,Not at intersection,3,100,186000,N,2438628.977,2488110.008,MOUNT ALEXANDER,NORTHERN REGION,RURAL_VICTORIA,-37.10515,144.30947,3448,Greater Bendigo National Park
271,32003021868,26/06/03,20.50.00,3,Struck animal,5,Thursday,167,STRUCK ANIMAL                        ,VCS,9,609,Q,8,5,Dark No street lights,1,3,0,1,0,2,2,5,Not at intersection,3,100,186055,N,2444535.225,2525086.197,BENDIGO,NORTHERN REGION,RURAL_VICTORIA,-36.77228,144.37864,3551,Greater Bendigo National Park
272,32003022072,07/06/03,13.30.00,3,Struck animal,7,Saturday,167,STRUCK ANIMAL                        ,VCS,9,33,E,7,1,Day,1,1,0,1,0,0,2,5,Not at intersection,3,100,186162,N,2571171.575,2570973.442,BENALLA,NORTH EASTERN REGION,RURAL_VICTORIA,-36.35768,145.79304,3725,Warby-Ovens National Park
273,32003024304,26/06/03,20.45.00,3,Struck animal,5,Thursday,167,STRUCK ANIMAL                        ,VCS,9,44,J,8,4,Dark Street lights off,1,3,0,1,0,2,1,5,Not at intersection,3,100,149546,N,2455107.444,2511425.233,BENDIGO,NORTHERN REGION,RURAL_VICTORIA,-36.89596,144.49626,3551,Greater Bendigo National Park
274,32003025443,19/07/03,17.30.00,3,Struck animal,7,Saturday,167,STRUCK ANIMAL                        ,VCS,9,414,F,9,2,Dusk/Dawn,1,1,0,1,0,0,2,5,Not at intersection,3,100,186019,N,2450931.408,2458543.331,MACEDON RANGES,NORTHERN REGION,RURAL_VICTORIA,-37.37231,144.44595,3442,Organ Pipes National Park
275,32003025601,12/07/03,23.30.00,3,Struck animal,7,Saturday,167,STRUCK ANIMAL                        ,VCS,9,32,H,7,5,Dark No street lights,1,3,0,1,0,2,2,5,Not at intersection,3,100,186100,N,2537646.092,2575726.53,SHEPPARTON,NORTH EASTERN REGION,RURAL_VICTORIA,-36.31677,145.41925,3633,Lower Goulburn National Park
276,32003028931,25/08/03,22.00.00,3,Struck animal,2,Monday,167,STRUCK ANIMAL                        ,VCS,9,46,C,2,5,Dark No street lights,1,2,0,1,0,1,2,5,Not at intersection,3,100,158217,N,2506350.603,2552490.917,CAMPASPE,NORTHERN REGION,RURAL_VICTORIA,-36.52691,145.07092,3612,Heathcote-Graytown National Park
277,32003030083,30/08/03,17.30.00,3,Struck animal,7,Saturday,167,STRUCK ANIMAL                        ,VCS,9,414,B,3,2,Dusk/Dawn,1,1,1,0,0,0,2,5,Not at intersection,2,100,158219,N,2442285.475,2470549.228,MACEDON RANGES,NORTHERN REGION,RURAL_VICTORIA,-37.26363,144.34926,3444,Organ Pipes National Park
278,32003030116,09/09/03,20.30.00,3,Struck animal,3,Tuesday,167,STRUCK ANIMAL                        ,VCS,9,538,D,10,5,Dark No street lights,1,1,1,0,0,0,1,5,Not at intersection,2,100,15167,N,2239896.751,2794436.71,MILDURA,WESTERN REGION,RURAL_VICTORIA,-34.31209,142.17641,3496,Hattah - Kulkyne National Park
279,32003030485,11/09/03,19.10.00,3,Struck animal,5,Thursday,167,STRUCK ANIMAL                        ,VCS,9,20,F,4,5,Dark No street lights,1,1,1,0,0,0,1,5,Not at intersection,2,100,149552,N,2397460.839,2647180.898,GANNAWARRA,NORTHERN REGION,RURAL_VICTORIA,-35.66805,143.86758,3579,Gunbower National Park
280,32003030646,14/09/03,04.15.00,3,Struck animal,1,Sunday,167,STRUCK ANIMAL                        ,VCS,9,415,G,2,5,Dark No street lights,1,1,0,1,0,0,1,5,Not at intersection,3,100,151868,N,2472418.748,2471720.977,MACEDON RANGES,NORTHERN REGION,RURAL_VICTORIA,-37.25444,144.68906,3435,Organ Pipes National Park
281,32003031620,22/09/03,16.45.00,3,Struck animal,2,Monday,167,STRUCK ANIMAL                        ,VCS,9,31,F,5,1,Day,1,1,1,0,0,0,2,5,Not at intersection,2,100,149641,N,2488373.993,2587572.798,CAMPASPE,NORTHERN REGION,RURAL_VICTORIA,-36.21068,144.8707,3564,Barmah National Park
282,32003031927,24/09/03,21.50.00,3,Struck animal,4,Wednesday,167,STRUCK ANIMAL                        ,MEL,40,387,G,10,5,Dark No street lights,1,1,0,1,0,0,1,5,Not at intersection,3,100,221371,N,2496338.582,2433310.96,WHITTLESEA,METROPOLITAN NORTH WEST REGION,RURAL_VICTORIA,-37.60097,144.95853,3750,Organ Pipes National Park
283,32003032236,25/02/03,20.45.00,3,Struck animal,3,Tuesday,167,STRUCK ANIMAL                        ,VCS,9,535,U,11,5,Dark No street lights,1,1,0,1,0,0,1,5,Not at intersection,3,80,149534,N,2240240.341,2805612.277,MILDURA,WESTERN REGION,RURAL_VICTORIA,-34.21157,142.18373,3501,Hattah - Kulkyne National Park
284,32003032795,03/10/03,12.32.00,3,Struck animal,6,Friday,167,STRUCK ANIMAL                        ,VCS,9,59,F,3,1,Day,1,1,0,1,0,0,1,5,Not at intersection,3,100,149562,N,2437752.673,2488260.294,MOUNT ALEXANDER,NORTHERN REGION,RURAL_VICTORIA,-37.10374,144.29962,3448,Greater Bendigo National Park
285,32003036283,01/11/03,10.00.00,3,Struck animal,7,Saturday,167,STRUCK ANIMAL                        ,VCS,9,424,H,3,1,Day,1,1,0,1,0,0,2,5,Not at intersection,3,100,151872,N,2453806.672,2445377.117,MACEDON RANGES,NORTHERN REGION,RURAL_VICTORIA,-37.4911,144.4776,3437,Organ Pipes National Park
286,32003036630,05/11/03,19.00.00,3,Struck animal,4,Wednesday,167,STRUCK ANIMAL                        ,VCS,9,3,E,5,2,Dusk/Dawn,1,1,0,1,0,0,1,1,Cross intersection,3,100,53773,I,2242792.861,2803181.779,MILDURA,WESTERN REGION,RURAL_VICTORIA,-34.23413,142.21061,3498,Hattah - Kulkyne National Park
287,32003039785,02/11/03,16.30.00,3,Struck animal,1,Sunday,167,STRUCK ANIMAL                        ,VCS,9,22,H,7,1,Day,1,1,1,0,0,0,2,5,Not at intersection,2,999,188010,N,2536768.327,2627247.94,MOIRA,NORTH EASTERN REGION,RURAL_VICTORIA,-35.85247,145.40702,3641,Barmah National Park
288,32003040608,02/12/03,07.30.00,3,Struck animal,3,Tuesday,167,STRUCK ANIMAL                        ,VCS,9,3,E,5,1,Day,1,1,0,0,1,0,1,1,Cross intersection,1,60,53773,I,2242792.861,2803181.779,MILDURA,WESTERN REGION,RURAL_VICTORIA,-34.23413,142.21061,3498,Hattah - Kulkyne National Park
289,32003040970,29/11/03,12.15.00,3,Struck animal,7,Saturday,167,STRUCK ANIMAL                        ,VCS,9,428,B,3,1,Day,1,1,0,1,0,0,2,5,Not at intersection,3,60,146145,N,2514643.28,2444001.69,WHITTLESEA,METROPOLITAN NORTH WEST REGION,RURAL_VICTORIA,-37.50452,145.16563,3757,Kinglake National Park
290,32004000236,21/12/03,22.20.00,3,Struck animal,1,Sunday,167,STRUCK ANIMAL                        ,VCS,9,425,F,2,5,Dark No street lights,1,1,1,0,0,0,1,5,Not at intersection,2,100,151880,N,2471307.155,2446641.815,MACEDON RANGES,NORTHERN REGION,RURAL_VICTORIA,-37.48041,144.67556,3431,Organ Pipes National Park
291,32004002385,05/01/04,10.50.00,3,Struck animal,2,Monday,167,STRUCK ANIMAL                        ,VCS,9,14,C,9,1,Day,1,1,0,1,0,0,2,5,Not at intersection,3,70,188943,N,2378626.149,2671549.378,SWAN HILL,NORTHERN REGION,SMALL_TOWNS,-35.44627,143.66337,3584,Gunbower National Park
292,32004004861,04/02/04,22.25.00,3,Struck animal,4,Wednesday,167,STRUCK ANIMAL                        ,VCS,9,32,B,5,5,Dark No street lights,1,1,0,1,0,0,1,5,Not at intersection,3,100,147363,N,2502047.688,2588861.084,CAMPASPE,NORTHERN REGION,RURAL_VICTORIA,-36.19914,145.02277,3620,Lower Goulburn National Park
293,32004005648,12/02/04,04.30.00,3,Struck animal,5,Thursday,167,STRUCK ANIMAL                        ,VCS,9,45,A,5,5,Dark No street lights,1,1,1,0,0,0,1,5,Not at intersection,2,100,147475,N,2456478.395,2530556.701,BENDIGO,NORTHERN REGION,RURAL_VICTORIA,-36.72361,144.51274,3557,Greater Bendigo National Park
294,32004007902,08/03/04,02.15.00,3,Struck animal,2,Monday,167,STRUCK ANIMAL                        ,VCS,9,674,C,7,5,Dark No street lights,1,1,0,1,0,0,1,5,Not at intersection,3,100,188975,N,2530327.696,2563569.094,SHEPPARTON,NORTH EASTERN REGION,RURAL_VICTORIA,-36.4266,145.33823,3629,Lower Goulburn National Park
295,32004008082,07/03/04,14.00.00,3,Struck animal,1,Sunday,167,STRUCK ANIMAL                        ,VCS,9,414,J,11,1,Day,1,1,0,1,0,0,2,5,Not at intersection,3,75,147916,N,2455545.827,2453662.695,MACEDON RANGES,NORTHERN REGION,RURAL_VICTORIA,-37.41653,144.49776,3437,Organ Pipes National Park
296,32004010936,28/03/04,17.15.00,3,Struck animal,1,Sunday,167,STRUCK ANIMAL                        ,VCS,9,32,E,2,1,Day,1,3,0,1,0,2,1,5,Not at intersection,3,100,188985,N,2522637.394,2606661.265,MOIRA,NORTH EASTERN REGION,RURAL_VICTORIA,-36.03845,145.2512,3638,Lower Goulburn National Park
297,32004012695,06/03/04,06.35.00,3,Struck animal,7,Saturday,167,STRUCK ANIMAL                        ,VCS,9,32,E,8,5,Dark No street lights,5,9,2,3,0,4,1,5,Not at intersection,2,100,188991,N,2519877.64,2564971.378,SHEPPARTON,NORTH EASTERN REGION,RURAL_VICTORIA,-36.41424,145.22165,3616,Lower Goulburn National Park
298,32004013230,19/04/04,20.45.00,3,Struck animal,2,Monday,167,STRUCK ANIMAL                        ,VCS,9,537,L,8,5,Dark No street lights,1,1,1,0,0,0,1,5,Not at intersection,2,100,188995,N,2227710.547,2810914.644,MILDURA,WESTERN REGION,RURAL_VICTORIA,-34.16043,142.04975,3505,Hattah - Kulkyne National Park
299,32004016460,14/05/04,21.00.00,3,Struck animal,6,Friday,167,STRUCK ANIMAL                        ,VCS,9,27,G,3,5,Dark No street lights,1,1,0,1,0,0,1,5,Not at intersection,3,100,189013,N,2309449.403,2599068.352,BULOKE,NORTHERN REGION,RURAL_VICTORIA,-36.08806,142.88403,3482,Kara Kara National Park
300,32004016537,14/05/04,18.05.00,3,Struck animal,6,Friday,167,STRUCK ANIMAL                        ,MEL,40,677,G,3,3,Dark Street lights on,1,2,2,0,0,0,1,5,Not at intersection,2,100,148913,N,2461436.419,2445824.505,MACEDON RANGES,NORTHERN REGION,RURAL_VICTORIA,-37.48742,144.56391,3437,Organ Pipes National Park
301,32004021296,12/06/04,17.30.00,3,Struck animal,7,Saturday,167,STRUCK ANIMAL                        ,VCS,9,4,J,2,2,Dusk/Dawn,1,1,1,0,0,0,1,5,Not at intersection,2,100,186468,N,2172931.912,2766845.427,MILDURA,WESTERN REGION,RURAL_VICTORIA,-34.54024,141.43887,3496,Murray - Sunset National Park
302,32004025179,30/07/04,19.10.00,3,Struck animal,6,Friday,167,STRUCK ANIMAL                        ,VCS,9,32,B,9,5,Dark No street lights,1,2,0,2,0,0,1,5,Not at intersection,3,100,187056,N,2502363.418,2561958.227,CAMPASPE,NORTHERN REGION,RURAL_VICTORIA,-36.4416,145.02636,3623,Lower Goulburn National Park
303,32004026924,29/07/04,19.10.00,3,Struck animal,5,Thursday,167,STRUCK ANIMAL                        ,VCS,9,59,F,5,5,Dark No street lights,1,1,0,1,0,0,2,5,Not at intersection,3,100,187872,N,2434989.749,2475979.093,HEPBURN,WESTERN REGION,RURAL_VICTORIA,-37.21422,144.26747,3461,Brisbane Ranges National Park
304,32004028053,07/08/04,17.00.00,3,Struck animal,7,Saturday,167,STRUCK ANIMAL                        ,VCS,9,5,C,2,1,Day,1,1,1,0,0,0,1,5,Not at intersection,2,100,187673,N,2193294.722,2767332.525,MILDURA,WESTERN REGION,RURAL_VICTORIA,-34.54251,141.66058,3496,Murray - Sunset National Park
305,32004029284,03/09/04,18.45.00,3,Struck animal,6,Friday,167,STRUCK ANIMAL                        ,VCS,9,60,A,3,5,Dark No street lights,2,2,0,0,1,1,1,5,Not at intersection,1,100,187768,N,2456547.939,2492201.912,MOUNT ALEXANDER,NORTHERN REGION,RURAL_VICTORIA,-37.06927,144.51132,3444,Heathcote-Graytown National Park
306,32004031651,19/09/04,16.30.00,3,Struck animal,1,Sunday,167,STRUCK ANIMAL                        ,VCS,9,45,E,6,1,Day,1,1,0,1,0,0,2,5,Not at intersection,3,999,188520,N,2482209.283,2526039.773,STRATHBOGIE,NORTH EASTERN REGION,RURAL_VICTORIA,-36.76515,144.80071,3523,Heathcote-Graytown National Park
307,32004031749,22/09/04,05.20.00,3,Struck animal,4,Wednesday,167,STRUCK ANIMAL                        ,VCS,9,43,H,2,5,Dark No street lights,1,1,0,1,0,0,1,5,Not at intersection,3,100,188451,N,2406313.398,2554696.639,LODDON,NORTHERN REGION,RURAL_VICTORIA,-36.50241,143.95411,3517,Terrick Terrick National Park
308,32004032966,01/10/04,04.15.00,3,Struck animal,6,Friday,167,STRUCK ANIMAL                        ,VCS,9,634,A,9,4,Dark Street lights off,1,1,0,1,0,0,1,5,Not at intersection,3,110,191575,N,2459533.965,2452915.2,MACEDON RANGES,NORTHERN REGION,RURAL_VICTORIA,-37.42344,144.54278,3440,Organ Pipes National Park
309,32004037308,11/11/04,18.40.00,3,Struck animal,5,Thursday,167,STRUCK ANIMAL                        ,VCS,9,1,H,8,1,Day,1,2,0,2,0,0,1,5,Not at intersection,3,100,193206,N,2169308.397,2782134.707,MILDURA,WESTERN REGION,RURAL_VICTORIA,-34.4014,141.40574,3496,Murray - Sunset National Park
310,32004040676,04/12/04,00.30.00,3,Struck animal,7,Saturday,167,STRUCK ANIMAL                        ,MEL,40,385,K,12,5,Dark No street lights,1,1,0,1,0,0,2,5,Not at intersection,3,80,194034,N,2489777.441,2432492.041,HUME,METROPOLITAN NORTH WEST REGION,RURAL_VICTORIA,-37.6083,144.88421,3059,Organ Pipes National Park
311,32004041177,05/06/04,21.00.00,3,Struck animal,7,Saturday,167,STRUCK ANIMAL                        ,VCS,9,13,G,3,6,Dark Street lights unknown,1,3,0,2,0,1,2,5,Not at intersection,3,100,194057,N,2348412.907,2709647.111,SWAN HILL,NORTHERN REGION,RURAL_VICTORIA,-35.09874,143.33804,3596,Hattah - Kulkyne National Park