,ACCIDENT_NO,ACCIDENT_DATE,ACCIDENT_TIME,ACCIDENT_TYPE,ACCIDENT_TYPE_DESC,DAY_OF_WEEK,DAY_WEEK_DESC,DCA_CODE,DCA_DESC,DIRECTORY,EDITION,PAGE,GRID_REFERENCE_X,GRID_REFERENCE_Y,LIGHT_CONDITION,LIGHT_CONDITION_DESC,NO_OF_VEHICLES,NO_PERSONS,NO_PERSONS_INJ_2,NO_PERSONS_INJ_3,NO_PERSONS_KILLED,NO_PERSONS_NOT_INJ,POLICE_ATTEND,ROAD_GEOMETRY,ROAD_GEOMETRY_DESC,SEVERITY,SPEED_ZONE,NODE_ID,NODE_TYPE,AMG_X,AMG_Y,LG_AREA_NAME,REGION_NAME,DEG_URBAN_NAME,LATITUDE,LONGITUDE,POSTCODE,NEAREST_NATIONAL_PARK_NAME
312,32005000614,23/12/04,23.40.00,3,Struck animal,5,Thursday,167,STRUCK ANIMAL                        ,VCS,9,417,G,13,5,Dark No street lights,1,1,0,1,0,0,1,5,Not at intersection,3,100,194454,N,2508542.268,2448494.751,WHITTLESEA,METROPOLITAN NORTH WEST REGION,RURAL_VICTORIA,-37.46411,145.09657,3757,Kinglake National Park
313,32005002766,02/01/05,12.00.00,3,Struck animal,1,Sunday,167,STRUCK ANIMAL                        ,VCS,9,30,G,9,1,Day,1,1,1,0,0,0,2,5,Not at intersection,2,100,194837,N,2442639.109,2555523.517,BENDIGO,NORTHERN REGION,RURAL_VICTORIA,-36.49786,144.35969,3570,Greater Bendigo National Park
314,32005003628,23/01/05,14.15.00,3,Struck animal,1,Sunday,167,STRUCK ANIMAL                        ,VCS,9,45,C,8,1,Day,1,1,0,1,0,0,2,5,Not at intersection,3,100,194894,N,2472224.294,2511045.337,BENDIGO,NORTHERN REGION,RURAL_VICTORIA,-36.90005,144.68831,3523,Heathcote-Graytown National Park
315,32005006707,10/02/05,10.30.00,3,Struck animal,5,Thursday,167,STRUCK ANIMAL                        ,VCS,9,44,G,8,1,Day,1,1,1,0,0,0,2,5,Not at intersection,2,100,195349,N,2443134.465,2508267.149,BENDIGO,NORTHERN REGION,RURAL_VICTORIA,-36.92378,144.36168,3444,Greater Bendigo National Park
316,32005010192,05/03/05,06.45.00,3,Struck animal,7,Saturday,167,STRUCK ANIMAL                        ,VCS,9,33,A,7,2,Dusk/Dawn,1,1,0,1,0,0,1,5,Not at intersection,3,100,195950,N,2549223.572,2572265.561,SHEPPARTON,NORTH EASTERN REGION,RURAL_VICTORIA,-36.34743,145.5484,3631,Lower Goulburn National Park
317,32005010903,07/03/05,08.30.00,3,Struck animal,2,Monday,167,STRUCK ANIMAL                        ,MEL,40,178,C,6,1,Day,1,1,0,1,0,0,2,5,Not at intersection,3,100,196061,N,2487083.509,2429921.33,HUME,METROPOLITAN NORTH WEST REGION,RURAL_VICTORIA,-37.63143,144.85366,3059,Organ Pipes National Park
318,32005011469,24/03/05,09.40.00,3,Struck animal,5,Thursday,167,STRUCK ANIMAL                        ,VCS,9,22,C,9,1,Day,1,1,0,1,0,0,2,5,Not at intersection,3,100,196194,N,2508854.652,2614207.613,MOIRA,NORTH EASTERN REGION,RURAL_VICTORIA,-35.97066,145.09817,3639,Barmah National Park
319,32005013615,04/04/05,19.00.00,3,Struck animal,2,Monday,167,STRUCK ANIMAL                        ,VCS,9,21,G,8,5,Dark No street lights,1,1,0,1,0,0,1,5,Not at intersection,3,100,196519,N,2439604.889,2618802.593,GANNAWARRA,NORTHERN REGION,RURAL_VICTORIA,-35.92738,144.33078,3567,Gunbower National Park
320,32005014431,16/04/05,00.30.00,3,Struck animal,7,Saturday,167,STRUCK ANIMAL                        ,VCS,9,32,F,7,5,Dark No street lights,1,1,1,0,0,0,1,5,Not at intersection,2,100,196703,N,2526518.907,2570674.964,SHEPPARTON,NORTH EASTERN REGION,RURAL_VICTORIA,-36.36267,145.29551,3629,Lower Goulburn National Park
321,32005014583,03/04/05,11.00.00,3,Struck animal,1,Sunday,167,STRUCK ANIMAL                        ,VCS,9,7,B,6,1,Day,1,2,1,1,0,0,1,5,Not at intersection,2,100,196748,N,2280790.231,2741312.641,SWAN HILL,NORTHERN REGION,RURAL_VICTORIA,-34.80053,142.60563,3549,Hattah - Kulkyne National Park
322,32005018010,05/05/05,18.10.00,3,Struck animal,5,Thursday,167,STRUCK ANIMAL                        ,VCS,9,673,U,2,5,Dark No street lights,3,3,2,1,0,0,1,5,Not at intersection,2,100,197465,N,2538972.253,2572305.901,SHEPPARTON,NORTH EASTERN REGION,RURAL_VICTORIA,-36.34754,145.43419,3631,Lower Goulburn National Park
323,32005018942,25/05/05,07.30.00,3,Struck animal,4,Wednesday,167,STRUCK ANIMAL                        ,VCS,9,6,G,2,2,Dusk/Dawn,2,7,2,3,0,2,1,5,Not at intersection,2,100,197493,N,2255240.447,2768909.18,MILDURA,WESTERN REGION,RURAL_VICTORIA,-34.5459,142.33513,3494,Hattah - Kulkyne National Park
324,32005019074,18/05/05,21.55.00,3,Struck animal,4,Wednesday,167,STRUCK ANIMAL                        ,VCS,9,33,A,2,5,Dark No street lights,1,1,0,1,0,0,2,5,Not at intersection,3,100,197503,N,2549433.01,2608741.592,MOIRA,NORTH EASTERN REGION,RURAL_VICTORIA,-36.01868,145.54839,3640,Lower Goulburn National Park
325,32005020149,14/05/05,06.40.00,3,Struck animal,7,Saturday,167,STRUCK ANIMAL                        ,VCS,9,45,D,9,2,Dusk/Dawn,1,1,0,1,0,0,2,5,Not at intersection,3,100,197747,N,2474956.947,2503491.216,BENDIGO,NORTHERN REGION,RURAL_VICTORIA,-36.9682,144.71873,3523,Heathcote-Graytown National Park
326,32005021226,21/05/05,22.30.00,3,Struck animal,7,Saturday,167,STRUCK ANIMAL                        ,VCS,9,23,C,9,5,Dark No street lights,1,3,0,2,0,1,1,5,Not at intersection,3,999,197889,N,2557426.395,2611053.37,MOIRA,NORTH EASTERN REGION,RURAL_VICTORIA,-35.9974,145.6369,3644,Lower Goulburn National Park
327,32005023420,03/07/05,17.45.00,3,Struck animal,1,Sunday,167,STRUCK ANIMAL                        ,VCS,9,21,C,6,2,Dusk/Dawn,1,3,1,0,1,1,1,5,Not at intersection,1,100,198204,N,2420581.924,2633454.054,GANNAWARRA,NORTHERN REGION,RURAL_VICTORIA,-35.79395,144.12151,3568,Gunbower National Park
328,32005023729,23/06/05,06.30.00,3,Struck animal,5,Thursday,167,STRUCK ANIMAL                        ,VCS,9,32,E,7,5,Dark No street lights,1,1,0,1,0,0,2,5,Not at intersection,3,100,198314,N,2520994.936,2569608.922,SHEPPARTON,NORTH EASTERN REGION,RURAL_VICTORIA,-36.37242,145.23398,3616,Lower Goulburn National Park
329,32005025045,14/07/05,19.15.00,3,Struck animal,5,Thursday,167,STRUCK ANIMAL                        ,VCS,9,33,A,6,5,Dark No street lights,1,1,0,1,0,0,1,5,Not at intersection,3,100,198532,N,2549594.556,2583060.475,SHEPPARTON,NORTH EASTERN REGION,RURAL_VICTORIA,-36.25012,145.55184,3634,Lower Goulburn National Park
330,32005025209,24/06/05,23.30.00,3,Struck animal,6,Friday,167,STRUCK ANIMAL                        ,VCS,9,31,B,5,6,Dark Street lights unknown,1,1,1,0,0,0,2,5,Not at intersection,2,100,198466,N,2461574.895,2588795.637,CAMPASPE,NORTHERN REGION,RURAL_VICTORIA,-36.19895,144.57273,3561,Terrick Terrick National Park
331,32005025213,14/07/05,19.15.00,3,Struck animal,5,Thursday,167,STRUCK ANIMAL                        ,VCS,9,32,E,9,5,Dark No street lights,1,1,0,1,0,0,1,5,Not at intersection,3,100,198469,N,2519965.662,2558343.146,SHEPPARTON,NORTH EASTERN REGION,RURAL_VICTORIA,-36.47397,145.2228,3616,Lower Goulburn National Park
332,32005028340,19/07/05,08.52.00,3,Struck animal,3,Tuesday,167,STRUCK ANIMAL                        ,VCS,9,59,E,2,1,Day,1,1,1,0,0,0,2,5,Not at intersection,2,100,199112,N,2433267.888,2496207.025,MOUNT ALEXANDER,NORTHERN REGION,RURAL_VICTORIA,-37.03181,144.24987,3451,Greater Bendigo National Park
333,32005028636,22/07/05,17.45.00,3,Struck animal,6,Friday,167,STRUCK ANIMAL                        ,VCS,9,613,U,12,2,Dusk/Dawn,1,1,0,1,0,0,2,5,Not at intersection,3,100,199046,N,2436721.41,2517381.952,BENDIGO,NORTHERN REGION,RURAL_VICTORIA,-36.84122,144.29046,3551,Greater Bendigo National Park
334,32005030604,27/08/05,18.40.00,3,Struck animal,7,Saturday,167,STRUCK ANIMAL                        ,MEL,40,246,C,3,5,Dark No street lights,1,2,0,1,0,1,1,5,Not at intersection,3,100,199419,N,2509157.491,2445513.489,WHITTLESEA,METROPOLITAN NORTH WEST REGION,RURAL_VICTORIA,-37.49097,145.10356,3757,Kinglake National Park
335,32005031135,30/08/05,19.00.00,3,Struck animal,3,Tuesday,167,STRUCK ANIMAL                        ,VCS,9,415,D,5,5,Dark No street lights,1,1,0,1,0,0,1,5,Not at intersection,3,100,199366,N,2466257.786,2464818.439,MACEDON RANGES,NORTHERN REGION,RURAL_VICTORIA,-37.31644,144.61929,3442,Organ Pipes National Park
336,32005034411,17/09/05,17.00.00,3,Struck animal,7,Saturday,167,STRUCK ANIMAL                        ,VCS,9,5,C,8,2,Dusk/Dawn,1,1,0,1,0,0,2,5,Not at intersection,3,100,199925,N,2194906.906,2727696.021,MILDURA,WESTERN REGION,RURAL_VICTORIA,-34.89986,141.663,3496,Murray - Sunset National Park
337,32005036118,28/09/05,21.00.00,3,Struck animal,4,Wednesday,167,STRUCK ANIMAL                        ,VCS,9,614,C,9,5,Dark No street lights,1,2,2,0,0,0,1,5,Not at intersection,2,100,200326,N,2437776.39,2519104.084,BENDIGO,NORTHERN REGION,RURAL_VICTORIA,-36.82577,144.30243,3551,Greater Bendigo National Park
338,32005038301,29/10/05,08.00.00,3,Struck animal,7,Saturday,167,STRUCK ANIMAL                        ,VCS,9,21,B,2,1,Day,1,1,1,0,0,0,2,5,Not at intersection,2,100,200691,N,2410562.921,2659248.212,GANNAWARRA,NORTHERN REGION,RURAL_VICTORIA,-35.56063,144.01364,3579,Gunbower National Park
339,42000004508,25/01/00,21.25.00,3,Struck animal,3,Tuesday,167,STRUCK ANIMAL                        ,VCS,9,35,H,5,5,Dark No street lights,1,1,0,1,0,0,2,5,Not at intersection,3,100,162990,N,2675488.904,2584212.419,WODONGA,NORTH EASTERN REGION,RURAL_VICTORIA,-36.22482,146.95215,3691,Chiltern-Mt Pilot National Park
340,42000006286,06/02/00,23.20.00,3,Struck animal,1,Sunday,167,STRUCK ANIMAL                        ,VCS,9,62,D,6,5,Dark No street lights,1,1,0,1,0,0,1,5,Not at intersection,3,100,163002,N,2562198.771,2465802.733,MURRINDINDI,NORTH EASTERN REGION,RURAL_VICTORIA,-37.30612,145.7017,3714,Lake Eildon National Park
341,42000006296,25/01/00,20.15.00,3,Struck animal,3,Tuesday,167,STRUCK ANIMAL                        ,VCS,9,418,F,13,2,Dusk/Dawn,1,1,0,1,0,0,2,5,Not at intersection,3,100,151901,N,2521480.535,2449440.895,MURRINDINDI,NORTH EASTERN REGION,RURAL_VICTORIA,-37.45538,145.24281,3757,Kinglake National Park
342,42000014256,19/04/00,19.00.00,3,Struck animal,4,Wednesday,167,STRUCK ANIMAL                        ,MEL,40,280,D,1,5,Dark No street lights,1,2,0,1,0,1,1,5,Not at intersection,3,100,128617,N,2530446.133,2422302.056,YARRA RANGES,METROPOLITAN SOUTH EAST REGION,RURAL_VICTORIA,-37.69967,145.34526,3770,Dandenong Ranges National Park
343,42000014652,21/04/00,22.15.00,3,Struck animal,6,Friday,167,STRUCK ANIMAL                        ,VCS,9,419,E,3,5,Dark No street lights,1,2,0,1,0,1,2,5,Not at intersection,3,100,163061,N,2541270.132,2467605.665,MURRINDINDI,NORTH EASTERN REGION,RURAL_VICTORIA,-37.29103,145.46549,3717,Kinglake National Park
344,42000014784,30/01/00,03.30.00,3,Struck animal,1,Sunday,167,STRUCK ANIMAL                        ,MEL,40,278,C,11,5,Dark No street lights,1,3,0,1,0,2,2,1,Cross intersection,3,100,36104,I,2545784.246,2422953.218,YARRA RANGES,METROPOLITAN SOUTH EAST REGION,RURAL_VICTORIA,-37.69318,145.51916,3777,Dandenong Ranges National Park
345,42000017476,17/03/00,19.35.00,3,Struck animal,6,Friday,167,STRUCK ANIMAL                        ,VCS,9,49,H,6,5,Dark No street lights,1,1,0,1,0,0,2,5,Not at intersection,3,60,188069,N,2676974.195,2523785.945,ALPINE,NORTH EASTERN REGION,SMALL_TOWNS,-36.76902,146.98266,3744,Mount Buffalo National Park
346,42000020291,13/06/00,06.35.00,3,Struck animal,3,Tuesday,167,STRUCK ANIMAL                        ,VCS,9,47,E,6,2,Dusk/Dawn,1,2,0,1,0,1,2,5,Not at intersection,3,100,163104,N,2568368.176,2527277.115,STRATHBOGIE,NORTH EASTERN REGION,RURAL_VICTORIA,-36.75169,145.76572,3669,Lake Eildon National Park
347,42000024002,30/06/00,17.40.00,3,Struck animal,6,Friday,167,STRUCK ANIMAL                        ,MEL,40,12,C,4,3,Dark Street lights on,1,2,0,1,0,1,2,5,Not at intersection,3,60,129225,N,2514466.478,2426016.629,NILLUMBIK,METROPOLITAN NORTH WEST REGION,RURAL_VICTORIA,-37.66659,145.16398,3089,Kinglake National Park
348,42000024561,14/07/00,23.15.00,3,Struck animal,6,Friday,167,STRUCK ANIMAL                        ,VCS,9,50,D,4,5,Dark No street lights,1,2,1,0,0,1,1,5,Not at intersection,2,80,163133,N,2690866.953,2533410.468,ALPINE,NORTH EASTERN REGION,RURAL_VICTORIA,-36.67959,147.13583,3697,Mount Buffalo National Park
349,42000024602,14/07/00,18.45.00,3,Struck animal,6,Friday,167,STRUCK ANIMAL                        ,VCS,9,61,B,5,5,Dark No street lights,1,2,0,2,0,0,1,5,Not at intersection,3,100,169935,N,2501827.529,2475359.153,MITCHELL,NORTHERN REGION,RURAL_VICTORIA,-37.22206,145.02059,3658,Kinglake National Park
350,42000024618,19/07/00,19.10.00,3,Struck animal,4,Wednesday,167,STRUCK ANIMAL                        ,VCS,9,63,D,3,5,Dark No street lights,1,23,5,1,0,17,1,5,Not at intersection,2,100,163134,N,2604761.678,2491637.772,MANSFIELD,NORTH EASTERN REGION,RURAL_VICTORIA,-37.06952,146.17822,3722,Lake Eildon National Park
351,42000027691,12/08/00,22.15.00,3,Struck animal,7,Saturday,167,STRUCK ANIMAL                        ,VCS,9,61,C,4,5,Dark No street lights,1,1,0,1,0,0,1,1,Cross intersection,3,110,60197,I,2506330.523,2480257.615,MITCHELL,NORTHERN REGION,RURAL_VICTORIA,-37.1779,145.0713,3658,Kinglake National Park
352,42000031424,06/09/00,08.50.00,3,Struck animal,4,Wednesday,167,STRUCK ANIMAL                        ,MEL,40,263,G,10,1,Day,1,2,0,1,0,1,2,5,Not at intersection,3,80,130315,N,2519901.098,2428273.28,NILLUMBIK,METROPOLITAN NORTH WEST REGION,RURAL_VICTORIA,-37.64615,145.22552,3759,Kinglake National Park
353,42000039651,03/12/00,16.15.00,3,Struck animal,1,Sunday,167,STRUCK ANIMAL                        ,VCS,9,428,K,6,1,Day,1,1,1,0,0,0,1,5,Not at intersection,2,100,111442,N,2529251.74,2437826.313,NILLUMBIK,METROPOLITAN NORTH WEST REGION,RURAL_VICTORIA,-37.55983,145.33111,3763,Kinglake National Park
354,42000039961,09/11/00,06.30.00,3,Struck animal,5,Thursday,167,STRUCK ANIMAL                        ,MEL,40,263,F,9,1,Day,1,1,0,1,0,0,2,5,Not at intersection,3,80,131475,N,2519446.673,2428754.51,NILLUMBIK,METROPOLITAN NORTH WEST REGION,RURAL_VICTORIA,-37.64183,145.22036,3759,Kinglake National Park
355,42001000462,16/12/00,04.35.00,3,Struck animal,7,Saturday,167,STRUCK ANIMAL                        ,VCS,9,645,P,4,5,Dark No street lights,1,1,1,0,0,0,1,5,Not at intersection,2,100,161838,N,2675637.451,2589459.061,WODONGA,NORTH EASTERN REGION,RURAL_VICTORIA,-36.17752,146.9526,3691,Chiltern-Mt Pilot National Park
356,42001005787,04/02/01,23.00.00,3,Struck animal,1,Sunday,167,STRUCK ANIMAL                        ,VCS,9,36,B,6,5,Dark No street lights,1,4,4,0,0,0,1,5,Not at intersection,2,100,163308,N,2682825.011,2575540.834,INDIGO,NORTH EASTERN REGION,RURAL_VICTORIA,-36.30157,147.03579,3691,Chiltern-Mt Pilot National Park
357,42001007671,22/02/01,19.30.00,3,Struck animal,5,Thursday,167,STRUCK ANIMAL                        ,VCS,9,417,G,8,1,Day,1,1,1,0,0,0,2,5,Not at intersection,2,60,151982,N,2508038.169,2458315.062,MITCHELL,NORTHERN REGION,RURAL_VICTORIA,-37.37562,145.09076,3658,Kinglake National Park
358,42001011381,29/03/01,19.15.00,3,Struck animal,5,Thursday,167,STRUCK ANIMAL                        ,VCS,9,80,C,7,5,Dark No street lights,1,1,0,1,0,0,1,5,Not at intersection,3,80,132856,N,2557702.967,2408298.275,YARRA RANGES,METROPOLITAN SOUTH EAST REGION,RURAL_VICTORIA,-37.82456,145.65545,3797,Dandenong Ranges National Park
359,42001011598,25/03/01,10.00.00,3,Struck animal,1,Sunday,167,STRUCK ANIMAL                        ,VCS,9,682,H,4,1,Day,1,1,1,0,0,0,2,5,Not at intersection,2,80,151993,N,2524392.723,2447429.583,MURRINDINDI,NORTH EASTERN REGION,SMALL_TOWNS,-37.47343,145.27579,3757,Kinglake National Park
360,42001014564,30/03/01,23.15.00,3,Struck animal,6,Friday,167,STRUCK ANIMAL                        ,VCS,9,37,A,1,5,Dark No street lights,1,1,1,0,0,0,2,5,Not at intersection,2,100,189049,N,2729428.852,2607909.375,TOWONG,NORTH EASTERN REGION,RURAL_VICTORIA,-35.99983,147.54488,3709,Burrowa - Pine Mountain National Park
361,42001015645,01/04/01,17.20.00,3,Struck animal,1,Sunday,167,STRUCK ANIMAL                        ,MEL,40,685,F,9,1,Day,1,4,0,4,0,0,1,5,Not at intersection,3,110,152009,N,2496045.388,2444584.087,MITCHELL,NORTHERN REGION,RURAL_VICTORIA,-37.49938,144.95527,3753,Organ Pipes National Park
362,42001015672,15/03/01,09.00.00,3,Struck animal,5,Thursday,167,STRUCK ANIMAL                        ,MEL,40,665,K,4,1,Day,2,2,0,1,0,1,2,5,Not at intersection,3,100,152010,N,2501517.295,2451822.32,MITCHELL,NORTHERN REGION,RURAL_VICTORIA,-37.43417,145.01715,3756,Kinglake National Park
363,42001016074,04/05/01,17.45.00,3,Struck animal,6,Friday,167,STRUCK ANIMAL                        ,VCS,9,35,F,6,5,Dark No street lights,1,1,0,1,0,0,1,5,Not at intersection,3,100,163381,N,2663568.457,2581229.509,INDIGO,NORTH EASTERN REGION,RURAL_VICTORIA,-36.25383,146.82021,3688,Chiltern-Mt Pilot National Park
364,42001016994,06/05/01,09.10.00,3,Struck animal,1,Sunday,167,STRUCK ANIMAL                        ,VCS,9,47,G,6,1,Day,1,1,0,1,0,0,2,5,Not at intersection,3,100,19040,N,2580825.782,2522622.558,BENALLA,NORTH EASTERN REGION,RURAL_VICTORIA,-36.79265,145.90573,3669,Lake Eildon National Park
365,42001018457,17/05/01,18.05.00,3,Struck animal,5,Thursday,167,STRUCK ANIMAL                        ,VCS,9,48,H,6,5,Dark No street lights,1,2,1,0,0,1,1,2,T intersection,2,100,221999,I,2626634.996,2521785.333,WANGARATTA,NORTH EASTERN REGION,RURAL_VICTORIA,-36.79516,146.41914,3678,Mount Buffalo National Park
366,42001019163,04/06/01,06.15.00,3,Struck animal,2,Monday,167,STRUCK ANIMAL                        ,VCS,9,63,D,3,2,Dusk/Dawn,1,1,0,1,0,0,1,5,Not at intersection,3,100,163400,N,2600420.369,2492307.579,MANSFIELD,NORTH EASTERN REGION,RURAL_VICTORIA,-37.06396,146.12931,3722,Lake Eildon National Park
367,42001019664,20/05/01,13.00.00,3,Struck animal,1,Sunday,167,STRUCK ANIMAL                        ,VCS,9,48,H,7,1,Day,1,1,1,0,0,0,2,5,Not at intersection,2,100,163405,O,2623881.527,2518658.065,WANGARATTA,NORTH EASTERN REGION,RURAL_VICTORIA,-36.8237,146.3888,3678,Mount Buffalo National Park
368,42001020169,11/06/01,06.10.00,3,Struck animal,2,Monday,167,STRUCK ANIMAL                        ,VCS,9,62,B,3,5,Dark No street lights,1,1,0,1,0,0,1,5,Not at intersection,3,100,163409,N,2555127.827,2489017.387,MURRINDINDI,NORTH EASTERN REGION,RURAL_VICTORIA,-37.09736,145.62022,3719,Lake Eildon National Park
369,42001020493,11/06/01,11.40.00,3,Struck animal,2,Monday,167,STRUCK ANIMAL                        ,VCS,9,47,G,6,1,Day,1,1,0,1,0,0,2,5,Not at intersection,3,100,163415,N,2582455.164,2521038.983,BENALLA,NORTH EASTERN REGION,RURAL_VICTORIA,-36.80678,145.92416,3669,Lake Eildon National Park
370,42001023481,02/05/01,19.20.00,3,Struck animal,4,Wednesday,167,STRUCK ANIMAL                        ,VCS,9,35,F,9,5,Dark No street lights,1,3,0,3,0,0,2,5,Not at intersection,3,100,163435,N,2665097.292,2554476.796,ALPINE,NORTH EASTERN REGION,RURAL_VICTORIA,-36.49463,146.84298,3740,Mount Buffalo National Park
371,42001024491,20/07/01,04.15.00,3,Struck animal,6,Friday,167,STRUCK ANIMAL                        ,VCS,9,47,B,9,5,Dark No street lights,1,1,0,1,0,0,1,5,Not at intersection,3,100,163443,N,2552079.885,2501754.252,MURRINDINDI,NORTH EASTERN REGION,RURAL_VICTORIA,-36.98275,145.58505,3719,Lake Eildon National Park
372,42001025516,30/07/01,18.30.00,3,Struck animal,2,Monday,167,STRUCK ANIMAL                        ,VCS,9,46,H,3,5,Dark No street lights,1,2,0,1,0,1,1,5,Not at intersection,3,100,163451,N,2535052.55,2543172.533,STRATHBOGIE,NORTH EASTERN REGION,RURAL_VICTORIA,-36.61026,145.39186,3631,Lower Goulburn National Park
373,42001028580,04/09/01,19.10.00,3,Struck animal,3,Tuesday,167,STRUCK ANIMAL                        ,VCS,9,33,G,9,5,Dark No street lights,1,1,1,0,0,0,1,5,Not at intersection,2,100,163482,N,2584062.909,2558645.935,BENALLA,NORTH EASTERN REGION,RURAL_VICTORIA,-36.46772,145.93802,3725,Warby-Ovens National Park
374,42001029831,12/09/01,05.45.00,3,Struck animal,4,Wednesday,167,STRUCK ANIMAL                        ,MEL,40,24,D,11,4,Dark Street lights off,1,1,0,1,0,0,2,5,Not at intersection,3,80,110098,N,2522449.196,2418064.036,MANNINGHAM,METROPOLITAN SOUTH EAST REGION,RURAL_VICTORIA,-37.73809,145.25471,3115,Dandenong Ranges National Park
375,42001030333,05/09/01,20.00.00,3,Struck animal,4,Wednesday,167,STRUCK ANIMAL                        ,VCS,9,47,D,6,5,Dark No street lights,1,2,0,1,0,1,2,5,Not at intersection,3,100,163492,N,2565673.381,2523358.447,STRATHBOGIE,NORTH EASTERN REGION,RURAL_VICTORIA,-36.7872,145.73587,3669,Lake Eildon National Park
376,42001034989,04/11/01,20.30.00,3,Struck animal,1,Sunday,167,STRUCK ANIMAL                        ,VCS,9,60,E,2,5,Dark No street lights,1,2,1,1,0,0,1,5,Not at intersection,2,100,169920,N,2480950.197,2497633.655,MITCHELL,NORTHERN REGION,RURAL_VICTORIA,-37.02113,144.78589,3522,Heathcote-Graytown National Park
377,42001038823,01/12/01,10.25.00,3,Struck animal,7,Saturday,167,STRUCK ANIMAL                        ,VCS,9,60,H,5,1,Day,1,1,0,1,0,0,1,5,Not at intersection,3,100,168355,N,2499790.75,2473858.429,MITCHELL,NORTHERN REGION,RURAL_VICTORIA,-37.23559,144.99764,3764,Kinglake National Park
378,42002007186,13/02/02,08.00.00,3,Struck animal,4,Wednesday,167,STRUCK ANIMAL                        ,VCS,9,47,B,6,1,Day,1,1,0,1,0,0,2,5,Not at intersection,3,100,163625,N,2553304.344,2525210.624,STRATHBOGIE,NORTH EASTERN REGION,RURAL_VICTORIA,-36.77129,145.59715,3666,Lower Goulburn National Park
379,42002009778,06/03/02,07.00.00,3,Struck animal,4,Wednesday,167,STRUCK ANIMAL                        ,VCS,9,46,C,6,1,Day,1,1,0,1,0,0,2,5,Not at intersection,3,100,163644,N,2506412.504,2523299.536,STRATHBOGIE,NORTH EASTERN REGION,RURAL_VICTORIA,-36.79,145.07185,3608,Heathcote-Graytown National Park
380,42002010671,07/03/02,20.20.00,3,Struck animal,5,Thursday,167,STRUCK ANIMAL                        ,VCS,9,418,B,1,5,Dark No street lights,1,1,0,1,0,0,2,5,Not at intersection,3,100,163648,N,2515237.132,2472599.114,MURRINDINDI,NORTH EASTERN REGION,RURAL_VICTORIA,-37.24681,145.17176,3658,Kinglake National Park
381,42002011342,29/03/02,23.30.00,3,Struck animal,6,Friday,167,STRUCK ANIMAL                        ,VCS,9,639,R,2,3,Dark Street lights on,1,1,1,0,0,0,1,5,Not at intersection,2,60,152074,N,2502363.948,2460839.655,MITCHELL,NORTHERN REGION,RURAL_VICTORIA,-37.3529,145.02669,3758,Kinglake National Park
382,42002011972,02/04/02,00.05.00,3,Struck animal,3,Tuesday,167,STRUCK ANIMAL                        ,VCS,9,61,G,4,3,Dark Street lights on,1,1,1,0,0,0,1,5,Not at intersection,2,100,18147,N,2529414.336,2479163.218,MURRINDINDI,NORTH EASTERN REGION,RURAL_VICTORIA,-37.18732,145.33132,3717,Kinglake National Park
383,42002015564,05/05/02,08.00.00,3,Struck animal,1,Sunday,167,STRUCK ANIMAL                        ,VCS,9,35,D,6,1,Day,1,1,0,1,0,0,2,5,Not at intersection,3,100,163678,N,2655955.356,2577434.52,INDIGO,NORTH EASTERN REGION,RURAL_VICTORIA,-36.2893,146.73628,3747,Chiltern-Mt Pilot National Park
384,42002017822,16/05/02,07.20.00,3,Struck animal,5,Thursday,167,STRUCK ANIMAL                        ,VCS,9,48,G,5,1,Day,1,1,0,1,0,0,2,5,Not at intersection,3,100,163703,N,2619404.461,2531174.828,WANGARATTA,NORTH EASTERN REGION,RURAL_VICTORIA,-36.71149,146.33664,3732,Mount Buffalo National Park
385,42002018357,25/05/02,16.10.00,3,Struck animal,7,Saturday,167,STRUCK ANIMAL                        ,VCS,9,80,F,5,2,Dusk/Dawn,1,1,0,1,0,0,1,5,Not at intersection,3,80,152090,N,2573223.125,2421838.518,YARRA RANGES,METROPOLITAN SOUTH EAST REGION,RURAL_VICTORIA,-37.70147,145.83039,3799,Yarra Ranges National Park
386,42002020478,08/06/02,10.15.00,3,Struck animal,7,Saturday,167,STRUCK ANIMAL                        ,VCS,9,60,F,3,1,Day,2,4,1,0,0,3,1,5,Not at intersection,2,100,170034,N,2483985.512,2492098.533,MITCHELL,NORTHERN REGION,RURAL_VICTORIA,-37.07107,144.81989,3522,Heathcote-Graytown National Park
387,42002024393,13/07/02,18.55.00,3,Struck animal,7,Saturday,167,STRUCK ANIMAL                        ,VCS,9,63,B,2,5,Dark No street lights,1,2,0,1,0,1,1,5,Not at intersection,3,100,163744,N,2591859.711,2494828.213,MANSFIELD,NORTH EASTERN REGION,RURAL_VICTORIA,-37.04212,146.03274,3722,Lake Eildon National Park
388,42002028667,13/08/02,16.30.00,3,Struck animal,3,Tuesday,167,STRUCK ANIMAL                        ,VCS,9,658,E,2,1,Day,1,1,0,1,0,0,2,5,Not at intersection,3,60,163770,N,2644537.26,2593518.618,INDIGO,NORTH EASTERN REGION,RURAL_VICTORIA,-36.14617,146.60616,3683,Chiltern-Mt Pilot National Park