,ACCIDENT_NO,ACCIDENT_DATE,ACCIDENT_TIME,ACCIDENT_TYPE,ACCIDENT_TYPE_DESC,DAY_OF_WEEK,DAY_WEEK_DESC,DCA_CODE,DCA_DESC,DIRECTORY,EDITION,PAGE,GRID_REFERENCE_X,GRID_REFERENCE_Y,LIGHT_CONDITION,LIGHT_CONDITION_DESC,NO_OF_VEHICLES,NO_PERSONS,NO_PERSONS_INJ_2,NO_PERSONS_INJ_3,NO_PERSONS_KILLED,NO_PERSONS_NOT_INJ,POLICE_ATTEND,ROAD_GEOMETRY,ROAD_GEOMETRY_DESC,SEVERITY,SPEED_ZONE,NODE_ID,NODE_TYPE,AMG_X,AMG_Y,LG_AREA_NAME,REGION_NAME,DEG_URBAN_NAME,LATITUDE,LONGITUDE,POSTCODE,NEAREST_NATIONAL_PARK_NAME
545,52003007143,09/02/03,05.15.00,3,Struck animal,1,Sunday,167,STRUCK ANIMAL                        ,VCS,9,96,D,7,5,Dark No street lights,1,1,0,1,0,0,2,5,Not at intersection,3,100,152440,N,2562376.504,2352074.46,SOUTH GIPPSLAND,EASTERN REGION,RURAL_VICTORIA,-38.33076,145.71331,3988,French Island National Park
546,52003010054,09/03/03,13.30.00,3,Struck animal,1,Sunday,167,STRUCK ANIMAL                        ,VCS,9,84,G,5,1,Day,1,1,0,1,0,0,2,5,Not at intersection,3,100,22118,N,2755982.21,2414116.038,EAST GIPPSLAND,EASTERN REGION,RURAL_VICTORIA,-37.73874,147.90482,3885,The Lakes National Park
547,52003010590,26/03/03,05.30.00,3,Struck animal,4,Wednesday,167,STRUCK ANIMAL                        ,VCS,9,714,B,6,5,Dark No street lights,1,1,1,0,0,0,1,5,Not at intersection,2,100,152446,N,2545947.906,2342983.095,BASS COAST,EASTERN REGION,RURAL_VICTORIA,-38.41361,145.52602,3984,French Island National Park
548,52003011310,02/02/03,10.30.00,3,Struck animal,1,Sunday,167,STRUCK ANIMAL                        ,VCS,9,97,G,2,1,Day,1,1,0,1,0,0,2,5,Not at intersection,3,80,22120,N,2620232.97,2386122.526,BAW BAW,EASTERN REGION,RURAL_VICTORIA,-38.01835,146.36927,3825,Baw Baw National Park
549,52003012969,18/04/03,13.40.00,3,Struck animal,6,Friday,167,STRUCK ANIMAL                        ,VCS,9,96,G,3,1,Day,1,1,0,1,0,0,1,5,Not at intersection,3,100,176257,N,2581188.653,2375806.318,BAW BAW,EASTERN REGION,RURAL_VICTORIA,-38.11552,145.92579,3820,Yarra Ranges National Park
550,52003013302,19/04/03,06.15.00,3,Struck animal,7,Saturday,167,STRUCK ANIMAL                        ,VCS,9,459,D,3,1,Day,1,1,0,1,0,0,1,5,Not at intersection,3,80,143727,N,2537191.308,2372726.023,CARDINIA,METROPOLITAN SOUTH EAST REGION,RURAL_VICTORIA,-38.14608,145.42426,3978,French Island National Park
551,52003014492,30/04/03,07.50.00,3,Struck animal,4,Wednesday,167,STRUCK ANIMAL                        ,VCS,9,83,H,8,1,Day,3,3,2,0,0,1,1,5,Not at intersection,2,100,176275,N,2709778.189,2398518.531,EAST GIPPSLAND,EASTERN REGION,RURAL_VICTORIA,-37.89078,147.38518,3864,Mitchell River National Park
552,52003018689,30/05/03,17.30.00,3,Struck animal,6,Friday,167,STRUCK ANIMAL                        ,VCS,9,99,B,7,2,Dusk/Dawn,1,1,0,1,0,0,2,5,Not at intersection,3,100,176312,N,2676353.185,2350206.754,WELLINGTON,EASTERN REGION,RURAL_VICTORIA,-38.33286,147.0169,3851,Tarra-Bulga National Park
553,52003018711,02/06/03,04.00.00,3,Struck animal,2,Monday,167,STRUCK ANIMAL                        ,MEL,40,317,F,12,5,Dark No street lights,1,1,0,1,0,0,1,5,Not at intersection,3,100,144368,N,2543010.744,2378715.297,CARDINIA,METROPOLITAN SOUTH EAST REGION,RURAL_VICTORIA,-38.09188,145.49029,3810,French Island National Park
554,52003021063,18/06/03,05.25.00,3,Struck animal,4,Wednesday,167,STRUCK ANIMAL                        ,VCS,9,469,F,6,5,Dark No street lights,1,1,0,1,0,0,1,5,Not at intersection,3,100,152460,N,2540185.152,2341625.663,BASS COAST,EASTERN REGION,RURAL_VICTORIA,-38.42611,145.46013,3984,French Island National Park
555,52003022452,04/07/03,16.30.00,3,Struck animal,6,Friday,167,STRUCK ANIMAL                        ,MEL,40,312,B,1,1,Day,1,1,0,1,0,0,2,5,Not at intersection,3,100,144748,N,2545277.077,2397903.475,CARDINIA,METROPOLITAN SOUTH EAST REGION,RURAL_VICTORIA,-37.9189,145.51494,3781,Dandenong Ranges National Park
556,52003023331,22/06/03,11.30.00,3,Struck animal,1,Sunday,167,STRUCK ANIMAL                        ,VCS,9,81,E,8,1,Day,1,1,0,1,0,0,2,5,Not at intersection,3,60,185913,N,2609135.463,2399572.061,BAW BAW,EASTERN REGION,RURAL_VICTORIA,-37.89856,146.24091,3825,Baw Baw National Park
557,52003023502,10/07/03,06.45.00,3,Struck animal,5,Thursday,167,STRUCK ANIMAL                        ,VCS,9,709,T,1,5,Dark No street lights,1,1,0,1,0,0,1,5,Not at intersection,3,80,152462,N,2558680.001,2352640.192,SOUTH GIPPSLAND,EASTERN REGION,RURAL_VICTORIA,-38.3259,145.671,3987,French Island National Park
558,52003023502,10/07/03,06.45.00,3,Struck animal,5,Thursday,167,STRUCK ANIMAL                        ,VCS,9,709,T,1,5,Dark No street lights,1,1,0,1,0,0,1,5,Not at intersection,3,80,152462,N,2558680.001,2352640.192,SOUTH GIPPSLAND,EASTERN REGION,SMALL_TOWNS,-38.3259,145.671,3987,French Island National Park
559,52003026354,26/07/03,23.30.00,3,Struck animal,7,Saturday,167,STRUCK ANIMAL                        ,VCS,9,80,G,8,5,Dark No street lights,1,3,0,1,0,2,2,5,Not at intersection,3,60,185892,N,2581395.847,2400463.265,BAW BAW,EASTERN REGION,RURAL_VICTORIA,-37.89338,145.92542,3833,Yarra Ranges National Park
560,52003026743,07/08/03,05.10.00,3,Struck animal,5,Thursday,167,STRUCK ANIMAL                        ,VCS,9,686,N,7,5,Dark No street lights,1,1,0,1,0,0,1,5,Not at intersection,3,100,186871,N,2737434.612,2396244.052,EAST GIPPSLAND,EASTERN REGION,SMALL_TOWNS,-37.90461,147.70021,3880,The Lakes National Park
561,52003030044,06/09/03,01.00.00,3,Struck animal,7,Saturday,167,STRUCK ANIMAL                        ,VCS,9,98,B,7,5,Dark No street lights,1,1,1,0,0,0,2,5,Not at intersection,2,100,148340,N,2637483.448,2350721.695,LATROBE,EASTERN REGION,RURAL_VICTORIA,-38.33482,146.57235,3844,Tarra-Bulga National Park
562,52003032888,03/10/03,22.40.00,3,Struck animal,6,Friday,167,STRUCK ANIMAL                        ,MEL,40,253,A,5,5,Dark No street lights,1,1,1,0,0,0,1,5,Not at intersection,2,100,145898,N,2490142.679,2342544.591,MORNINGTON PENINSULA,METROPOLITAN SOUTH EAST REGION,RURAL_VICTORIA,-38.41865,144.88714,3939,Mornington Peninsula National Park
563,52003032975,30/09/03,21.00.00,3,Struck animal,3,Tuesday,167,STRUCK ANIMAL                        ,VCS,9,103,D,4,5,Dark No street lights,1,1,0,1,0,0,1,5,Not at intersection,3,100,149248,N,2603914.825,2313541.239,SOUTH GIPPSLAND,EASTERN REGION,RURAL_VICTORIA,-38.67405,146.19382,3960,Wilsons Promontory National Park
564,52003034460,10/10/03,16.30.00,3,Struck animal,6,Friday,167,STRUCK ANIMAL                        ,VCS,9,99,H,4,1,Day,1,5,1,4,0,0,2,5,Not at intersection,2,100,149269,N,2709558.893,2368810.003,WELLINGTON,EASTERN REGION,RURAL_VICTORIA,-38.1584,147.39117,3851,The Lakes National Park
565,52003035627,18/10/03,10.55.00,3,Struck animal,7,Saturday,167,STRUCK ANIMAL                        ,MEL,40,731,G,5,1,Day,1,1,1,0,0,0,1,5,Not at intersection,2,100,152489,N,2517572.142,2334484.693,BASS COAST,EASTERN REGION,RURAL_VICTORIA,-38.49113,145.20138,3922,French Island National Park
566,52003036933,23/10/03,19.00.00,3,Struck animal,5,Thursday,167,STRUCK ANIMAL                        ,VCS,9,65,H,3,2,Dusk/Dawn,1,1,0,1,0,0,2,5,Not at intersection,3,100,149299,N,2714330.36,2486684.013,EAST GIPPSLAND,EASTERN REGION,RURAL_VICTORIA,-37.09554,147.41153,3898,Alpine National Park
567,52003040206,27/11/03,18.30.00,3,Struck animal,5,Thursday,167,STRUCK ANIMAL                        ,VCS,9,469,H,6,1,Day,1,2,0,1,0,1,2,5,Not at intersection,3,100,152500,N,2543794.406,2341107.352,BASS COAST,EASTERN REGION,RURAL_VICTORIA,-38.43061,145.50148,3990,French Island National Park
568,52003040525,08/12/03,06.50.00,3,Struck animal,2,Monday,167,STRUCK ANIMAL                        ,VCS,9,96,C,3,2,Dusk/Dawn,1,1,0,1,0,0,1,2,T intersection,3,110,48586,N,2557369.352,2380789.126,CARDINIA,METROPOLITAN SOUTH EAST REGION,RURAL_VICTORIA,-38.07242,145.6538,3814,French Island National Park
569,52003041329,06/12/03,00.10.00,3,Struck animal,7,Saturday,167,STRUCK ANIMAL                        ,VCS,9,96,H,2,3,Dark Street lights on,1,1,1,0,0,0,2,5,Not at intersection,2,80,149340,N,2583876.259,2385536.055,BAW BAW,EASTERN REGION,RURAL_VICTORIA,-38.02763,145.95532,3831,Yarra Ranges National Park
570,52004000636,24/12/03,14.30.00,3,Struck animal,4,Wednesday,167,STRUCK ANIMAL                        ,VCS,9,69,E,5,1,Day,1,1,0,1,0,0,2,5,Not at intersection,3,100,149352,N,2871546.301,2443241.127,EAST GIPPSLAND,EASTERN REGION,RURAL_VICTORIA,-37.43762,149.20019,3890,Coopracambra National Park
571,52004005287,11/02/04,18.15.00,3,Struck animal,4,Wednesday,167,STRUCK ANIMAL                        ,VCS,9,85,G,4,1,Day,1,1,1,0,0,0,1,5,Not at intersection,2,100,189309,N,2796536.742,2419083.993,EAST GIPPSLAND,EASTERN REGION,RURAL_VICTORIA,-37.68197,148.36267,3888,Snowy River National Park
572,52004008202,29/02/04,11.30.00,3,Struck animal,1,Sunday,167,STRUCK ANIMAL                        ,VCS,9,80,B,9,1,Day,1,1,1,0,0,0,2,5,Not at intersection,2,999,147657,O,2552388.218,2391762.475,CARDINIA,METROPOLITAN SOUTH EAST REGION,RURAL_VICTORIA,-37.97385,145.59625,3783,Dandenong Ranges National Park
573,52004011415,24/02/04,11.00.00,3,Struck animal,3,Tuesday,167,STRUCK ANIMAL                        ,VCS,9,82,G,7,1,Day,1,1,0,1,0,0,2,5,Not at intersection,3,100,147705,N,2667318.842,2402075.036,WELLINGTON,EASTERN REGION,RURAL_VICTORIA,-37.86736,146.90176,3859,Mitchell River National Park
574,52004014791,02/05/04,18.00.00,3,Struck animal,1,Sunday,167,STRUCK ANIMAL                        ,VCS,9,703,M,9,5,Dark No street lights,1,2,0,1,0,1,1,5,Not at intersection,3,110,148740,N,2592735.756,2365956.724,BAW BAW,EASTERN REGION,RURAL_VICTORIA,-38.20317,146.0587,3823,Morwell National Park
575,52004015976,06/05/04,23.10.00,3,Struck animal,5,Thursday,167,STRUCK ANIMAL                        ,VCS,9,82,E,8,5,Dark No street lights,2,2,1,1,0,0,2,5,Not at intersection,2,100,188222,N,2658840.102,2398530.409,WELLINGTON,EASTERN REGION,RURAL_VICTORIA,-37.90078,146.80617,3859,Baw Baw National Park
576,52004016427,17/05/04,04.15.00,3,Struck animal,2,Monday,167,STRUCK ANIMAL                        ,MEL,40,214,D,3,5,Dark No street lights,2,2,0,1,0,1,1,5,Not at intersection,3,80,3932,N,2534468.544,2382619.901,CARDINIA,METROPOLITAN SOUTH EAST REGION,SMALL_TOWNS,-38.05706,145.39273,3809,Churchill National Park
577,52004017318,15/05/04,12.30.00,3,Struck animal,7,Saturday,167,STRUCK ANIMAL                        ,VCS,9,81,E,7,1,Day,1,1,1,0,0,0,2,5,Not at intersection,2,100,148989,N,2608150.032,2404058.67,BAW BAW,EASTERN REGION,RURAL_VICTORIA,-37.85826,146.22904,3825,Baw Baw National Park
578,52004018179,01/06/04,01.55.00,3,Struck animal,3,Tuesday,167,STRUCK ANIMAL                        ,VCS,9,97,J,5,5,Dark No street lights,1,1,1,0,0,0,1,5,Not at intersection,2,100,218027,N,2630936.574,2364802.498,LATROBE,EASTERN REGION,RURAL_VICTORIA,-38.20895,146.49496,3844,Morwell National Park
579,52004027438,21/08/04,19.30.00,3,Struck animal,7,Saturday,167,STRUCK ANIMAL                        ,MEL,40,315,F,7,3,Dark Street lights on,1,1,1,0,0,0,2,5,Not at intersection,2,80,187646,N,2543107.033,2385541.273,CARDINIA,METROPOLITAN SOUTH EAST REGION,RURAL_VICTORIA,-38.03038,145.49099,3810,Dandenong Ranges National Park
580,52004027568,21/08/04,15.30.00,3,Struck animal,7,Saturday,167,STRUCK ANIMAL                        ,MEL,40,299,J,7,1,Day,1,1,0,1,0,0,2,5,Not at intersection,3,80,187629,N,2552034.851,2395586.935,CARDINIA,METROPOLITAN SOUTH EAST REGION,RURAL_VICTORIA,-37.93942,145.59196,3783,Dandenong Ranges National Park
581,52004036888,22/10/04,13.10.00,3,Struck animal,6,Friday,167,STRUCK ANIMAL                        ,VCS,9,98,G,2,1,Day,1,3,0,1,0,2,1,5,Not at intersection,3,100,193138,N,2664949.474,2384528.082,WELLINGTON,EASTERN REGION,RURAL_VICTORIA,-38.02584,146.87877,3858,Tarra-Bulga National Park
582,52005001725,02/01/05,17.55.00,3,Struck animal,1,Sunday,167,STRUCK ANIMAL                        ,VCS,9,99,D,3,1,Day,1,1,0,1,0,0,1,5,Not at intersection,3,100,194649,N,2687079.361,2376490.654,WELLINGTON,EASTERN REGION,RURAL_VICTORIA,-38.09404,147.1328,3851,Mitchell River National Park
583,52005001753,22/12/04,01.00.00,3,Struck animal,4,Wednesday,167,STRUCK ANIMAL                        ,VCS,9,85,B,5,5,Dark No street lights,1,2,0,2,0,0,2,1,Cross intersection,3,100,194460,N,2767155.269,2419193.139,EAST GIPPSLAND,EASTERN REGION,RURAL_VICTORIA,-37.68988,148.02969,3887,The Lakes National Park
584,52005005139,29/01/05,23.00.00,3,Struck animal,7,Saturday,167,STRUCK ANIMAL                        ,MEL,40,314,F,6,5,Dark No street lights,1,2,0,2,0,0,2,5,Not at intersection,3,80,195064,N,2546985.189,2390807.53,CARDINIA,METROPOLITAN SOUTH EAST REGION,RURAL_VICTORIA,-37.98274,145.53482,3810,Dandenong Ranges National Park
585,52005005143,22/01/05,10.00.00,3,Struck animal,7,Saturday,167,STRUCK ANIMAL                        ,VCS,9,82,C,5,1,Day,1,1,0,1,0,0,2,5,Not at intersection,3,100,195066,N,2645457.755,2421415.877,WELLINGTON,EASTERN REGION,RURAL_VICTORIA,-37.6968,146.64953,3858,Baw Baw National Park
586,52005010044,26/02/05,03.00.00,3,Struck animal,7,Saturday,167,STRUCK ANIMAL                        ,VCS,9,69,D,6,5,Dark No street lights,1,1,0,1,0,0,1,5,Not at intersection,3,100,197306,N,2866997.259,2430153.849,EAST GIPPSLAND,EASTERN REGION,RURAL_VICTORIA,-37.55724,149.15529,3890,Lind National Park
587,52005010049,20/03/05,03.48.00,3,Struck animal,1,Sunday,167,STRUCK ANIMAL                        ,MEL,40,147,J,7,5,Dark No street lights,1,3,2,0,1,0,1,5,Not at intersection,1,90,135872,N,2512916.788,2361200.041,MORNINGTON PENINSULA,METROPOLITAN SOUTH EAST REGION,RURAL_VICTORIA,-38.25057,145.14755,3913,French Island National Park
588,52005012341,25/03/05,19.00.00,3,Struck animal,6,Friday,167,STRUCK ANIMAL                        ,VCS,9,85,D,2,2,Dusk/Dawn,1,1,1,0,0,0,1,5,Not at intersection,2,100,196390,O,2779441.886,2437891.039,EAST GIPPSLAND,EASTERN REGION,RURAL_VICTORIA,-37.51788,148.16188,3885,Snowy River National Park
589,52005013378,05/04/05,17.00.00,3,Struck animal,3,Tuesday,167,STRUCK ANIMAL                        ,VCS,9,97,G,7,2,Dusk/Dawn,1,2,0,2,0,0,2,5,Not at intersection,3,100,196595,N,2616122.035,2349082.215,LATROBE,EASTERN REGION,RURAL_VICTORIA,-38.35252,146.32835,3869,Morwell National Park
590,52005014101,27/03/05,15.00.00,3,Struck animal,1,Sunday,167,STRUCK ANIMAL                        ,VCS,9,68,D,8,1,Day,1,1,1,0,0,0,2,5,Not at intersection,2,100,196682,N,2830016.258,2445020.368,EAST GIPPSLAND,EASTERN REGION,RURAL_VICTORIA,-37.43719,148.73043,3889,Errinundra National Park
591,52005014360,16/03/05,14.15.00,3,Struck animal,4,Wednesday,167,STRUCK ANIMAL                        ,VCS,9,97,F,5,1,Day,1,1,0,1,0,0,2,5,Not at intersection,3,100,196690,N,2613413.938,2363997.205,LATROBE,EASTERN REGION,RURAL_VICTORIA,-38.21851,146.29505,3825,Morwell National Park
592,52005014948,15/04/05,01.00.00,3,Struck animal,6,Friday,167,STRUCK ANIMAL                        ,VCS,9,97,D,9,5,Dark No street lights,1,2,0,2,0,0,2,1,Cross intersection,3,100,54640,I,2598615.284,2338863.125,SOUTH GIPPSLAND,EASTERN REGION,RURAL_VICTORIA,-38.44659,146.12949,3871,Morwell National Park
593,52005015320,22/04/05,06.00.00,3,Struck animal,6,Friday,167,STRUCK ANIMAL                        ,MEL,40,139,A,3,5,Dark No street lights,1,1,0,1,0,0,1,5,Not at intersection,3,60,196850,N,2529459.295,2372578.901,CASEY,METROPOLITAN SOUTH EAST REGION,SMALL_TOWNS,-38.14769,145.33606,3978,French Island National Park
594,52005018863,03/05/05,21.45.00,3,Struck animal,3,Tuesday,167,STRUCK ANIMAL                        ,VCS,9,82,E,8,4,Dark Street lights off,1,1,0,1,0,0,2,5,Not at intersection,3,100,197697,N,2655466.105,2394957.787,WELLINGTON,EASTERN REGION,RURAL_VICTORIA,-37.93353,146.76857,3858,Baw Baw National Park
595,52005021138,09/06/05,17.40.00,3,Struck animal,5,Thursday,167,STRUCK ANIMAL                        ,MEL,40,149,J,3,2,Dusk/Dawn,1,1,1,0,0,0,1,5,Not at intersection,2,90,197904,N,2520540.268,2362992.125,MORNINGTON PENINSULA,METROPOLITAN SOUTH EAST REGION,RURAL_VICTORIA,-38.23429,145.23459,3912,French Island National Park
596,52005021192,16/05/05,18.30.00,3,Struck animal,2,Monday,167,STRUCK ANIMAL                        ,VCS,9,96,F,3,5,Dark No street lights,1,2,0,2,0,0,2,5,Not at intersection,3,100,197912,N,2574115.314,2378001.468,BAW BAW,EASTERN REGION,RURAL_VICTORIA,-38.09634,145.84492,3818,Yarra Ranges National Park
597,52005021195,04/12/04,17.00.00,3,Struck animal,7,Saturday,167,STRUCK ANIMAL                        ,VCS,9,96,B,4,1,Day,1,1,0,1,0,0,2,5,Not at intersection,3,100,197913,N,2553012.605,2372719.963,CARDINIA,METROPOLITAN SOUTH EAST REGION,RURAL_VICTORIA,-38.14537,145.60474,3814,French Island National Park
598,52005021527,08/06/05,14.00.00,3,Struck animal,4,Wednesday,167,STRUCK ANIMAL                        ,VCS,9,103,A,6,1,Day,1,1,0,1,0,0,2,5,Not at intersection,3,100,197991,N,2590713.87,2301681.797,SOUTH GIPPSLAND,EASTERN REGION,RURAL_VICTORIA,-38.78224,146.04367,3959,Wilsons Promontory National Park
599,52005023792,29/06/05,07.05.00,3,Struck animal,4,Wednesday,167,STRUCK ANIMAL                        ,VCS,9,96,F,9,2,Dusk/Dawn,2,2,0,1,0,1,1,5,Not at intersection,3,100,198277,N,2574166.039,2335157.036,SOUTH GIPPSLAND,EASTERN REGION,RURAL_VICTORIA,-38.48226,145.84986,3950,French Island National Park
600,52005024353,07/07/05,04.50.00,3,Struck animal,5,Thursday,167,STRUCK ANIMAL                        ,VCS,9,99,B,4,5,Dark No street lights,1,1,0,1,0,0,1,5,Not at intersection,3,100,198923,N,2676206.288,2368019.486,WELLINGTON,EASTERN REGION,RURAL_VICTORIA,-38.17246,147.01092,3851,Tarra-Bulga National Park
601,52005026027,18/07/05,05.30.00,3,Struck animal,2,Monday,167,STRUCK ANIMAL                        ,MEL,40,126,C,11,5,Dark No street lights,1,1,0,1,0,0,2,5,Not at intersection,3,100,198688,N,2533774.059,2394006.842,CARDINIA,METROPOLITAN SOUTH EAST REGION,RURAL_VICTORIA,-37.9545,145.3843,3804,Dandenong Ranges National Park
602,52005026722,19/07/05,17.45.00,3,Struck animal,3,Tuesday,167,STRUCK ANIMAL                        ,VCS,9,96,F,8,5,Dark No street lights,1,1,1,0,0,0,1,5,Not at intersection,2,100,198720,N,2574813.127,2343597.051,SOUTH GIPPSLAND,EASTERN REGION,RURAL_VICTORIA,-38.40619,145.8564,3951,French Island National Park
603,52005029976,19/08/05,19.15.00,3,Struck animal,6,Friday,167,STRUCK ANIMAL                        ,VCS,9,103,B,5,5,Dark No street lights,1,1,0,1,0,0,2,5,Not at intersection,3,100,199291,N,2597673.888,2307270.484,SOUTH GIPPSLAND,EASTERN REGION,RURAL_VICTORIA,-38.73121,146.12298,3959,Wilsons Promontory National Park
604,52005032347,31/08/05,07.10.00,3,Struck animal,4,Wednesday,167,STRUCK ANIMAL                        ,VCS,9,104,E,2,2,Dusk/Dawn,1,1,1,0,0,0,2,5,Not at intersection,2,100,199658,N,2647871.417,2328645.181,WELLINGTON,EASTERN REGION,RURAL_VICTORIA,-38.53203,146.69563,3971,Tarra-Bulga National Park
605,52005033521,18/09/05,20.00.00,3,Struck animal,1,Sunday,167,STRUCK ANIMAL                        ,VCS,9,103,D,4,5,Dark No street lights,2,6,1,1,0,4,1,5,Not at intersection,2,100,199763,N,2608079.538,2316707.261,SOUTH GIPPSLAND,EASTERN REGION,RURAL_VICTORIA,-38.64506,146.24118,3960,Morwell National Park
606,52005034459,05/10/05,19.15.00,3,Struck animal,4,Wednesday,167,STRUCK ANIMAL                        ,VCS,9,99,E,4,5,Dark No street lights,1,3,0,2,0,1,2,5,Not at intersection,3,100,199979,N,2695479.447,2366803.335,WELLINGTON,EASTERN REGION,RURAL_VICTORIA,-38.17955,147.23112,3851,The Lakes National Park
607,52005039567,10/11/05,20.50.00,3,Struck animal,5,Thursday,167,STRUCK ANIMAL                        ,VCS,9,98,A,4,5,Dark No street lights,1,1,0,1,0,0,1,5,Not at intersection,3,100,200853,N,2636171.127,2370387.893,LATROBE,EASTERN REGION,RURAL_VICTORIA,-38.15788,146.55368,3844,Morwell National Park
608,52005040160,04/11/05,21.55.00,3,Struck animal,6,Friday,167,STRUCK ANIMAL                        ,VCS,9,97,J,5,3,Dark Street lights on,1,2,0,1,0,1,1,5,Not at intersection,3,100,200959,N,2626859.589,2365523.388,LATROBE,EASTERN REGION,RURAL_VICTORIA,-38.20302,146.4483,3840,Morwell National Park
609,T20060000108,10/12/05,23.15.00,3,Struck animal,7,Saturday,167,STRUCK ANIMAL                        ,VCS,9,62,D,6,5,Dark No street lights,1,4,0,3,0,1,1,2,T intersection,3,100,60304,I,2562534.455,2471065.016,MURRINDINDI,NORTH EASTERN REGION,RURAL_VICTORIA,-37.25867,145.70504,3714,Lake Eildon National Park
610,T20060001279,16/12/05,21.15.00,3,Struck animal,6,Friday,167,STRUCK ANIMAL                        ,VCS,9,61,G,4,5,Dark No street lights,1,1,1,0,0,0,1,5,Not at intersection,2,100,201671,N,2528011.217,2480216.156,MURRINDINDI,NORTH EASTERN REGION,RURAL_VICTORIA,-37.17787,145.31547,3717,Kinglake National Park
611,T20060001314,07/12/05,03.00.00,3,Struck animal,4,Wednesday,167,STRUCK ANIMAL                        ,VCS,9,44,E,8,5,Dark No street lights,1,1,0,1,0,0,2,5,Not at intersection,3,100,201786,N,2430543.507,2510015.395,BENDIGO,NORTHERN REGION,RURAL_VICTORIA,-36.90718,144.22051,3453,Greater Bendigo National Park
612,T20060001452,26/12/05,00.30.00,3,Struck animal,2,Monday,167,STRUCK ANIMAL                        ,VCS,9,34,D,2,5,Dark No street lights,1,1,0,1,0,0,1,5,Not at intersection,3,100,201687,N,2605309.39,2604868.093,MOIRA,NORTH EASTERN REGION,RURAL_VICTORIA,-36.04905,146.16875,3730,Warby-Ovens National Park
613,T20060002157,29/12/05,05.20.00,3,Struck animal,5,Thursday,167,STRUCK ANIMAL                        ,VCS,9,102,E,3,2,Dusk/Dawn,1,1,0,1,0,0,1,5,Not at intersection,3,100,201881,N,2562597.031,2325012.766,BASS COAST,EASTERN REGION,RURAL_VICTORIA,-38.57448,145.71817,3995,French Island National Park
614,T20060005330,27/11/05,13.00.00,3,Struck animal,1,Sunday,167,STRUCK ANIMAL                        ,VCS,9,414,B,12,1,Day,1,1,0,1,0,0,2,5,Not at intersection,3,100,202099,N,2442538.457,2452444.307,HEPBURN,WESTERN REGION,RURAL_VICTORIA,-37.4268,144.35072,3458,Brisbane Ranges National Park
615,T20060007154,30/12/05,17.00.00,3,Struck animal,6,Friday,167,STRUCK ANIMAL                        ,VCS,9,103,E,3,1,Day,1,1,0,1,0,0,2,5,Not at intersection,3,100,201969,N,2613393.496,2324116.228,SOUTH GIPPSLAND,EASTERN REGION,RURAL_VICTORIA,-38.5777,146.30104,3960,Morwell National Park
616,T20060007502,27/12/05,10.00.00,3,Struck animal,3,Tuesday,167,STRUCK ANIMAL                        ,VCS,9,80,B,8,1,Day,1,1,0,1,0,0,2,5,Not at intersection,3,100,201963,N,2552582.8,2401435.619,YARRA RANGES,METROPOLITAN SOUTH EAST REGION,RURAL_VICTORIA,-37.88669,145.59778,3139,Dandenong Ranges National Park
617,T20060008734,22/12/05,15.30.00,3,Struck animal,5,Thursday,167,STRUCK ANIMAL                        ,VCS,9,99,B,6,1,Day,1,1,0,1,0,0,2,5,Not at intersection,3,100,202042,N,2677950.232,2354638.241,WELLINGTON,EASTERN REGION,RURAL_VICTORIA,-38.29264,147.03408,3851,Tarra-Bulga National Park
618,T20060000733,25/01/06,10.00.00,3,Struck animal,4,Wednesday,167,STRUCK ANIMAL                        ,VCS,9,99,E,2,1,Day,1,1,0,1,0,0,2,5,Not at intersection,3,100,202802,N,2692399.979,2386475.13,WELLINGTON,EASTERN REGION,RURAL_VICTORIA,-38.00302,147.19082,3862,Mitchell River National Park
619,T20060000963,18/01/06,23.20.00,3,Struck animal,4,Wednesday,167,STRUCK ANIMAL                        ,VCS,9,21,D,6,5,Dark No street lights,1,6,3,2,1,0,1,5,Not at intersection,1,100,201562,N,2425161.802,2633412.417,GANNAWARRA,NORTHERN REGION,RURAL_VICTORIA,-35.7947,144.17216,3568,Gunbower National Park
620,T20060001180,05/02/06,22.50.00,3,Struck animal,1,Sunday,167,STRUCK ANIMAL                        ,MEL,40,259,G,6,5,Dark No street lights,1,2,2,0,0,0,1,5,Not at intersection,2,100,205280,N,2492577.011,2337270.343,MORNINGTON PENINSULA,METROPOLITAN SOUTH EAST REGION,RURAL_VICTORIA,-38.46618,144.91496,3939,Mornington Peninsula National Park
621,T20060001339,07/02/06,11.00.00,3,Struck animal,3,Tuesday,167,STRUCK ANIMAL                        ,VCS,9,58,D,2,1,Day,1,2,0,1,0,1,2,5,Not at intersection,3,100,202826,N,2385671.723,2493516.425,CENTRAL GOLDFIELDS,WESTERN REGION,RURAL_VICTORIA,-37.05147,143.71448,3465,Kara Kara National Park
622,T20060001721,28/01/06,09.00.00,3,Struck animal,7,Saturday,167,STRUCK ANIMAL                        ,VCS,9,82,C,7,1,Day,1,1,0,1,0,0,2,5,Not at intersection,3,100,202819,N,2647831.654,2406195.766,WELLINGTON,EASTERN REGION,RURAL_VICTORIA,-37.83354,146.67949,3858,Baw Baw National Park