,ACCIDENT_NO,ACCIDENT_DATE,ACCIDENT_TIME,ACCIDENT_TYPE,ACCIDENT_TYPE_DESC,DAY_OF_WEEK,DAY_WEEK_DESC,DCA_CODE,DCA_DESC,DIRECTORY,EDITION,PAGE,GRID_REFERENCE_X,GRID_REFERENCE_Y,LIGHT_CONDITION,LIGHT_CONDITION_DESC,NO_OF_VEHICLES,NO_PERSONS,NO_PERSONS_INJ_2,NO_PERSONS_INJ_3,NO_PERSONS_KILLED,NO_PERSONS_NOT_INJ,POLICE_ATTEND,ROAD_GEOMETRY,ROAD_GEOMETRY_DESC,SEVERITY,SPEED_ZONE,NODE_ID,NODE_TYPE,AMG_X,AMG_Y,LG_AREA_NAME,REGION_NAME,DEG_URBAN_NAME,LATITUDE,LONGITUDE,POSTCODE,NEAREST_NATIONAL_PARK_NAME
623,T20060002768,17/02/06,21.00.00,3,Struck animal,6,Friday,167,STRUCK ANIMAL                        ,VCS,9,58,H,8,5,Dark No street lights,1,3,2,0,0,1,1,5,Not at intersection,2,100,205403,N,2409953.264,2453815.957,HEPBURN,WESTERN REGION,RURAL_VICTORIA,-37.41187,143.98271,3364,Brisbane Ranges National Park
624,T20060003013,04/01/06,18.45.00,3,Struck animal,4,Wednesday,167,STRUCK ANIMAL                        ,VCS,9,31,A,5,1,Day,1,1,1,0,0,0,1,5,Not at intersection,2,100,202303,N,2458655.844,2588775.496,CAMPASPE,NORTHERN REGION,RURAL_VICTORIA,-36.19901,144.54027,3565,Terrick Terrick National Park
625,T20060003032,10/01/06,12.50.00,3,Struck animal,3,Tuesday,167,STRUCK ANIMAL                        ,VCS,9,6,G,2,1,Day,1,1,1,0,0,0,2,5,Not at intersection,2,100,202304,N,2255630.881,2772807.606,MILDURA,WESTERN REGION,RURAL_VICTORIA,-34.5109,142.34057,3494,Hattah - Kulkyne National Park
626,T20060003798,20/02/06,20.30.00,3,Struck animal,2,Monday,167,STRUCK ANIMAL                        ,VCS,9,98,C,4,2,Dusk/Dawn,1,1,1,0,0,0,2,5,Not at intersection,2,100,203190,N,2645504.994,2368487.519,LATROBE,EASTERN REGION,RURAL_VICTORIA,-38.17358,146.66053,3844,Tarra-Bulga National Park
627,T20060005360,06/01/06,15.30.00,3,Struck animal,6,Friday,167,STRUCK ANIMAL                        ,VCS,9,88,C,5,1,Day,1,1,1,0,0,0,1,5,Not at intersection,2,100,202331,N,2205535.261,2360921.437,GLENELG,SOUTH WESTERN REGION,RURAL_VICTORIA,-38.20632,141.63752,3305,Cobboboonee National Park
628,T20060005376,07/02/06,20.30.00,3,Struck animal,3,Tuesday,167,STRUCK ANIMAL                        ,VCS,9,88,D,5,2,Dusk/Dawn,1,1,1,0,0,0,2,5,Not at intersection,2,100,202681,N,2213738.18,2361494.83,GLENELG,SOUTH WESTERN REGION,RURAL_VICTORIA,-38.20373,141.73134,3285,Mount Eccles National Park
629,T20060005555,02/01/06,09.40.00,3,Struck animal,2,Monday,167,STRUCK ANIMAL                        ,VCS,9,47,F,6,1,Day,1,1,0,1,0,0,2,5,Not at intersection,3,100,202216,N,2573446.612,2524697.129,BENALLA,NORTH EASTERN REGION,RURAL_VICTORIA,-36.77456,145.82284,3669,Lake Eildon National Park
630,T20060006338,10/03/06,21.15.00,3,Struck animal,6,Friday,167,STRUCK ANIMAL                        ,VCS,9,417,D,13,2,Dusk/Dawn,1,1,0,1,0,0,1,2,T intersection,3,100,289,I,2502784.554,2449048.777,WHITTLESEA,METROPOLITAN NORTH WEST REGION,RURAL_VICTORIA,-37.45916,145.03148,3753,Kinglake National Park
631,T20060006403,11/03/06,23.05.00,3,Struck animal,7,Saturday,167,STRUCK ANIMAL                        ,VCS,9,35,B,4,5,Dark No street lights,1,1,1,0,0,0,1,5,Not at intersection,2,100,215481,N,2645149.447,2589521.615,INDIGO,NORTH EASTERN REGION,RURAL_VICTORIA,-36.1821,146.61372,3683,Chiltern-Mt Pilot National Park
632,T20060006971,14/03/06,22.10.00,3,Struck animal,3,Tuesday,167,STRUCK ANIMAL                        ,VCS,9,32,B,5,5,Dark No street lights,2,3,0,1,0,2,1,5,Not at intersection,3,100,203456,N,2502718.63,2588859.247,CAMPASPE,NORTHERN REGION,RURAL_VICTORIA,-36.19915,145.03023,3620,Lower Goulburn National Park
633,T20060006991,04/01/06,07.50.00,3,Struck animal,4,Wednesday,167,STRUCK ANIMAL                        ,VCS,9,459,G,3,1,Day,1,1,1,0,0,0,1,5,Not at intersection,2,100,202351,N,2542592.076,2372055.679,CARDINIA,METROPOLITAN SOUTH EAST REGION,RURAL_VICTORIA,-38.15189,145.48591,3810,French Island National Park
634,T20060007407,17/03/06,01.30.00,3,Struck animal,6,Friday,167,STRUCK ANIMAL                        ,VCS,9,34,H,5,5,Dark No street lights,1,2,0,2,0,0,1,1,Cross intersection,3,100,17592,I,2623883.619,2585076.16,WANGARATTA,NORTH EASTERN REGION,RURAL_VICTORIA,-36.22517,146.37804,3682,Warby-Ovens National Park
635,T20060007606,15/01/06,21.10.00,3,Struck animal,1,Sunday,167,STRUCK ANIMAL                        ,VCS,9,81,E,3,5,Dark No street lights,1,1,0,1,0,0,2,5,Not at intersection,3,100,202536,N,2606421.424,2432791.492,BAW BAW,NORTH EASTERN REGION,RURAL_VICTORIA,-37.59958,146.20527,3825,Yarra Ranges National Park
636,T20060007803,19/03/06,07.00.00,3,Struck animal,1,Sunday,167,STRUCK ANIMAL                        ,VCS,9,598,G,11,1,Day,1,1,1,0,0,0,1,5,Not at intersection,2,90,205695,I,2502825.28,2545452.461,CAMPASPE,NORTHERN REGION,RURAL_VICTORIA,-36.59036,145.03158,3612,Heathcote-Graytown National Park
637,T20060007856,17/03/06,22.00.00,3,Struck animal,6,Friday,167,STRUCK ANIMAL                        ,VCS,9,415,C,5,9,Unknown,1,1,0,1,0,0,2,5,Not at intersection,3,80,205698,N,2464005.033,2466122.402,MACEDON RANGES,NORTHERN REGION,RURAL_VICTORIA,-37.30461,144.59393,3442,Organ Pipes National Park
638,T20060008128,19/03/06,06.45.00,3,Struck animal,1,Sunday,167,STRUCK ANIMAL                        ,VCS,9,3,E,5,1,Day,1,1,0,1,0,0,2,5,Not at intersection,3,80,205701,N,2242418.002,2801668.917,MILDURA,WESTERN REGION,RURAL_VICTORIA,-34.24765,142.20607,3498,Hattah - Kulkyne National Park
639,T20060008701,07/01/06,16.30.00,3,Struck animal,7,Saturday,167,STRUCK ANIMAL                        ,VCS,9,84,H,4,1,Day,1,1,1,0,0,0,1,5,Not at intersection,2,100,202465,N,2761162.19,2424606.848,EAST GIPPSLAND,EASTERN REGION,RURAL_VICTORIA,-37.64282,147.95986,3887,The Lakes National Park
640,T20060008947,23/03/06,19.05.00,3,Struck animal,5,Thursday,167,STRUCK ANIMAL                        ,VCS,9,82,F,9,2,Dusk/Dawn,1,1,1,0,0,0,1,5,Not at intersection,2,100,203634,N,2664120.418,2393606.558,WELLINGTON,EASTERN REGION,RURAL_VICTORIA,-37.94421,146.8673,3859,Baw Baw National Park
641,T20060008969,24/03/06,00.30.00,3,Struck animal,6,Friday,167,STRUCK ANIMAL                        ,VCS,9,72,H,4,5,Dark No street lights,1,1,0,1,0,0,1,5,Not at intersection,3,100,203643,N,2230856.811,2424885.368,SOUTHERN GRAMPIANS,SOUTH WESTERN REGION,RURAL_VICTORIA,-37.63804,141.94985,3314,Mount Eccles National Park
642,T20060009261,24/03/06,11.30.00,3,Struck animal,6,Friday,167,STRUCK ANIMAL                        ,VCS,9,81,H,8,1,Day,1,2,0,2,0,0,2,5,Not at intersection,3,100,203594,N,2621306.497,2401622.414,BAW BAW,EASTERN REGION,RURAL_VICTORIA,-37.87858,146.37894,3833,Baw Baw National Park
643,T20060009587,27/03/06,12.20.00,3,Struck animal,2,Monday,167,STRUCK ANIMAL                        ,VCS,9,73,E,3,1,Day,1,1,1,0,0,0,2,5,Not at intersection,2,100,205752,N,2255694.134,2428138.514,SOUTHERN GRAMPIANS,SOUTH WESTERN REGION,RURAL_VICTORIA,-37.61558,142.23223,3294,Grampians National Park
644,T20060009588,05/01/06,21.45.00,3,Struck animal,5,Thursday,167,STRUCK ANIMAL                        ,VCS,9,72,A,2,5,Dark No street lights,1,2,0,2,0,0,1,5,Not at intersection,3,100,202417,N,2191021.087,2432356.363,GLENELG,SOUTH WESTERN REGION,RURAL_VICTORIA,-37.55842,141.50189,3312,Lower Glenelg National Park
645,T20060010273,17/02/06,17.00.00,3,Struck animal,6,Friday,167,STRUCK ANIMAL                        ,VCS,9,76,B,7,1,Day,1,1,0,1,0,0,2,5,Not at intersection,3,100,202986,N,2378054.69,2407605.422,GOLDEN PLAINS,SOUTH WESTERN REGION,RURAL_VICTORIA,-37.8246,143.61479,3351,Brisbane Ranges National Park
646,T20060010352,04/02/06,10.15.00,3,Struck animal,7,Saturday,167,STRUCK ANIMAL                        ,VCS,9,419,K,10,1,Day,1,1,0,1,0,0,2,5,Not at intersection,3,100,202757,N,2549985.683,2453735.351,MURRINDINDI,NORTH EASTERN REGION,RURAL_VICTORIA,-37.41559,145.56473,3717,Kinglake National Park
647,T20060010786,04/03/06,05.15.00,3,Struck animal,7,Saturday,167,STRUCK ANIMAL                        ,MEL,40,23,A,3,5,Dark No street lights,1,1,0,1,0,0,1,5,Not at intersection,3,60,203730,N,2517704.174,2421381.202,NILLUMBIK,METROPOLITAN NORTH WEST REGION,RURAL_VICTORIA,-37.7083,145.20079,3095,Dandenong Ranges National Park
648,T20060011231,02/04/06,19.00.00,3,Struck animal,1,Sunday,167,STRUCK ANIMAL                        ,VCS,9,35,H,5,5,Dark No street lights,1,4,0,4,0,0,1,5,Not at intersection,3,100,205857,N,2677848.809,2585389.811,WODONGA,NORTH EASTERN REGION,RURAL_VICTORIA,-36.21377,146.97812,3691,Chiltern-Mt Pilot National Park
649,T20060013771,13/04/06,19.20.00,3,Struck animal,5,Thursday,167,STRUCK ANIMAL                        ,VCS,9,32,J,2,5,Dark No street lights,1,1,0,1,0,0,1,5,Not at intersection,3,100,203860,N,2541496.42,2608674.211,MOIRA,NORTH EASTERN REGION,RURAL_VICTORIA,-36.01967,145.46035,3640,Lower Goulburn National Park
650,T20060014239,17/04/06,20.10.00,3,Struck animal,2,Monday,167,STRUCK ANIMAL                        ,VCS,9,61,B,2,5,Dark No street lights,1,1,1,0,0,0,1,2,T intersection,2,100,55656,N,2502813.832,2498902.313,MITCHELL,NORTHERN REGION,RURAL_VICTORIA,-37.00989,145.03162,3660,Heathcote-Graytown National Park
651,T20060015554,17/04/06,14.30.00,3,Struck animal,2,Monday,167,STRUCK ANIMAL                        ,VCS,9,60,F,2,1,Day,1,1,0,1,0,0,2,5,Not at intersection,3,100,204168,N,2488409.53,2497569.057,MITCHELL,NORTHERN REGION,RURAL_VICTORIA,-37.02184,144.86973,3662,Heathcote-Graytown National Park
652,T20060015725,24/04/06,19.50.00,3,Struck animal,2,Monday,167,STRUCK ANIMAL                        ,VCS,9,89,G,7,5,Dark No street lights,1,5,4,0,1,0,1,5,Not at intersection,1,100,202622,N,2267297.376,2348190.822,MOYNE,SOUTH WESTERN REGION,RURAL_VICTORIA,-38.33854,142.3383,3283,Mount Eccles National Park
653,T20060016571,12/04/06,21.30.00,3,Struck animal,4,Wednesday,167,STRUCK ANIMAL                        ,VCS,9,104,G,3,5,Dark No street lights,1,1,0,1,0,0,2,5,Not at intersection,3,100,204296,N,2663448.885,2322704.109,WELLINGTON,EASTERN REGION,RURAL_VICTORIA,-38.5829,146.87555,3874,Tarra-Bulga National Park
654,T20060018610,08/05/06,18.20.00,3,Struck animal,2,Monday,167,STRUCK ANIMAL                        ,VCS,9,32,D,4,5,Dark No street lights,1,1,0,1,0,0,1,5,Not at intersection,3,100,204522,N,2513180.543,2594810.797,MOIRA,NORTH EASTERN REGION,RURAL_VICTORIA,-36.14543,145.14646,3638,Lower Goulburn National Park
655,T20060019540,13/05/06,00.30.00,3,Struck animal,7,Saturday,167,STRUCK ANIMAL                        ,VCS,9,97,H,6,5,Dark No street lights,1,1,1,0,0,0,1,5,Not at intersection,2,100,204417,N,2621320.495,2357507.173,LATROBE,EASTERN REGION,RURAL_VICTORIA,-38.27597,146.3864,3840,Morwell National Park
656,T20060020748,19/05/06,22.10.00,3,Struck animal,6,Friday,167,STRUCK ANIMAL                        ,MEL,40,333,C,4,5,Dark No street lights,1,1,0,1,0,0,1,5,Not at intersection,3,110,209283,N,2448245.766,2426093.504,MOORABOOL,WESTERN REGION,RURAL_VICTORIA,-37.66457,144.41337,3340,Brisbane Ranges National Park
657,T20060021470,25/05/06,18.30.00,3,Struck animal,5,Thursday,167,STRUCK ANIMAL                        ,VCS,9,46,H,2,5,Dark No street lights,1,1,0,1,0,0,1,5,Not at intersection,3,100,207149,N,2538676.012,2553534.768,SHEPPARTON,NORTH EASTERN REGION,RURAL_VICTORIA,-36.51673,145.43184,3631,Lower Goulburn National Park
658,T20060022123,31/05/06,07.00.00,3,Struck animal,4,Wednesday,167,STRUCK ANIMAL                        ,VCS,9,83,B,6,2,Dusk/Dawn,1,1,0,1,0,0,2,5,Not at intersection,3,100,26296,N,2677453.125,2411093.806,WELLINGTON,EASTERN REGION,RURAL_VICTORIA,-37.78424,147.01474,3860,Mitchell River National Park
659,T20060022842,05/06/06,06.15.00,3,Struck animal,2,Monday,167,STRUCK ANIMAL                        ,VCS,9,97,J,6,5,Dark No street lights,1,1,0,1,0,0,1,2,T intersection,3,100,73150,I,2628311.917,2360018.313,LATROBE,EASTERN REGION,RURAL_VICTORIA,-38.25241,146.46584,3840,Morwell National Park
660,T20060023029,07/06/06,18.15.00,3,Struck animal,4,Wednesday,167,STRUCK ANIMAL                        ,VCS,9,419,G,6,2,Dusk/Dawn,1,1,1,0,0,0,1,5,Not at intersection,2,100,204824,N,2544849.809,2461906.431,MURRINDINDI,NORTH EASTERN REGION,RURAL_VICTORIA,-37.34222,145.50621,3717,Kinglake National Park
661,T20060023138,06/06/06,17.10.00,3,Struck animal,3,Tuesday,167,STRUCK ANIMAL                        ,VCS,9,76,C,4,5,Dark No street lights,1,1,0,1,0,0,2,5,Not at intersection,3,100,209820,N,2383130.361,2427039.194,GOLDEN PLAINS,SOUTH WESTERN REGION,SMALL_TOWNS,-37.65016,143.67551,3351,Brisbane Ranges National Park
662,T20060023323,09/06/06,06.05.00,3,Struck animal,6,Friday,167,STRUCK ANIMAL                        ,VCS,9,97,G,8,2,Dusk/Dawn,1,1,0,1,0,0,2,5,Not at intersection,3,100,204862,N,2617987.019,2340562.511,LATROBE,EASTERN REGION,RURAL_VICTORIA,-38.42901,146.35106,3870,Morwell National Park
663,T20060023574,21/05/06,14.30.00,3,Struck animal,1,Sunday,167,STRUCK ANIMAL                        ,VCS,9,44,F,7,1,Day,1,1,0,1,0,0,2,5,Not at intersection,3,100,204683,N,2436579.961,2517233.657,BENDIGO,NORTHERN REGION,RURAL_VICTORIA,-36.84255,144.28886,3551,Greater Bendigo National Park
664,T20060023786,12/06/06,08.30.00,3,Struck animal,2,Monday,167,STRUCK ANIMAL                        ,VCS,9,43,D,3,1,Day,1,3,0,1,0,2,2,5,Not at intersection,3,100,204935,N,2385416.464,2541435.994,LODDON,NORTHERN REGION,RURAL_VICTORIA,-36.61961,143.71886,3517,Kara Kara National Park
665,T20060023844,15/06/06,01.20.00,3,Struck animal,5,Thursday,167,STRUCK ANIMAL                        ,VCS,9,90,D,7,5,Dark No street lights,1,1,1,0,0,0,1,5,Not at intersection,2,70,205360,N,2300645.076,2349031.097,MOYNE,SOUTH WESTERN REGION,RURAL_VICTORIA,-38.33877,142.71981,3265,Port Campbell National Park
666,T20060024707,18/06/06,17.50.00,3,Struck animal,1,Sunday,167,STRUCK ANIMAL                        ,VCS,9,46,C,6,2,Dusk/Dawn,1,4,0,1,0,3,2,5,Not at intersection,3,100,205023,N,2508986.63,2523991.062,STRATHBOGIE,NORTH EASTERN REGION,RURAL_VICTORIA,-36.78374,145.10069,3608,Heathcote-Graytown National Park
667,T20060025878,02/07/06,01.35.00,3,Struck animal,1,Sunday,167,STRUCK ANIMAL                        ,MEL,40,359,G,5,3,Dark Street lights on,1,3,3,0,0,0,1,5,Not at intersection,2,100,112104,N,2473247.304,2410821.359,MELTON,METROPOLITAN NORTH WEST REGION,RURAL_VICTORIA,-37.80323,144.69621,3029,Organ Pipes National Park
668,T20060026934,10/07/06,18.00.00,3,Struck animal,2,Monday,167,STRUCK ANIMAL                        ,MEL,40,329,E,2,5,Dark No street lights,1,1,1,0,0,0,1,5,Not at intersection,2,100,205309,N,2456533.676,2431705.116,MOORABOOL,WESTERN REGION,RURAL_VICTORIA,-37.61443,144.50764,3340,Organ Pipes National Park
669,T20060027527,14/07/06,19.00.00,3,Struck animal,6,Friday,167,STRUCK ANIMAL                        ,VCS,9,88,C,6,5,Dark No street lights,2,6,0,5,0,1,1,5,Not at intersection,3,100,205366,N,2207906.155,2354144.855,GLENELG,SOUTH WESTERN REGION,RURAL_VICTORIA,-38.26808,141.66186,3305,Mount Richmond National Park
670,T20060027876,01/06/06,19.00.00,3,Struck animal,5,Thursday,167,STRUCK ANIMAL                        ,VCS,9,76,E,3,2,Dusk/Dawn,1,1,0,1,0,0,2,5,Not at intersection,3,999,205187,N,2392096.681,2430306.831,GOLDEN PLAINS,SOUTH WESTERN REGION,RURAL_VICTORIA,-37.6218,143.77759,3351,Brisbane Ranges National Park
671,T20060028296,11/04/06,18.00.00,3,Struck animal,3,Tuesday,167,STRUCK ANIMAL                        ,VCS,9,82,E,9,2,Dusk/Dawn,1,1,0,1,0,0,2,5,Not at intersection,3,100,204368,N,2658910.414,2392518.376,WELLINGTON,EASTERN REGION,RURAL_VICTORIA,-37.95492,146.80827,3858,Baw Baw National Park
672,T20060029208,28/07/06,04.30.00,3,Struck animal,6,Friday,167,STRUCK ANIMAL                        ,MEL,40,146,F,3,5,Dark No street lights,1,1,0,1,0,0,1,5,Not at intersection,3,100,205567,N,2507830.43,2363011.406,MORNINGTON PENINSULA,METROPOLITAN SOUTH EAST REGION,RURAL_VICTORIA,-38.23431,145.08943,3933,French Island National Park
673,T20060029315,23/07/06,22.20.00,3,Struck animal,1,Sunday,167,STRUCK ANIMAL                        ,MEL,40,367,D,5,4,Dark Street lights off,2,2,0,1,0,1,1,5,Not at intersection,3,110,210445,N,2495160.851,2439934.13,HUME,METROPOLITAN NORTH WEST REGION,RURAL_VICTORIA,-37.54128,144.94524,3064,Organ Pipes National Park
674,T20060029349,29/07/06,19.15.00,3,Struck animal,7,Saturday,167,STRUCK ANIMAL                        ,VCS,9,77,E,7,5,Dark No street lights,1,4,0,3,0,1,2,5,Not at intersection,3,100,205625,N,2432525.374,2403917.445,GEELONG,SOUTH WESTERN REGION,RURAL_VICTORIA,-37.86337,144.23316,3340,Brisbane Ranges National Park
675,T20060030642,12/06/06,20.00.00,3,Struck animal,2,Monday,167,STRUCK ANIMAL                        ,MEL,40,392,G,12,5,Dark No street lights,1,1,1,0,0,0,2,5,Not at intersection,2,80,205191,N,2516194.024,2432526.625,NILLUMBIK,METROPOLITAN NORTH WEST REGION,RURAL_VICTORIA,-37.6079,145.18342,3099,Kinglake National Park
676,T20060031547,26/07/06,13.00.00,3,Struck animal,4,Wednesday,167,STRUCK ANIMAL                        ,VCS,9,614,B,5,1,Day,1,1,0,1,0,0,2,5,Not at intersection,3,999,205645,N,2437234.591,2521314.883,BENDIGO,NORTHERN REGION,RURAL_VICTORIA,-36.80581,144.29654,3550,Greater Bendigo National Park
677,T20060031818,16/08/06,16.20.00,3,Struck animal,4,Wednesday,167,STRUCK ANIMAL                        ,VCS,9,60,G,4,1,Day,1,2,0,1,0,1,1,5,Not at intersection,3,100,26496,N,2489905.512,2483790.235,MITCHELL,NORTHERN REGION,RURAL_VICTORIA,-37.14603,144.88636,3521,Heathcote-Graytown National Park
678,T20060031988,20/08/06,10.50.00,3,Struck animal,1,Sunday,167,STRUCK ANIMAL                        ,MEL,40,125,A,6,1,Day,1,2,2,0,0,0,1,5,Not at intersection,2,999,205927,N,2537189.293,2400672.917,YARRA RANGES,METROPOLITAN SOUTH EAST REGION,RURAL_VICTORIA,-37.89431,145.42282,3793,Dandenong Ranges National Park
679,T20060032676,25/08/06,18.40.00,3,Struck animal,6,Friday,167,STRUCK ANIMAL                        ,VCS,9,417,A,6,5,Dark No street lights,1,3,1,0,1,1,1,5,Not at intersection,1,100,197667,N,2496390.631,2462948.097,MITCHELL,NORTHERN REGION,RURAL_VICTORIA,-37.3339,144.95927,3764,Kinglake National Park
680,T20060034583,31/08/06,18.40.00,3,Struck animal,5,Thursday,167,STRUCK ANIMAL                        ,VCS,9,35,C,7,1,Day,1,1,0,1,0,0,2,5,Not at intersection,3,60,209971,N,2649316.452,2570925.063,INDIGO,NORTH EASTERN REGION,RURAL_VICTORIA,-36.34903,146.66365,3747,Chiltern-Mt Pilot National Park
681,T20060034608,31/08/06,18.40.00,3,Struck animal,5,Thursday,167,STRUCK ANIMAL                        ,VCS,9,35,C,7,5,Dark No street lights,1,1,0,1,0,0,2,5,Not at intersection,3,60,206150,N,2649258.256,2570935.81,INDIGO,NORTH EASTERN REGION,RURAL_VICTORIA,-36.34894,146.663,3747,Chiltern-Mt Pilot National Park
682,T20060034800,13/09/06,11.20.00,3,Struck animal,4,Wednesday,167,STRUCK ANIMAL                        ,VCS,9,46,J,4,1,Day,1,1,1,0,0,0,1,5,Not at intersection,2,100,206309,N,2544224.339,2534874.815,STRATHBOGIE,NORTH EASTERN REGION,RURAL_VICTORIA,-36.68466,145.49487,3666,Lower Goulburn National Park
683,T20060035448,19/09/06,00.05.00,3,Struck animal,3,Tuesday,167,STRUCK ANIMAL                        ,VCS,9,459,D,3,5,Dark No street lights,2,1,1,0,0,0,1,5,Not at intersection,2,100,206573,N,2536148.924,2372895.041,CARDINIA,METROPOLITAN SOUTH EAST REGION,RURAL_VICTORIA,-38.1446,145.41236,3978,French Island National Park
684,T20060036011,23/09/06,18.30.00,3,Struck animal,7,Saturday,167,STRUCK ANIMAL                        ,VCS,9,100,E,9,2,Dusk/Dawn,1,2,0,1,0,1,1,5,Not at intersection,3,100,206558,N,2319263.672,2318408.725,CORANGAMITE,SOUTH WESTERN REGION,RURAL_VICTORIA,-38.61835,142.92506,3270,Port Campbell National Park
685,T20060037623,05/10/06,17.00.00,3,Struck animal,5,Thursday,167,STRUCK ANIMAL                        ,MEL,40,83,E,5,2,Dusk/Dawn,1,1,0,1,0,0,2,5,Not at intersection,3,90,203369,N,2526754.349,2396344.698,YARRA RANGES,METROPOLITAN SOUTH EAST REGION,RURAL_VICTORIA,-37.93366,145.30434,3156,Churchill National Park
686,T20060037884,06/10/06,03.20.00,3,Struck animal,6,Friday,167,STRUCK ANIMAL                        ,VCS,9,443,J,5,5,Dark No street lights,1,1,0,1,0,0,2,5,Not at intersection,3,100,238164,N,2440149.953,2394049.956,GEELONG,SOUTH WESTERN REGION,RURAL_VICTORIA,-37.95279,144.31901,3213,Brisbane Ranges National Park
687,T20060038460,13/10/06,19.10.00,3,Struck animal,6,Friday,167,STRUCK ANIMAL                        ,VCS,9,427,J,3,5,Dark No street lights,1,1,1,0,0,0,1,5,Not at intersection,2,100,208048,N,2512117.3,2443804.19,WHITTLESEA,METROPOLITAN NORTH WEST REGION,RURAL_VICTORIA,-37.50634,145.13706,3757,Kinglake National Park
688,T20060039530,21/10/06,19.30.00,3,Struck animal,7,Saturday,167,STRUCK ANIMAL                        ,VCS,9,44,E,4,5,Dark No street lights,1,2,0,1,0,1,2,5,Not at intersection,3,100,212556,N,2430007.058,2536910.729,BENDIGO,NORTHERN REGION,RURAL_VICTORIA,-36.66475,144.21698,3556,Greater Bendigo National Park
689,T20060039801,19/10/06,04.30.00,3,Struck animal,5,Thursday,167,STRUCK ANIMAL                        ,VCS,9,33,A,9,5,Dark No street lights,1,1,0,1,0,0,2,5,Not at intersection,3,100,206872,N,2547679.504,2556672.575,SHEPPARTON,NORTH EASTERN REGION,RURAL_VICTORIA,-36.48804,145.53217,3630,Lower Goulburn National Park
690,T20060041060,02/11/06,23.00.00,3,Struck animal,5,Thursday,167,STRUCK ANIMAL                        ,VCS,9,459,K,10,5,Dark No street lights,3,3,0,1,0,2,1,5,Not at intersection,3,100,203962,N,2547879.946,2358222.841,CARDINIA,METROPOLITAN SOUTH EAST REGION,RURAL_VICTORIA,-38.27624,145.54714,3984,French Island National Park
691,T20060041098,31/10/06,16.30.00,3,Struck animal,3,Tuesday,167,STRUCK ANIMAL                        ,VCS,9,103,B,3,1,Day,1,1,0,1,0,0,2,5,Not at intersection,3,100,206972,N,2597484.243,2324012.602,SOUTH GIPPSLAND,EASTERN REGION,RURAL_VICTORIA,-38.58046,146.11853,3957,Morwell National Park
692,T20060041344,03/11/06,20.15.00,3,Struck animal,6,Friday,167,STRUCK ANIMAL                        ,VCS,9,46,B,3,2,Dusk/Dawn,1,1,0,1,0,0,2,5,Not at intersection,3,100,207024,N,2501786.291,2547434.323,CAMPASPE,NORTHERN REGION,SMALL_TOWNS,-36.5725,145.01996,3612,Heathcote-Graytown National Park
693,T20060043620,18/10/06,23.10.00,3,Struck animal,4,Wednesday,167,STRUCK ANIMAL                        ,VCS,9,76,H,4,6,Dark Street lights unknown,1,1,0,1,0,0,1,5,Not at intersection,3,100,206974,N,2409621.895,2428887.063,MOORABOOL,WESTERN REGION,RURAL_VICTORIA,-37.63646,143.97594,3352,Brisbane Ranges National Park
694,T20060043654,31/10/06,21.20.00,3,Struck animal,3,Tuesday,167,STRUCK ANIMAL                        ,VCS,9,443,B,7,5,Dark No street lights,1,1,0,1,0,0,2,5,Not at intersection,3,100,210008,N,2424812.942,2391395.598,GOLDEN PLAINS,SOUTH WESTERN REGION,RURAL_VICTORIA,-37.97559,144.14424,3332,Brisbane Ranges National Park
695,T20060043900,25/11/06,21.55.00,3,Struck animal,7,Saturday,167,STRUCK ANIMAL                        ,VCS,9,97,D,6,5,Dark No street lights,1,3,0,1,0,2,1,5,Not at intersection,3,100,207135,N,2599928.32,2355723.609,BAW BAW,EASTERN REGION,RURAL_VICTORIA,-38.29459,146.14221,3835,Morwell National Park
696,T20060044819,02/12/06,12.00.00,3,Struck animal,7,Saturday,167,STRUCK ANIMAL                        ,VCS,9,77,E,2,1,Day,1,1,1,0,0,0,2,5,Not at intersection,2,999,208082,N,2431304.427,2442750.07,MOORABOOL,WESTERN REGION,RURAL_VICTORIA,-37.51339,144.22289,3342,Brisbane Ranges National Park
697,T20060045005,04/12/06,09.00.00,3,Struck animal,2,Monday,167,STRUCK ANIMAL                        ,VCS,9,47,C,8,1,Day,1,1,0,1,0,0,1,2,T intersection,3,100,26305,I,2559177.675,2507299.429,MANSFIELD,NORTH EASTERN REGION,RURAL_VICTORIA,-36.93235,145.66435,3666,Lake Eildon National Park
698,T20060045022,02/12/06,22.30.00,3,Struck animal,7,Saturday,167,STRUCK ANIMAL                        ,VCS,9,522,D,9,5,Dark No street lights,1,1,1,0,0,0,2,5,Not at intersection,2,100,204711,N,2424376.016,2392631.656,GOLDEN PLAINS,SOUTH WESTERN REGION,SMALL_TOWNS,-37.96442,144.13939,3332,Brisbane Ranges National Park
699,T20060046302,13/12/06,03.50.00,3,Struck animal,4,Wednesday,167,STRUCK ANIMAL                        ,VCS,9,32,D,7,5,Dark No street lights,1,1,1,0,0,0,1,5,Not at intersection,2,80,208148,N,2514584.996,2576137.985,SHEPPARTON,NORTH EASTERN REGION,RURAL_VICTORIA,-36.31369,145.16242,3620,Lower Goulburn National Park