,ACCIDENT_NO,ACCIDENT_DATE,ACCIDENT_TIME,ACCIDENT_TYPE,ACCIDENT_TYPE_DESC,DAY_OF_WEEK,DAY_WEEK_DESC,DCA_CODE,DCA_DESC,DIRECTORY,EDITION,PAGE,GRID_REFERENCE_X,GRID_REFERENCE_Y,LIGHT_CONDITION,LIGHT_CONDITION_DESC,NO_OF_VEHICLES,NO_PERSONS,NO_PERSONS_INJ_2,NO_PERSONS_INJ_3,NO_PERSONS_KILLED,NO_PERSONS_NOT_INJ,POLICE_ATTEND,ROAD_GEOMETRY,ROAD_GEOMETRY_DESC,SEVERITY,SPEED_ZONE,NODE_ID,NODE_TYPE,AMG_X,AMG_Y,LG_AREA_NAME,REGION_NAME,DEG_URBAN_NAME,LATITUDE,LONGITUDE,POSTCODE,NEAREST_NATIONAL_PARK_NAME
700,T20060047008,19/12/06,04.50.00,3,Struck animal,3,Tuesday,167,STRUCK ANIMAL                        ,MEL,40,318,D,5,5,Dark No street lights,1,1,0,0,1,0,1,5,Not at intersection,1,100,26360,N,2545932.638,2381698.357,CARDINIA,METROPOLITAN SOUTH EAST REGION,RURAL_VICTORIA,-38.06486,145.52341,3810,Dandenong Ranges National Park
701,T20060047270,19/12/06,20.00.00,3,Struck animal,3,Tuesday,167,STRUCK ANIMAL                        ,MEL,40,263,F,9,2,Dusk/Dawn,1,1,0,1,0,0,2,5,Not at intersection,3,80,210043,N,2519360.452,2428854.213,NILLUMBIK,METROPOLITAN NORTH WEST REGION,RURAL_VICTORIA,-37.64093,145.21938,3759,Kinglake National Park
702,T20060048143,27/12/06,13.00.00,3,Struck animal,4,Wednesday,167,STRUCK ANIMAL                        ,VCS,9,48,F,8,1,Day,1,1,0,1,0,0,2,5,Not at intersection,3,100,206439,N,2617075.049,2512344.415,WANGARATTA,NORTH EASTERN REGION,RURAL_VICTORIA,-36.88147,146.31348,3723,Mount Buffalo National Park
703,T20060048517,31/12/06,11.00.00,3,Struck animal,1,Sunday,167,STRUCK ANIMAL                        ,VCS,9,80,G,2,1,Day,1,1,1,0,0,0,1,5,Not at intersection,2,100,206457,N,2578216.656,2437425.556,YARRA RANGES,METROPOLITAN SOUTH EAST REGION,RURAL_VICTORIA,-37.56062,145.88537,3779,Yarra Ranges National Park
704,T20070000115,01/01/07,20.50.00,3,Struck animal,2,Monday,167,STRUCK ANIMAL                        ,MEL,40,934,D,4,5,Dark No street lights,1,5,1,4,0,0,1,5,Not at intersection,2,80,207216,N,2521154.275,2337527.508,BASS COAST,EASTERN REGION,RURAL_VICTORIA,-38.46365,145.24234,3922,French Island National Park
705,T20070000827,27/12/06,08.35.00,3,Struck animal,4,Wednesday,167,STRUCK ANIMAL                        ,VCS,9,76,D,3,1,Day,1,1,0,1,0,0,2,5,Not at intersection,3,100,210154,N,2389615.662,2433274.641,GOLDEN PLAINS,SOUTH WESTERN REGION,RURAL_VICTORIA,-37.59477,143.74993,3351,Brisbane Ranges National Park
706,T20070000853,14/12/06,10.00.00,3,Struck animal,5,Thursday,167,STRUCK ANIMAL                        ,VCS,9,29,B,8,1,Day,1,1,0,1,0,0,2,5,Not at intersection,3,100,208198,N,2372433.233,2562918.42,LODDON,NORTHERN REGION,RURAL_VICTORIA,-36.42436,143.57731,3518,Kara Kara National Park
707,T20070001527,15/01/07,20.45.00,3,Struck animal,2,Monday,167,STRUCK ANIMAL                        ,VCS,9,40,G,9,2,Dusk/Dawn,1,1,0,1,0,0,2,5,Not at intersection,3,100,210112,N,2261773.973,2500377.764,HORSHAM,WESTERN REGION,RURAL_VICTORIA,-36.96642,142.32407,3401,Grampians National Park
708,T20070002542,31/12/06,10.00.00,3,Struck animal,1,Sunday,167,STRUCK ANIMAL                        ,VCS,9,87,H,5,1,Day,1,1,0,1,0,0,2,5,Not at intersection,3,999,210096,N,2187800.077,2359037.198,GLENELG,SOUTH WESTERN REGION,RURAL_VICTORIA,-38.21747,141.43438,3305,Mount Richmond National Park
709,T20070002744,25/01/07,13.20.00,3,Struck animal,5,Thursday,167,STRUCK ANIMAL                        ,VCS,9,49,F,2,1,Day,1,1,1,0,0,0,2,5,Not at intersection,2,777,210645,N,2662612.601,2550539.073,ALPINE,NORTH EASTERN REGION,RURAL_VICTORIA,-36.53054,146.81609,3737,Mount Buffalo National Park
710,T20070003727,02/02/07,04.00.00,3,Struck animal,6,Friday,167,STRUCK ANIMAL                        ,VCS,9,645,M,2,5,Dark No street lights,1,1,1,0,0,0,1,5,Not at intersection,2,100,208896,N,2673703.448,2590373.792,WODONGA,NORTH EASTERN REGION,RURAL_VICTORIA,-36.16963,146.9309,3691,Chiltern-Mt Pilot National Park
711,T20070003776,02/02/07,09.45.00,3,Struck animal,6,Friday,167,STRUCK ANIMAL                        ,VCS,9,6,G,2,1,Day,1,1,1,0,0,0,1,5,Not at intersection,2,100,210287,N,2257810.445,2773497.21,MILDURA,WESTERN REGION,RURAL_VICTORIA,-34.50524,142.36448,3494,Hattah - Kulkyne National Park
712,T20070003777,25/01/07,21.45.00,3,Struck animal,5,Thursday,167,STRUCK ANIMAL                        ,VCS,9,57,H,8,5,Dark No street lights,1,1,0,1,0,0,2,5,Not at intersection,3,100,207504,N,2359238.888,2450347.309,PYRENEES,WESTERN REGION,RURAL_VICTORIA,-37.43686,143.40921,3373,Kara Kara National Park
713,T20070003883,03/02/07,03.00.00,3,Struck animal,7,Saturday,167,STRUCK ANIMAL                        ,VCS,9,443,E,2,5,Dark No street lights,1,1,1,0,0,0,2,5,Not at intersection,2,80,207477,N,2430903.653,2400796.714,GOLDEN PLAINS,SOUTH WESTERN REGION,RURAL_VICTORIA,-37.89137,144.21444,3213,Brisbane Ranges National Park
714,T20070004135,27/01/07,16.30.00,3,Struck animal,7,Saturday,167,STRUCK ANIMAL                        ,VCS,9,47,H,6,1,Day,1,1,1,0,0,0,2,5,Not at intersection,2,888,207506,N,2586208.49,2523250.463,BENALLA,NORTH EASTERN REGION,RURAL_VICTORIA,-36.78652,145.96597,3673,Lake Eildon National Park
715,T20070004477,06/02/07,08.05.00,3,Struck animal,3,Tuesday,167,STRUCK ANIMAL                        ,VCS,9,72,F,7,1,Day,1,1,0,1,0,0,2,5,Not at intersection,3,100,207512,N,2224359.631,2403120.887,SOUTHERN GRAMPIANS,SOUTH WESTERN REGION,RURAL_VICTORIA,-37.83214,141.86816,3302,Mount Eccles National Park
716,T20070005220,05/02/07,18.20.00,3,Struck animal,2,Monday,167,STRUCK ANIMAL                        ,VCS,9,103,D,6,1,Day,2,2,0,1,0,1,1,5,Not at intersection,3,80,210295,N,2604442.038,2298459.765,SOUTH GIPPSLAND,EASTERN REGION,RURAL_VICTORIA,-38.8098,146.20206,3960,Wilsons Promontory National Park
717,T20070006035,19/02/07,16.25.00,3,Struck animal,2,Monday,167,STRUCK ANIMAL                        ,VCS,9,81,H,9,1,Day,1,2,2,0,0,0,1,5,Not at intersection,2,100,212422,N,2624594.764,2391178.832,BAW BAW,EASTERN REGION,RURAL_VICTORIA,-37.97223,146.41808,3825,Baw Baw National Park
718,T20070006149,26/01/07,00.30.00,3,Struck animal,6,Friday,167,STRUCK ANIMAL                        ,VCS,9,80,B,7,5,Dark No street lights,1,1,0,1,0,0,2,5,Not at intersection,3,80,210194,N,2551442.627,2407121.106,YARRA RANGES,METROPOLITAN SOUTH EAST REGION,RURAL_VICTORIA,-37.83553,145.58442,3139,Dandenong Ranges National Park
719,T20070006341,22/02/07,05.40.00,3,Struck animal,5,Thursday,167,STRUCK ANIMAL                        ,VCS,9,708,H,3,5,Dark No street lights,1,1,1,0,0,0,1,5,Not at intersection,2,100,208333,N,2561693.989,2347645.215,SOUTH GIPPSLAND,EASTERN REGION,RURAL_VICTORIA,-38.3707,145.70589,3945,French Island National Park
720,T20070006807,25/02/07,09.30.00,3,Struck animal,1,Sunday,167,STRUCK ANIMAL                        ,VCS,9,417,D,7,1,Day,1,1,0,1,0,0,1,5,Not at intersection,3,100,207620,N,2502776.478,2461655.55,MITCHELL,NORTHERN REGION,RURAL_VICTORIA,-37.34555,145.03134,3758,Kinglake National Park
721,T20070008052,02/03/07,06.40.00,3,Struck animal,6,Friday,167,STRUCK ANIMAL                        ,VCS,9,418,C,1,2,Dusk/Dawn,1,1,0,1,0,0,2,5,Not at intersection,3,100,207756,N,2516847.787,2472561.212,MURRINDINDI,NORTH EASTERN REGION,RURAL_VICTORIA,-37.24713,145.18992,3658,Kinglake National Park
722,T20070008212,03/03/07,23.30.00,3,Struck animal,7,Saturday,167,STRUCK ANIMAL                        ,VCS,9,43,C,6,5,Dark No street lights,1,1,1,0,0,0,1,5,Not at intersection,2,100,211960,N,2381499.314,2525249.02,CENTRAL GOLDFIELDS,WESTERN REGION,RURAL_VICTORIA,-36.765,143.67255,3472,Kara Kara National Park
723,T20070009166,23/12/06,17.30.00,3,Struck animal,7,Saturday,167,STRUCK ANIMAL                        ,VCS,9,31,H,5,1,Day,1,1,0,1,0,0,2,5,Not at intersection,3,999,208215,N,2499334.733,2585947.023,CAMPASPE,NORTHERN REGION,RURAL_VICTORIA,-36.2254,144.9926,3621,Lower Goulburn National Park
724,T20070011182,23/03/07,08.28.00,3,Struck animal,6,Friday,167,STRUCK ANIMAL                        ,VCS,9,615,S,3,1,Day,1,1,0,1,0,0,2,5,Not at intersection,3,100,208628,N,2445393.657,2522101.9,BENDIGO,NORTHERN REGION,RURAL_VICTORIA,-36.79923,144.38804,3551,Greater Bendigo National Park
725,T20070012466,29/03/07,10.30.00,3,Struck animal,5,Thursday,167,STRUCK ANIMAL                        ,VCS,9,69,D,6,1,Day,1,2,0,1,0,1,2,5,Not at intersection,3,100,210432,N,2867513.975,2432373.859,EAST GIPPSLAND,EASTERN REGION,RURAL_VICTORIA,-37.53705,149.16003,3890,Lind National Park
726,T20070012479,07/04/07,06.20.00,3,Struck animal,7,Saturday,167,STRUCK ANIMAL                        ,MEL,40,388,B,11,2,Dusk/Dawn,1,1,1,0,0,0,1,5,Not at intersection,2,100,211235,N,2498420.438,2432995.017,WHITTLESEA,METROPOLITAN NORTH WEST REGION,RURAL_VICTORIA,-37.60382,144.98211,3750,Organ Pipes National Park
727,T20070012801,09/04/07,23.50.00,3,Struck animal,2,Monday,167,STRUCK ANIMAL                        ,VCS,9,419,E,9,5,Dark No street lights,1,1,1,0,0,0,1,5,Not at intersection,2,100,208407,N,2540618.285,2455242.484,MURRINDINDI,NORTH EASTERN REGION,RURAL_VICTORIA,-37.40246,145.45881,3717,Kinglake National Park
728,T20070012804,10/04/07,06.30.00,3,Struck animal,3,Tuesday,167,STRUCK ANIMAL                        ,VCS,9,419,E,2,1,Day,1,1,0,1,0,0,1,5,Not at intersection,3,100,208408,N,2540667.925,2470019.565,MURRINDINDI,NORTH EASTERN REGION,RURAL_VICTORIA,-37.2693,145.45857,3717,Kinglake National Park
729,T20070012887,11/04/07,00.36.00,3,Struck animal,4,Wednesday,167,STRUCK ANIMAL                        ,VCS,9,35,C,9,5,Dark No street lights,1,1,1,0,0,0,1,5,Not at intersection,2,100,208412,N,2650387.932,2558529.454,WANGARATTA,NORTH EASTERN REGION,RURAL_VICTORIA,-36.46056,146.67802,3747,Chiltern-Mt Pilot National Park
730,T20070013674,17/04/07,01.15.00,3,Struck animal,3,Tuesday,167,STRUCK ANIMAL                        ,VCS,9,23,B,9,5,Dark No street lights,1,1,1,0,0,0,1,5,Not at intersection,2,100,210679,N,2556205.908,2613429.403,MOIRA,NORTH EASTERN REGION,RURAL_VICTORIA,-35.97606,145.62319,3644,Lower Goulburn National Park
731,T20070014314,21/04/07,06.35.00,3,Struck animal,7,Saturday,167,STRUCK ANIMAL                        ,VCS,9,91,F,6,2,Dusk/Dawn,1,2,0,2,0,0,1,5,Not at intersection,3,100,212023,N,2351200.891,2356586.227,CORANGAMITE,SOUTH WESTERN REGION,RURAL_VICTORIA,-38.28025,143.29946,3260,Port Campbell National Park
732,T20070014407,22/04/07,08.30.00,3,Struck animal,1,Sunday,167,STRUCK ANIMAL                        ,VCS,9,89,D,4,1,Day,1,1,0,1,0,0,2,5,Not at intersection,3,100,210736,N,2248956.685,2370320.78,MOYNE,SOUTH WESTERN REGION,RURAL_VICTORIA,-38.13448,142.13625,3287,Mount Eccles National Park
733,T20070016141,05/05/07,06.25.00,3,Struck animal,7,Saturday,167,STRUCK ANIMAL                        ,MEL,40,140,D,12,2,Dusk/Dawn,1,1,1,0,0,0,1,5,Not at intersection,2,100,209003,N,2518729.745,2364146.01,MORNINGTON PENINSULA,METROPOLITAN SOUTH EAST REGION,RURAL_VICTORIA,-38.22393,145.21388,3912,French Island National Park
734,T20070016623,08/05/07,21.40.00,3,Struck animal,3,Tuesday,167,STRUCK ANIMAL                        ,VCS,9,22,J,9,5,Dark No street lights,2,2,0,2,0,0,1,5,Not at intersection,3,100,208761,N,2543644.041,2610943.42,MOIRA,NORTH EASTERN REGION,RURAL_VICTORIA,-35.99912,145.48405,3640,Lower Goulburn National Park
735,T20070017349,14/05/07,06.10.00,3,Struck animal,2,Monday,167,STRUCK ANIMAL                        ,MEL,40,328,F,4,5,Dark No street lights,1,1,0,1,0,0,1,5,Not at intersection,3,100,208867,N,2453028.095,2430588.637,MOORABOOL,WESTERN REGION,RURAL_VICTORIA,-37.62432,144.46786,3340,Organ Pipes National Park
736,T20070017384,15/05/07,05.40.00,3,Struck animal,3,Tuesday,167,STRUCK ANIMAL                        ,MEL,40,177,G,5,5,Dark No street lights,1,1,1,0,0,0,1,5,Not at intersection,2,100,209029,N,2484794.492,2430224.237,HUME,METROPOLITAN NORTH WEST REGION,RURAL_VICTORIA,-37.62866,144.82773,3428,Organ Pipes National Park
737,T20070018353,25/04/07,16.30.00,3,Struck animal,4,Wednesday,167,STRUCK ANIMAL                        ,VCS,9,97,G,9,1,Day,1,1,0,1,0,0,2,5,Not at intersection,3,100,209756,N,2615155.724,2337993.475,LATROBE,EASTERN REGION,RURAL_VICTORIA,-38.45251,146.31905,3870,Morwell National Park
738,T20070018536,22/05/07,22.15.00,3,Struck animal,3,Tuesday,167,STRUCK ANIMAL                        ,VCS,9,414,F,4,5,Dark No street lights,1,1,0,1,0,0,1,5,Not at intersection,3,100,209130,N,2450735.583,2467950.677,MACEDON RANGES,NORTHERN REGION,RURAL_VICTORIA,-37.28753,144.44436,3444,Organ Pipes National Park
739,T20070018964,26/05/07,19.00.00,3,Struck animal,7,Saturday,167,STRUCK ANIMAL                        ,VCS,9,81,G,9,2,Dusk/Dawn,1,1,1,0,0,0,1,5,Not at intersection,2,100,212865,N,2620555.304,2391538.541,BAW BAW,EASTERN REGION,RURAL_VICTORIA,-37.96952,146.37205,3825,Baw Baw National Park
740,T20070019000,26/05/07,18.50.00,3,Struck animal,7,Saturday,167,STRUCK ANIMAL                        ,MEL,40,356,B,6,5,Dark No street lights,1,2,0,2,0,0,1,5,Not at intersection,3,100,209057,N,2474900.141,2420139.556,MELTON,METROPOLITAN NORTH WEST REGION,RURAL_VICTORIA,-37.71932,144.71529,3335,Organ Pipes National Park
741,T20070019232,28/05/07,03.30.00,3,Struck animal,2,Monday,167,STRUCK ANIMAL                        ,MEL,40,203,F,3,5,Dark No street lights,1,1,1,0,0,0,1,5,Not at intersection,2,70,209113,N,2476495.788,2406943.263,WYNDHAM,METROPOLITAN NORTH WEST REGION,RURAL_VICTORIA,-37.83826,144.73297,3029,Organ Pipes National Park
742,T20070019331,25/05/07,21.00.00,3,Struck animal,6,Friday,167,STRUCK ANIMAL                        ,VCS,9,97,J,5,5,Dark No street lights,1,2,0,1,0,1,2,5,Not at intersection,3,100,209148,N,2630649.159,2366988.174,LATROBE,EASTERN REGION,RURAL_VICTORIA,-38.1893,146.49129,3844,Morwell National Park
743,T20070020105,03/06/07,19.40.00,3,Struck animal,1,Sunday,167,STRUCK ANIMAL                        ,VCS,9,91,E,4,5,Dark No street lights,2,2,0,1,0,1,1,5,Not at intersection,3,100,209196,N,2344581.883,2371351.902,CORANGAMITE,SOUTH WESTERN REGION,RURAL_VICTORIA,-38.14617,143.22697,3260,Port Campbell National Park
744,T20070020199,03/06/07,13.15.00,3,Struck animal,1,Sunday,167,STRUCK ANIMAL                        ,VCS,9,61,E,4,1,Day,1,1,1,0,0,0,2,5,Not at intersection,2,100,210916,N,2519571.197,2480562.534,MITCHELL,NORTHERN REGION,RURAL_VICTORIA,-37.17497,145.22041,3659,Kinglake National Park
745,T20070021236,13/06/07,06.44.00,3,Struck animal,4,Wednesday,167,STRUCK ANIMAL                        ,VCS,9,97,J,5,5,Dark No street lights,1,1,1,0,0,0,1,5,Not at intersection,2,100,209780,N,2630583.546,2366995.722,LATROBE,EASTERN REGION,RURAL_VICTORIA,-38.18924,146.49054,3844,Morwell National Park
746,T20070021976,18/06/07,18.25.00,3,Struck animal,2,Monday,167,STRUCK ANIMAL                        ,VCS,9,459,K,2,5,Dark No street lights,1,2,0,2,0,0,1,5,Not at intersection,3,100,212897,N,2549119.972,2374564.025,CARDINIA,METROPOLITAN SOUTH EAST REGION,RURAL_VICTORIA,-38.12897,145.56021,3812,French Island National Park
747,T20070023279,28/06/07,06.40.00,3,Struck animal,5,Thursday,167,STRUCK ANIMAL                        ,VCS,9,46,E,2,5,Dark No street lights,1,1,0,1,0,0,2,5,Not at intersection,3,100,209878,N,2519957.793,2555211.321,SHEPPARTON,NORTH EASTERN REGION,RURAL_VICTORIA,-36.5022,145.2228,3610,Lower Goulburn National Park
748,T20070023743,01/07/07,17.45.00,3,Struck animal,1,Sunday,167,STRUCK ANIMAL                        ,VCS,9,91,C,5,5,Dark No street lights,1,1,0,1,0,0,1,5,Not at intersection,3,100,209928,N,2335004.184,2363703.77,CORANGAMITE,SOUTH WESTERN REGION,RURAL_VICTORIA,-38.2134,143.11601,3260,Port Campbell National Park
749,T20070024130,04/07/07,18.40.00,3,Struck animal,4,Wednesday,167,STRUCK ANIMAL                        ,VCS,9,20,H,6,5,Dark No street lights,1,3,3,0,0,0,1,5,Not at intersection,2,100,210005,N,2405164.771,2636928.99,GANNAWARRA,NORTHERN REGION,RURAL_VICTORIA,-35.76123,143.9514,3579,Gunbower National Park
750,T20070024613,08/07/07,06.00.00,3,Struck animal,1,Sunday,167,STRUCK ANIMAL                        ,VCS,9,33,B,5,2,Dusk/Dawn,1,1,0,1,0,0,1,5,Not at intersection,3,100,209857,N,2551336.257,2588709.946,MOIRA,NORTH EASTERN REGION,RURAL_VICTORIA,-36.19911,145.57084,3636,Lower Goulburn National Park
751,T20070024708,08/07/07,17.40.00,3,Struck animal,1,Sunday,167,STRUCK ANIMAL                        ,VCS,9,103,E,4,5,Dark No street lights,3,6,0,3,0,3,1,5,Not at intersection,3,100,212875,N,2613850.103,2315851.018,SOUTH GIPPSLAND,EASTERN REGION,RURAL_VICTORIA,-38.65208,146.30758,3962,Morwell National Park
752,T20070024769,07/07/07,11.00.00,3,Struck animal,7,Saturday,167,STRUCK ANIMAL                        ,VCS,9,80,B,9,1,Day,1,1,0,1,0,0,2,5,Not at intersection,3,100,212876,N,2554782.988,2394289.013,CARDINIA,METROPOLITAN SOUTH EAST REGION,RURAL_VICTORIA,-37.95095,145.62332,3783,Dandenong Ranges National Park
753,T20070025126,11/07/07,17.50.00,3,Struck animal,4,Wednesday,167,STRUCK ANIMAL                        ,MEL,40,143,C,1,5,Dark No street lights,2,2,0,2,0,0,1,5,Not at intersection,3,100,209888,N,2530000.042,2368512.562,CASEY,METROPOLITAN SOUTH EAST REGION,RURAL_VICTORIA,-38.1843,145.3424,3977,French Island National Park
754,T20070025211,11/07/07,18.00.00,3,Struck animal,4,Wednesday,167,STRUCK ANIMAL                        ,VCS,9,60,E,2,5,Dark No street lights,1,2,0,2,0,0,1,5,Not at intersection,3,100,212904,N,2481763.047,2496404.065,MITCHELL,NORTHERN REGION,RURAL_VICTORIA,-37.03223,144.795,3522,Heathcote-Graytown National Park
755,T20070026781,21/07/07,00.15.00,3,Struck animal,7,Saturday,167,STRUCK ANIMAL                        ,VCS,9,63,E,3,5,Dark No street lights,1,1,0,1,0,0,2,5,Not at intersection,3,100,211469,N,2610644.26,2487810.656,MANSFIELD,NORTH EASTERN REGION,RURAL_VICTORIA,-37.10333,146.24494,3723,Lake Eildon National Park
756,T20070029177,11/08/07,14.45.00,3,Struck animal,7,Saturday,167,STRUCK ANIMAL                        ,VCS,9,56,C,5,1,Day,1,1,1,0,0,0,2,5,Not at intersection,2,100,27370,N,2290030.802,2469812.106,ARARAT,WESTERN REGION,RURAL_VICTORIA,-37.24853,142.6328,3381,Grampians National Park
757,T20070029619,13/08/07,04.15.00,3,Struck animal,2,Monday,167,STRUCK ANIMAL                        ,VCS,9,612,C,6,5,Dark No street lights,1,4,1,3,0,0,1,5,Not at intersection,2,100,216795,N,2428120.276,2520868.872,BENDIGO,NORTHERN REGION,RURAL_VICTORIA,-36.80918,144.19435,3551,Greater Bendigo National Park
758,T20070029801,30/06/07,15.00.00,3,Struck animal,7,Saturday,167,STRUCK ANIMAL                        ,VCS,9,673,R,2,1,Day,1,2,0,2,0,0,2,5,Not at intersection,3,100,210812,N,2537320.414,2572335.773,SHEPPARTON,NORTH EASTERN REGION,RURAL_VICTORIA,-36.34734,145.41579,3631,Lower Goulburn National Park
759,T20070031088,24/08/07,19.50.00,3,Struck animal,6,Friday,167,STRUCK ANIMAL                        ,VCS,9,66,B,3,5,Dark No street lights,1,1,0,1,0,0,1,5,Not at intersection,3,100,213025,N,2732557,2483769.992,EAST GIPPSLAND,EASTERN REGION,RURAL_VICTORIA,-37.11745,147.61741,3898,Alpine National Park
760,T20070031478,29/08/07,22.50.00,3,Struck animal,4,Wednesday,167,STRUCK ANIMAL                        ,MEL,40,360,F,11,5,Dark No street lights,1,1,0,1,0,0,1,5,Not at intersection,3,80,211749,N,2476792.453,2408532.641,WYNDHAM,METROPOLITAN NORTH WEST REGION,RURAL_VICTORIA,-37.82395,144.73639,3029,Organ Pipes National Park
761,T20070031716,23/08/07,14.30.00,3,Struck animal,5,Thursday,167,STRUCK ANIMAL                        ,VCS,9,35,E,7,1,Day,1,1,1,0,0,0,2,5,Not at intersection,2,100,211666,N,2657879.554,2571294.837,INDIGO,NORTH EASTERN REGION,RURAL_VICTORIA,-36.34431,146.75896,3747,Chiltern-Mt Pilot National Park
762,T20070032024,02/09/07,20.35.00,3,Struck animal,1,Sunday,167,STRUCK ANIMAL                        ,MEL,40,281,F,4,5,Dark No street lights,1,1,0,1,0,0,2,5,Not at intersection,3,100,213067,N,2535117.655,2421181.652,YARRA RANGES,METROPOLITAN SOUTH EAST REGION,RURAL_VICTORIA,-37.7096,145.39829,3770,Dandenong Ranges National Park
763,T20070032608,08/09/07,14.10.00,3,Struck animal,7,Saturday,167,STRUCK ANIMAL                        ,VCS,9,101,A,2,1,Day,1,1,1,0,0,0,1,5,Not at intersection,2,100,212016,N,2372086.417,2326833.877,COLAC OTWAY,SOUTH WESTERN REGION,RURAL_VICTORIA,-38.55133,143.53287,3239,Great Otway National Park
764,T20070033046,26/08/07,07.15.00,3,Struck animal,1,Sunday,167,STRUCK ANIMAL                        ,VCS,9,35,B,8,1,Day,1,1,0,1,0,0,2,5,Not at intersection,3,100,212638,N,2641265.414,2566762.806,WANGARATTA,NORTH EASTERN REGION,RURAL_VICTORIA,-36.38777,146.57473,3678,Chiltern-Mt Pilot National Park
765,T20070033330,12/09/07,17.30.00,3,Struck animal,4,Wednesday,167,STRUCK ANIMAL                        ,VCS,9,61,D,2,1,Day,1,1,0,1,0,0,2,5,Not at intersection,3,100,212108,N,2516713.157,2495599.21,MITCHELL,NORTHERN REGION,RURAL_VICTORIA,-37.03951,145.18789,3660,Heathcote-Graytown National Park
766,T20070033858,06/09/07,07.50.00,3,Struck animal,5,Thursday,167,STRUCK ANIMAL                        ,VCS,9,83,D,6,1,Day,1,1,0,1,0,0,2,5,Not at intersection,3,100,211994,N,2689410.56,2407957.991,WELLINGTON,EASTERN REGION,RURAL_VICTORIA,-37.81013,147.15126,3862,Mitchell River National Park
767,T20070033957,14/09/07,19.00.00,3,Struck animal,6,Friday,167,STRUCK ANIMAL                        ,VCS,9,46,E,3,5,Dark No street lights,1,1,1,0,0,0,1,5,Not at intersection,2,100,212142,N,2519937.722,2547119.339,SHEPPARTON,NORTH EASTERN REGION,RURAL_VICTORIA,-36.57513,145.22278,3610,Heathcote-Graytown National Park
768,T20070034141,19/09/07,22.10.00,3,Struck animal,4,Wednesday,167,STRUCK ANIMAL                        ,VCS,9,31,H,9,5,Dark No street lights,1,1,0,1,0,0,1,5,Not at intersection,3,100,213570,N,2497012.265,2561033.034,CAMPASPE,NORTHERN REGION,RURAL_VICTORIA,-36.44994,144.96667,3623,Heathcote-Graytown National Park
769,T20070034261,14/09/07,23.45.00,3,Struck animal,6,Friday,167,STRUCK ANIMAL                        ,VCS,9,37,F,7,5,Dark No street lights,1,2,0,1,0,1,2,5,Not at intersection,3,100,212195,N,2754845.339,2571992.934,TOWONG,NORTH EASTERN REGION,RURAL_VICTORIA,-36.31692,147.83852,3707,Burrowa - Pine Mountain National Park
770,T20070034798,21/09/07,17.20.00,3,Struck animal,6,Friday,167,STRUCK ANIMAL                        ,MEL,40,160,E,9,1,Day,1,1,0,1,0,0,1,5,Not at intersection,3,100,212159,N,2499590.89,2350577.701,MORNINGTON PENINSULA,METROPOLITAN SOUTH EAST REGION,RURAL_VICTORIA,-38.34635,144.99532,3936,Mornington Peninsula National Park
771,T20070034936,26/09/07,18.00.00,3,Struck animal,4,Wednesday,167,STRUCK ANIMAL                        ,VCS,9,93,F,7,2,Dusk/Dawn,1,1,0,1,0,0,1,2,T intersection,3,100,50354,I,2435204.635,2350037.724,SURF COAST,SOUTH WESTERN REGION,RURAL_VICTORIA,-38.34894,144.25884,3228,Point Nepean National Park
772,T20070035624,28/09/07,14.00.00,3,Struck animal,6,Friday,167,STRUCK ANIMAL                        ,VCS,9,57,G,6,1,Day,1,1,1,0,0,0,2,5,Not at intersection,2,100,212320,N,2352432.654,2467695.666,PYRENEES,WESTERN REGION,RURAL_VICTORIA,-37.2795,143.33573,3468,Kara Kara National Park
773,T20070035860,30/09/07,16.00.00,3,Struck animal,1,Sunday,167,STRUCK ANIMAL                        ,VCS,9,46,B,4,1,Day,1,1,1,0,0,0,2,5,Not at intersection,2,100,56543,I,2501765.212,2538349.666,CAMPASPE,NORTHERN REGION,RURAL_VICTORIA,-36.65438,145.01974,3612,Heathcote-Graytown National Park
774,T20070036174,06/10/07,19.00.00,3,Struck animal,7,Saturday,167,STRUCK ANIMAL                        ,VCS,9,62,F,3,5,Dark No street lights,1,1,1,0,0,0,2,5,Not at intersection,2,80,212329,N,2576000.015,2492333.17,MANSFIELD,NORTH EASTERN REGION,RURAL_VICTORIA,-37.06602,145.8547,3720,Lake Eildon National Park
775,T20070036330,07/10/07,19.15.00,3,Struck animal,1,Sunday,167,STRUCK ANIMAL                        ,VCS,9,100,D,9,5,Dark No street lights,1,1,0,1,0,0,1,5,Not at intersection,3,100,213154,N,2311755.961,2321822.815,MOYNE,SOUTH WESTERN REGION,RURAL_VICTORIA,-38.5861,142.83979,3270,Port Campbell National Park
776,T20070037315,14/10/07,21.18.00,3,Struck animal,1,Sunday,167,STRUCK ANIMAL                        ,MEL,40,645,B,5,5,Dark No street lights,1,2,1,1,0,0,1,5,Not at intersection,2,100,27672,N,2494586.829,2456189.507,MITCHELL,NORTHERN REGION,RURAL_VICTORIA,-37.3948,144.93886,3756,Kinglake National Park
777,T20070037675,24/08/07,02.00.00,3,Struck animal,6,Friday,167,STRUCK ANIMAL                        ,MEL,40,178,C,6,5,Dark No street lights,1,2,0,1,0,1,2,5,Not at intersection,3,100,213212,N,2487022.754,2429929.323,HUME,METROPOLITAN NORTH WEST REGION,RURAL_VICTORIA,-37.63135,144.85297,3059,Organ Pipes National Park