,ACCIDENT_NO,ACCIDENT_DATE,ACCIDENT_TIME,ACCIDENT_TYPE,ACCIDENT_TYPE_DESC,DAY_OF_WEEK,DAY_WEEK_DESC,DCA_CODE,DCA_DESC,DIRECTORY,EDITION,PAGE,GRID_REFERENCE_X,GRID_REFERENCE_Y,LIGHT_CONDITION,LIGHT_CONDITION_DESC,NO_OF_VEHICLES,NO_PERSONS,NO_PERSONS_INJ_2,NO_PERSONS_INJ_3,NO_PERSONS_KILLED,NO_PERSONS_NOT_INJ,POLICE_ATTEND,ROAD_GEOMETRY,ROAD_GEOMETRY_DESC,SEVERITY,SPEED_ZONE,NODE_ID,NODE_TYPE,AMG_X,AMG_Y,LG_AREA_NAME,REGION_NAME,DEG_URBAN_NAME,LATITUDE,LONGITUDE,POSTCODE,NEAREST_NATIONAL_PARK_NAME
778,T20070038154,21/10/07,10.15.00,3,Struck animal,1,Sunday,167,STRUCK ANIMAL                        ,VCS,9,53,H,7,1,Day,1,1,0,0,1,0,1,5,Not at intersection,1,100,211458,N,2180158.195,2456426.802,WEST WIMMERA,WESTERN REGION,RURAL_VICTORIA,-37.33801,141.38935,3312,Lower Glenelg National Park
779,T20070039193,06/10/07,10.00.00,3,Struck animal,7,Saturday,167,STRUCK ANIMAL                        ,MEL,40,454,H,11,1,Day,1,1,1,0,0,0,2,5,Not at intersection,2,80,213662,N,2453865.6,2369332.074,GEELONG,SOUTH WESTERN REGION,RURAL_VICTORIA,-38.17626,144.47351,3224,Point Nepean National Park
780,T20070040086,03/11/07,01.05.00,3,Struck animal,7,Saturday,167,STRUCK ANIMAL                        ,MEL,40,139,J,1,5,Dark No street lights,1,2,1,0,0,1,1,5,Not at intersection,2,100,213727,N,2532454.548,2373505.612,CASEY,METROPOLITAN SOUTH EAST REGION,SMALL_TOWNS,-38.13924,145.37019,3978,French Island National Park
781,T20070040220,28/10/07,14.30.00,3,Struck animal,1,Sunday,167,STRUCK ANIMAL                        ,MEL,40,933,G,6,1,Day,1,1,1,0,0,0,2,5,Not at intersection,2,80,213682,N,2511596.514,2332492.786,BASS COAST,EASTERN REGION,RURAL_VICTORIA,-38.50917,145.13293,3922,Mornington Peninsula National Park
782,T20070040959,10/11/07,18.20.00,3,Struck animal,7,Saturday,167,STRUCK ANIMAL                        ,VCS,9,56,A,7,1,Day,1,1,1,0,0,0,1,5,Not at intersection,2,100,213780,N,2279318.661,2456778.225,ARARAT,WESTERN REGION,RURAL_VICTORIA,-37.36348,142.50824,3379,Grampians National Park
783,T20070042226,19/11/07,20.30.00,3,Struck animal,2,Monday,167,STRUCK ANIMAL                        ,VCS,9,98,H,3,3,Dark Street lights on,1,2,2,0,0,0,1,5,Not at intersection,2,100,216800,N,2672212.758,2376110.111,WELLINGTON,EASTERN REGION,RURAL_VICTORIA,-38.10034,146.96345,3851,Tarra-Bulga National Park
784,T20070045289,12/12/07,05.15.00,3,Struck animal,4,Wednesday,167,STRUCK ANIMAL                        ,MEL,40,311,J,11,2,Dusk/Dawn,1,1,1,0,0,0,1,5,Not at intersection,2,80,214355,N,2544154.685,2393687.141,CARDINIA,METROPOLITAN SOUTH EAST REGION,RURAL_VICTORIA,-37.95694,145.50243,3781,Dandenong Ranges National Park
785,T20070045464,12/12/07,21.30.00,3,Struck animal,4,Wednesday,167,STRUCK ANIMAL                        ,VCS,9,60,B,3,5,Dark No street lights,1,1,0,1,0,0,2,5,Not at intersection,3,100,28140,N,2465354.315,2489587.445,MITCHELL,NORTHERN REGION,RURAL_VICTORIA,-37.0932,144.61024,3444,Heathcote-Graytown National Park
786,T20070046057,09/12/07,21.30.00,3,Struck animal,1,Sunday,167,STRUCK ANIMAL                        ,VCS,9,691,N,6,6,Dark Street lights unknown,1,4,0,1,0,3,2,5,Not at intersection,3,60,214455,N,2726246.804,2380450.513,WELLINGTON,EASTERN REGION,SMALL_TOWNS,-38.04964,147.5779,3851,The Lakes National Park
787,T20070047753,28/12/07,05.00.00,3,Struck animal,6,Friday,167,STRUCK ANIMAL                        ,MEL,40,697,G,7,5,Dark No street lights,1,1,0,1,0,0,1,5,Not at intersection,3,110,217683,N,2469135.088,2439445.026,HUME,METROPOLITAN NORTH WEST REGION,RURAL_VICTORIA,-37.54519,144.6507,3429,Organ Pipes National Park
788,T20080000001,28/12/07,17.00.00,3,Struck animal,6,Friday,167,STRUCK ANIMAL                        ,VCS,9,49,A,3,1,Day,1,1,1,0,0,0,2,5,Not at intersection,2,100,214597,N,2635285.964,2545755.572,WANGARATTA,NORTH EASTERN REGION,RURAL_VICTORIA,-36.57795,146.51181,3678,Mount Buffalo National Park
789,T20080000005,31/12/07,23.20.00,3,Struck animal,2,Monday,167,STRUCK ANIMAL                        ,VCS,9,84,C,8,5,Dark No street lights,1,1,1,0,0,0,1,5,Not at intersection,2,100,216817,N,2735033.855,2397511.768,EAST GIPPSLAND,EASTERN REGION,SMALL_TOWNS,-37.89381,147.67252,3878,The Lakes National Park
790,T20080000752,07/01/08,23.10.00,3,Struck animal,2,Monday,167,STRUCK ANIMAL                        ,VCS,9,91,J,8,5,Dark No street lights,1,2,1,1,0,0,1,5,Not at intersection,2,100,214811,N,2367507.785,2340170.179,COLAC OTWAY,SOUTH WESTERN REGION,RURAL_VICTORIA,-38.43058,143.4828,3249,Great Otway National Park
791,T20080001004,10/01/08,01.30.00,3,Struck animal,5,Thursday,167,STRUCK ANIMAL                        ,MEL,40,278,C,10,5,Dark No street lights,1,1,1,0,0,0,1,5,Not at intersection,2,100,214875,N,2545767.855,2423400.365,YARRA RANGES,METROPOLITAN SOUTH EAST REGION,RURAL_VICTORIA,-37.68915,145.51894,3777,Dandenong Ranges National Park
792,T20080002098,19/01/08,06.30.00,3,Struck animal,7,Saturday,167,STRUCK ANIMAL                        ,VCS,9,103,D,4,1,Day,1,1,1,0,0,0,1,5,Not at intersection,2,100,214924,N,2606601.63,2316121.083,SOUTH GIPPSLAND,EASTERN REGION,RURAL_VICTORIA,-38.65052,146.2243,3960,Morwell National Park
793,T20080002852,24/01/08,04.30.00,3,Struck animal,5,Thursday,167,STRUCK ANIMAL                        ,VCS,9,23,F,9,5,Dark No street lights,1,1,1,0,0,0,2,5,Not at intersection,2,100,215050,N,2578356.96,2611136.499,MOIRA,NORTH EASTERN REGION,RURAL_VICTORIA,-35.99516,145.86901,3730,Warby-Ovens National Park
794,T20080003584,23/01/08,22.00.00,3,Struck animal,4,Wednesday,167,STRUCK ANIMAL                        ,MEL,40,308,D,5,5,Dark No street lights,2,4,0,1,0,3,1,5,Not at intersection,3,100,188442,N,2546164.547,2406065.461,YARRA RANGES,METROPOLITAN SOUTH EAST REGION,RURAL_VICTORIA,-37.84532,145.52452,3139,Dandenong Ranges National Park
795,T20080004293,04/02/08,08.30.00,3,Struck animal,2,Monday,167,STRUCK ANIMAL                        ,MEL,40,200,E,12,9,Unknown,1,1,0,1,0,0,2,5,Not at intersection,3,999,215142,N,2456682.449,2389874.8,GEELONG,SOUTH WESTERN REGION,RURAL_VICTORIA,-37.99133,144.50687,3211,Brisbane Ranges National Park
796,T20080004355,01/02/08,11.40.00,3,Struck animal,6,Friday,167,STRUCK ANIMAL                        ,VCS,9,58,A,5,1,Day,1,1,0,1,0,0,2,5,Not at intersection,3,100,225296,N,2368217.051,2471674.795,PYRENEES,WESTERN REGION,RURAL_VICTORIA,-37.246,143.51442,3352,Kara Kara National Park
797,T20080004859,10/02/08,08.45.00,3,Struck animal,1,Sunday,167,STRUCK ANIMAL                        ,VCS,9,40,J,8,1,Day,1,2,1,1,0,0,1,5,Not at intersection,2,100,215176,N,2273822.093,2509802.176,HORSHAM,WESTERN REGION,RURAL_VICTORIA,-36.88449,142.46216,3385,Grampians National Park
798,T20080004951,11/02/08,00.55.00,3,Struck animal,2,Monday,167,STRUCK ANIMAL                        ,VCS,9,48,E,9,5,Dark No street lights,1,1,0,1,0,0,1,5,Not at intersection,3,100,215194,N,2607461.385,2504394.493,MANSFIELD,NORTH EASTERN REGION,RURAL_VICTORIA,-36.95426,146.20677,3723,Lake Eildon National Park
799,T20080007189,26/02/08,23.25.00,3,Struck animal,3,Tuesday,167,STRUCK ANIMAL                        ,VCS,9,49,H,5,3,Dark Street lights on,1,1,0,0,1,0,1,2,T intersection,1,100,56880,I,2678213.95,2527945.28,ALPINE,NORTH EASTERN REGION,RURAL_VICTORIA,-36.73131,146.99557,3741,Mount Buffalo National Park
800,T20080007410,29/02/08,03.45.00,3,Struck animal,6,Friday,167,STRUCK ANIMAL                        ,VCS,9,61,E,5,5,Dark No street lights,1,1,0,1,0,0,1,5,Not at intersection,3,100,28362,N,2517673.189,2472716.409,MURRINDINDI,NORTH EASTERN REGION,RURAL_VICTORIA,-37.24571,145.19922,3658,Kinglake National Park
801,T20080009562,15/03/08,20.15.00,3,Struck animal,7,Saturday,167,STRUCK ANIMAL                        ,VCS,9,91,B,5,5,Dark No street lights,1,5,0,1,0,4,1,5,Not at intersection,3,100,215789,N,2327557.887,2366084.672,CORANGAMITE,SOUTH WESTERN REGION,RURAL_VICTORIA,-38.1906,143.03157,3260,Port Campbell National Park
802,T20080009734,17/03/08,03.50.00,3,Struck animal,2,Monday,167,STRUCK ANIMAL                        ,VCS,9,598,B,9,5,Dark No street lights,1,1,0,1,0,0,2,5,Not at intersection,3,80,215832,N,2500252.278,2546460.075,CAMPASPE,NORTHERN REGION,SMALL_TOWNS,-36.58128,145.00282,3612,Heathcote-Graytown National Park
803,T20080009807,18/03/08,07.30.00,3,Struck animal,3,Tuesday,167,STRUCK ANIMAL                        ,VCS,9,103,A,6,1,Day,1,1,1,0,0,0,2,5,Not at intersection,2,100,215953,N,2591010.143,2302215.434,SOUTH GIPPSLAND,EASTERN REGION,RURAL_VICTORIA,-38.77741,146.04701,3959,Wilsons Promontory National Park
804,T20080013720,17/04/08,01.45.00,3,Struck animal,5,Thursday,167,STRUCK ANIMAL                        ,VCS,9,23,D,9,5,Dark No street lights,1,1,0,1,0,0,1,5,Not at intersection,3,100,216252,N,2564830.964,2614088.926,MOIRA,NORTH EASTERN REGION,RURAL_VICTORIA,-35.96957,145.71876,3644,Lower Goulburn National Park
805,T20080014041,12/04/08,16.30.00,3,Struck animal,7,Saturday,167,STRUCK ANIMAL                        ,MEL,40,315,E,9,1,Day,1,1,0,1,0,0,2,5,Not at intersection,3,100,216227,N,2542617.097,2384946.203,CARDINIA,METROPOLITAN SOUTH EAST REGION,RURAL_VICTORIA,-38.03576,145.48544,3810,Dandenong Ranges National Park
806,T20080014255,19/04/08,23.00.00,3,Struck animal,7,Saturday,167,STRUCK ANIMAL                        ,MEL,40,279,B,7,5,Dark No street lights,1,2,0,1,0,1,1,5,Not at intersection,3,60,216284,N,2525893.545,2419678.472,YARRA RANGES,METROPOLITAN SOUTH EAST REGION,RURAL_VICTORIA,-37.72345,145.29373,3116,Dandenong Ranges National Park
807,T20080014439,21/04/08,06.00.00,3,Struck animal,2,Monday,167,STRUCK ANIMAL                        ,VCS,9,73,C,5,2,Dusk/Dawn,1,1,0,1,0,0,2,2,T intersection,3,100,56996,I,2244056.231,2417491.9,SOUTHERN GRAMPIANS,SOUTH WESTERN REGION,RURAL_VICTORIA,-37.70834,142.09679,3301,Mount Eccles National Park
808,T20080015108,26/04/08,02.30.00,3,Struck animal,7,Saturday,167,STRUCK ANIMAL                        ,VCS,9,46,D,3,5,Dark No street lights,1,1,1,0,0,0,1,5,Not at intersection,2,100,216785,N,2513328.08,2544089.148,SHEPPARTON,NORTH EASTERN REGION,RURAL_VICTORIA,-36.60256,145.14898,3610,Heathcote-Graytown National Park
809,T20080015319,28/04/08,08.00.00,3,Struck animal,2,Monday,167,STRUCK ANIMAL                        ,VCS,9,55,E,4,1,Day,1,2,0,2,0,0,1,5,Not at intersection,3,100,216311,N,2253673.615,2477543.688,SOUTHERN GRAMPIANS,SOUTH WESTERN REGION,RURAL_VICTORIA,-37.17003,142.22566,3314,Grampians National Park
810,T20080015377,28/04/08,14.30.00,3,Struck animal,2,Monday,167,STRUCK ANIMAL                        ,VCS,9,33,C,8,1,Day,1,1,0,1,0,0,2,5,Not at intersection,3,100,216373,N,2557031.531,2564313.356,SHEPPARTON,NORTH EASTERN REGION,RURAL_VICTORIA,-36.41866,145.63598,3631,Lower Goulburn National Park
811,T20080016279,01/03/08,21.00.00,3,Struck animal,7,Saturday,167,STRUCK ANIMAL                        ,VCS,9,59,F,2,5,Dark No street lights,1,1,0,1,0,0,2,5,Not at intersection,3,90,216074,N,2435617.975,2493874.845,MOUNT ALEXANDER,NORTHERN REGION,RURAL_VICTORIA,-37.05299,144.27608,3451,Greater Bendigo National Park
812,T20080016299,03/05/08,18.00.00,3,Struck animal,7,Saturday,167,STRUCK ANIMAL                        ,VCS,9,99,C,5,5,Dark No street lights,1,1,0,1,0,0,2,5,Not at intersection,3,100,74421,N,2686112.16,2360753.932,WELLINGTON,EASTERN REGION,RURAL_VICTORIA,-38.23596,147.12578,3851,Tarra-Bulga National Park
813,T20080016332,20/04/08,16.30.00,3,Struck animal,1,Sunday,167,STRUCK ANIMAL                        ,VCS,9,666,J,7,1,Day,1,1,1,0,0,0,2,5,Not at intersection,2,999,74422,N,2611034.098,2560705.787,WANGARATTA,NORTH EASTERN REGION,RURAL_VICTORIA,-36.44638,146.23865,3678,Warby-Ovens National Park
814,T20080016586,07/05/08,18.05.00,3,Struck animal,4,Wednesday,167,STRUCK ANIMAL                        ,VCS,9,32,B,9,5,Dark No street lights,1,2,2,0,0,0,1,5,Not at intersection,2,100,217551,N,2501245.8,2559333.286,CAMPASPE,NORTHERN REGION,RURAL_VICTORIA,-36.46526,145.0139,3623,Heathcote-Graytown National Park
815,T20080018123,18/05/08,20.40.00,3,Struck animal,1,Sunday,167,STRUCK ANIMAL                        ,MEL,40,135,D,12,5,Dark No street lights,1,2,2,0,0,0,1,5,Not at intersection,2,80,216593,N,2530366.633,2373847.801,CASEY,METROPOLITAN SOUTH EAST REGION,SMALL_TOWNS,-38.13623,145.34636,3978,French Island National Park
816,T20080019017,25/05/08,04.00.00,3,Struck animal,1,Sunday,167,STRUCK ANIMAL                        ,VCS,9,92,D,6,5,Dark No street lights,2,3,0,1,0,2,1,5,Not at intersection,3,100,216705,N,2388305.203,2353697.551,COLAC OTWAY,SOUTH WESTERN REGION,RURAL_VICTORIA,-38.31149,143.723,3243,Great Otway National Park
817,T20080019051,10/03/08,15.30.00,3,Struck animal,2,Monday,167,STRUCK ANIMAL                        ,MEL,40,422,A,9,1,Day,1,1,0,1,0,0,2,5,Not at intersection,3,80,216646,N,2443530.913,2384706.925,GEELONG,SOUTH WESTERN REGION,RURAL_VICTORIA,-38.03718,144.35676,3212,Brisbane Ranges National Park
818,T20080019444,29/05/08,02.35.00,3,Struck animal,5,Thursday,167,STRUCK ANIMAL                        ,VCS,9,76,G,3,5,Dark No street lights,1,1,0,1,0,0,1,2,T intersection,3,80,28767,I,2406229.951,2431545.227,MOORABOOL,WESTERN REGION,RURAL_VICTORIA,-37.61217,143.93784,3352,Brisbane Ranges National Park
819,T20080020795,07/06/08,17.35.00,3,Struck animal,7,Saturday,167,STRUCK ANIMAL                        ,VCS,9,63,B,4,2,Dusk/Dawn,1,1,0,1,0,0,2,5,Not at intersection,3,100,217434,N,2593545.891,2480114.621,MANSFIELD,NORTH EASTERN REGION,RURAL_VICTORIA,-37.17454,146.05353,3723,Lake Eildon National Park
820,T20080020965,08/06/08,11.20.00,3,Struck animal,1,Sunday,167,STRUCK ANIMAL                        ,VCS,9,59,F,9,1,Day,1,1,0,1,0,0,2,5,Not at intersection,3,999,217121,N,2438517.04,2445410.571,MOORABOOL,WESTERN REGION,RURAL_VICTORIA,-37.48992,144.3047,3458,Brisbane Ranges National Park
821,T20080021075,10/06/08,09.30.00,3,Struck animal,3,Tuesday,167,STRUCK ANIMAL                        ,MEL,40,268,G,4,1,Day,1,1,1,0,0,0,2,5,Not at intersection,2,999,144958,N,2539570.403,2430601.254,YARRA RANGES,METROPOLITAN SOUTH EAST REGION,RURAL_VICTORIA,-37.62455,145.44829,3775,Dandenong Ranges National Park
822,T20080021180,08/06/08,15.30.00,3,Struck animal,1,Sunday,167,STRUCK ANIMAL                        ,VCS,9,83,F,8,1,Day,1,1,1,0,0,0,2,5,Not at intersection,2,100,217072,N,2698675.018,2394651.879,WELLINGTON,EASTERN REGION,RURAL_VICTORIA,-37.92805,147.26003,3862,Mitchell River National Park
823,T20080021730,15/06/08,00.20.00,3,Struck animal,1,Sunday,167,STRUCK ANIMAL                        ,VCS,9,704,D,1,5,Dark No street lights,1,1,0,1,0,0,1,5,Not at intersection,3,60,217215,N,2580749.024,2373203.462,BAW BAW,EASTERN REGION,RURAL_VICTORIA,-38.13901,145.92107,3820,Yarra Ranges National Park
824,T20080021863,15/06/08,22.55.00,3,Struck animal,1,Sunday,167,STRUCK ANIMAL                        ,VCS,9,429,A,9,5,Dark No street lights,1,1,1,0,0,0,1,5,Not at intersection,2,80,217155,N,2532878.723,2432961.772,YARRA RANGES,METROPOLITAN SOUTH EAST REGION,RURAL_VICTORIA,-37.60354,145.37238,3775,Kinglake National Park
825,T20080022015,19/05/08,17.45.00,3,Struck animal,2,Monday,167,STRUCK ANIMAL                        ,VCS,9,34,H,9,2,Dusk/Dawn,1,1,0,1,0,0,2,5,Not at intersection,3,50,218150,N,2623928.027,2560437.377,WANGARATTA,NORTH EASTERN REGION,SMALL_TOWNS,-36.4472,146.38252,3678,Warby-Ovens National Park
826,T20080022132,17/06/08,18.30.00,3,Struck animal,3,Tuesday,167,STRUCK ANIMAL                        ,VCS,9,23,A,7,5,Dark No street lights,2,2,1,0,0,1,1,5,Not at intersection,2,100,218638,N,2550530.278,2627005.567,MOIRA,NORTH EASTERN REGION,RURAL_VICTORIA,-35.85403,145.55938,3644,Lower Goulburn National Park
827,T20080023087,10/06/08,09.30.00,3,Struck animal,3,Tuesday,167,STRUCK ANIMAL                        ,VCS,9,59,C,6,1,Day,1,1,0,1,0,0,2,5,Not at intersection,3,100,217985,N,2420894.628,2468571.676,HEPBURN,WESTERN REGION,RURAL_VICTORIA,-37.27989,144.10787,3461,Brisbane Ranges National Park
828,T20080023280,09/06/08,16.00.00,3,Struck animal,1,Monday,167,STRUCK ANIMAL                        ,VCS,9,443,B,11,1,Day,1,1,0,1,0,0,2,9,Unknown,3,100,285089,N,2424927.655,2383330.935,GOLDEN PLAINS,SOUTH WESTERN REGION,RURAL_VICTORIA,-38.04825,144.14472,3331,Brisbane Ranges National Park
829,T20080025440,11/07/08,16.30.00,3,Struck animal,6,Friday,167,STRUCK ANIMAL                        ,VCS,9,453,F,11,1,Day,1,1,0,1,0,0,2,5,Not at intersection,3,100,218017,N,2432892.068,2358156.152,SURF COAST,SOUTH WESTERN REGION,RURAL_VICTORIA,-38.27565,144.23314,3217,Brisbane Ranges National Park
830,T20080025878,16/07/08,01.30.00,3,Struck animal,4,Wednesday,167,STRUCK ANIMAL                        ,VCS,9,98,D,3,5,Dark No street lights,1,1,0,1,0,0,1,5,Not at intersection,3,100,217902,N,2652951.4,2375241.029,WELLINGTON,EASTERN REGION,RURAL_VICTORIA,-38.11155,146.74408,3858,Tarra-Bulga National Park
831,T20080026671,21/07/08,18.20.00,3,Struck animal,2,Monday,167,STRUCK ANIMAL                        ,VCS,9,103,H,4,5,Dark No street lights,2,2,1,0,0,1,1,5,Not at intersection,2,100,217854,N,2628315.522,2316201.599,SOUTH GIPPSLAND,EASTERN REGION,RURAL_VICTORIA,-38.64702,146.47363,3966,Tarra-Bulga National Park
832,T20080027327,26/07/08,07.30.00,3,Struck animal,7,Saturday,167,STRUCK ANIMAL                        ,VCS,9,88,C,3,2,Dusk/Dawn,1,1,0,1,0,0,2,5,Not at intersection,3,100,217823,N,2207989.368,2374844.178,GLENELG,SOUTH WESTERN REGION,RURAL_VICTORIA,-38.08175,141.67108,3304,Mount Eccles National Park
833,T20080027820,29/07/08,19.25.00,3,Struck animal,3,Tuesday,167,STRUCK ANIMAL                        ,VCS,9,91,C,6,5,Dark No street lights,1,1,0,1,0,0,1,5,Not at intersection,3,100,217971,N,2335538.962,2355653.224,CORANGAMITE,SOUTH WESTERN REGION,RURAL_VICTORIA,-38.286,143.1203,3260,Port Campbell National Park
834,T20080028488,04/08/08,04.00.00,3,Struck animal,2,Monday,167,STRUCK ANIMAL                        ,VCS,9,96,D,4,5,Dark No street lights,1,1,0,1,0,0,1,5,Not at intersection,3,100,218166,N,2562764.821,2369178.43,BAW BAW,EASTERN REGION,RURAL_VICTORIA,-38.17666,145.71628,3816,French Island National Park
835,T20080028804,05/08/08,20.45.00,3,Struck animal,3,Tuesday,167,STRUCK ANIMAL                        ,VCS,9,44,E,4,5,Dark No street lights,1,1,0,1,0,0,1,5,Not at intersection,3,100,218006,N,2428402.71,2535835.573,BENDIGO,NORTHERN REGION,RURAL_VICTORIA,-36.67432,144.19893,3556,Greater Bendigo National Park
836,T20080028835,07/05/08,20.15.00,3,Struck animal,4,Wednesday,167,STRUCK ANIMAL                        ,VCS,9,7,C,6,5,Dark No street lights,1,2,0,1,0,1,2,5,Not at intersection,3,100,218257,N,2283412.345,2743263.492,SWAN HILL,NORTHERN REGION,RURAL_VICTORIA,-34.78355,142.63479,3549,Hattah - Kulkyne National Park
837,T20080028922,06/08/08,22.00.00,3,Struck animal,4,Wednesday,167,STRUCK ANIMAL                        ,VCS,9,14,C,9,5,Dark No street lights,2,2,0,1,0,1,1,5,Not at intersection,3,80,218173,N,2376425.448,2669368.466,SWAN HILL,NORTHERN REGION,RURAL_VICTORIA,-35.46564,143.6388,3584,Gunbower National Park
838,T20080029000,07/08/08,19.50.00,3,Struck animal,5,Thursday,167,STRUCK ANIMAL                        ,VCS,9,32,H,5,5,Dark No street lights,1,1,1,0,0,0,1,5,Not at intersection,2,100,218259,N,2538829.572,2587448.092,SHEPPARTON,NORTH EASTERN REGION,RURAL_VICTORIA,-36.21108,145.43184,3634,Lower Goulburn National Park
839,T20080029401,10/08/08,13.20.00,3,Struck animal,1,Sunday,167,STRUCK ANIMAL                        ,VCS,9,71,G,4,1,Day,1,1,0,1,0,0,1,5,Not at intersection,3,100,218533,N,2175916.011,2421144.228,GLENELG,SOUTH WESTERN REGION,RURAL_VICTORIA,-37.65425,141.32615,3312,Lower Glenelg National Park
840,T20080030144,15/08/08,17.20.00,3,Struck animal,6,Friday,167,STRUCK ANIMAL                        ,VCS,9,645,P,4,2,Dusk/Dawn,1,1,1,0,0,0,1,2,T intersection,2,100,35905,I,2675638.277,2589451.97,WODONGA,NORTH EASTERN REGION,RURAL_VICTORIA,-36.17758,146.95261,3691,Chiltern-Mt Pilot National Park
841,T20080030279,16/08/08,20.00.00,3,Struck animal,7,Saturday,167,STRUCK ANIMAL                        ,VCS,9,62,D,7,5,Dark No street lights,1,1,0,1,0,0,2,5,Not at intersection,3,100,218563,N,2563989.04,2461970.875,MURRINDINDI,NORTH EASTERN REGION,RURAL_VICTORIA,-37.34053,145.72222,3714,Lake Eildon National Park
842,T20080030406,17/08/08,18.00.00,3,Struck animal,1,Sunday,167,STRUCK ANIMAL                        ,MEL,40,469,G,9,5,Dark No street lights,2,2,1,0,0,1,1,5,Not at intersection,2,100,218382,N,2457438.851,2365454.444,GEELONG,SOUTH WESTERN REGION,RURAL_VICTORIA,-38.21136,144.51406,3222,Point Nepean National Park
843,T20080031769,28/08/08,14.15.00,3,Struck animal,5,Thursday,167,STRUCK ANIMAL                        ,VCS,9,33,H,2,1,Day,1,1,0,1,0,0,2,5,Not at intersection,3,100,34941,N,2589689.9,2604548.566,MOIRA,NORTH EASTERN REGION,RURAL_VICTORIA,-36.05353,145.99545,3730,Warby-Ovens National Park
844,T20080031770,14/08/08,14.15.00,3,Struck animal,5,Thursday,167,STRUCK ANIMAL                        ,VCS,9,33,H,2,1,Day,1,1,0,1,0,0,2,5,Not at intersection,3,100,218419,N,2589685.689,2604148.029,MOIRA,NORTH EASTERN REGION,RURAL_VICTORIA,-36.05714,145.99545,3730,Warby-Ovens National Park
845,T20080032619,03/09/08,05.55.00,3,Struck animal,4,Wednesday,167,STRUCK ANIMAL                        ,VCS,9,63,D,6,2,Dusk/Dawn,1,1,0,1,0,0,2,5,Not at intersection,3,50,218695,N,2600326.579,2468433.792,MANSFIELD,NORTH EASTERN REGION,RURAL_VICTORIA,-37.2791,146.13145,3723,Lake Eildon National Park
846,T20080032639,21/07/07,07.30.00,3,Struck animal,7,Saturday,167,STRUCK ANIMAL                        ,VCS,9,34,G,4,2,Dusk/Dawn,1,1,0,1,0,0,2,5,Not at intersection,3,100,218462,N,2618682.649,2593668.539,WANGARATTA,NORTH EASTERN REGION,RURAL_VICTORIA,-36.1484,146.31887,3678,Warby-Ovens National Park
847,T20080032683,04/09/08,18.30.00,3,Struck animal,5,Thursday,167,STRUCK ANIMAL                        ,VCS,9,58,E,9,5,Dark No street lights,1,1,1,0,0,0,1,5,Not at intersection,2,100,218707,N,2393855.77,2446848.262,BALLARAT,WESTERN REGION,RURAL_VICTORIA,-37.47296,143.79988,3352,Brisbane Ranges National Park
848,T20080035035,24/09/08,05.20.00,3,Struck animal,4,Wednesday,167,STRUCK ANIMAL                        ,VCS,9,32,C,7,2,Dusk/Dawn,1,1,0,1,0,0,1,5,Not at intersection,3,100,218965,N,2506077.093,2573194.022,CAMPASPE,NORTHERN REGION,RURAL_VICTORIA,-36.34032,145.0677,3620,Lower Goulburn National Park
849,T20080036482,04/10/08,00.20.00,3,Struck animal,7,Saturday,167,STRUCK ANIMAL                        ,VCS,9,84,F,5,5,Dark No street lights,1,1,1,0,0,0,1,5,Not at intersection,2,100,221780,N,2748401.043,2413584.038,EAST GIPPSLAND,EASTERN REGION,RURAL_VICTORIA,-37.74558,147.81902,3885,The Lakes National Park
850,T20080036544,05/10/08,08.39.00,3,Struck animal,1,Sunday,167,STRUCK ANIMAL                        ,VCS,9,97,E,8,1,Day,1,1,1,0,0,0,1,5,Not at intersection,2,100,219095,N,2606786.281,2343637.809,SOUTH GIPPSLAND,EASTERN REGION,RURAL_VICTORIA,-38.40268,146.22236,3871,Morwell National Park
851,T20080036545,05/10/08,06.50.00,3,Struck animal,1,Sunday,167,STRUCK ANIMAL                        ,VCS,9,77,E,4,2,Dusk/Dawn,1,1,1,0,0,0,2,5,Not at intersection,2,999,219096,N,2432087.857,2426552.206,MOORABOOL,WESTERN REGION,RURAL_VICTORIA,-37.6594,144.23027,3342,Brisbane Ranges National Park
852,T20080037182,08/10/08,14.30.00,3,Struck animal,4,Wednesday,167,STRUCK ANIMAL                        ,VCS,9,72,H,8,1,Day,1,1,0,1,0,0,2,5,Not at intersection,3,100,219146,N,2233628.242,2396794.801,SOUTHERN GRAMPIANS,SOUTH WESTERN REGION,RURAL_VICTORIA,-37.89181,141.97111,3300,Mount Eccles National Park
853,T20080037721,30/07/08,15.00.00,3,Struck animal,4,Wednesday,167,STRUCK ANIMAL                        ,VCS,9,40,J,7,1,Day,1,1,0,1,0,0,2,2,T intersection,3,100,35893,I,2272630.591,2510878.937,HORSHAM,WESTERN REGION,RURAL_VICTORIA,-36.8745,142.44912,3385,Grampians National Park
854,T20080038161,11/10/08,01.00.00,3,Struck animal,7,Saturday,167,STRUCK ANIMAL                        ,VCS,9,23,D,9,5,Dark No street lights,1,2,1,1,0,0,2,5,Not at intersection,2,100,219178,N,2563021.785,2614988.932,MOIRA,NORTH EASTERN REGION,RURAL_VICTORIA,-35.96158,145.69863,3644,Lower Goulburn National Park