,ACCIDENT_NO,ACCIDENT_DATE,ACCIDENT_TIME,ACCIDENT_TYPE,ACCIDENT_TYPE_DESC,DAY_OF_WEEK,DAY_WEEK_DESC,DCA_CODE,DCA_DESC,DIRECTORY,EDITION,PAGE,GRID_REFERENCE_X,GRID_REFERENCE_Y,LIGHT_CONDITION,LIGHT_CONDITION_DESC,NO_OF_VEHICLES,NO_PERSONS,NO_PERSONS_INJ_2,NO_PERSONS_INJ_3,NO_PERSONS_KILLED,NO_PERSONS_NOT_INJ,POLICE_ATTEND,ROAD_GEOMETRY,ROAD_GEOMETRY_DESC,SEVERITY,SPEED_ZONE,NODE_ID,NODE_TYPE,AMG_X,AMG_Y,LG_AREA_NAME,REGION_NAME,DEG_URBAN_NAME,LATITUDE,LONGITUDE,POSTCODE,NEAREST_NATIONAL_PARK_NAME
855,T20080038305,17/10/08,19.30.00,3,Struck animal,6,Friday,167,STRUCK ANIMAL                        ,VCS,9,35,C,8,2,Dusk/Dawn,1,1,1,0,0,0,1,5,Not at intersection,2,100,220591,N,2646933.542,2565841.598,INDIGO,NORTH EASTERN REGION,RURAL_VICTORIA,-36.39521,146.63808,3747,Chiltern-Mt Pilot National Park
856,T20080038408,18/10/08,21.30.00,3,Struck animal,7,Saturday,167,STRUCK ANIMAL                        ,VCS,9,47,D,9,5,Dark No street lights,1,1,1,0,0,0,1,5,Not at intersection,2,100,219284,N,2565816.168,2500551.055,MANSFIELD,NORTH EASTERN REGION,RURAL_VICTORIA,-36.99273,145.73946,3715,Lake Eildon National Park
857,T20080038769,21/10/08,05.45.00,3,Struck animal,3,Tuesday,167,STRUCK ANIMAL                        ,VCS,9,76,D,3,5,Dark No street lights,1,1,1,0,0,0,2,5,Not at intersection,2,100,219325,N,2388463.45,2431607.867,GOLDEN PLAINS,SOUTH WESTERN REGION,RURAL_VICTORIA,-37.60965,143.73663,3351,Brisbane Ranges National Park
858,T20080040328,31/10/08,22.50.00,3,Struck animal,6,Friday,167,STRUCK ANIMAL                        ,VCS,9,98,D,7,5,Dark No street lights,1,2,0,2,0,0,2,5,Not at intersection,3,100,219451,N,2649947.321,2349022.189,WELLINGTON,EASTERN REGION,RURAL_VICTORIA,-38.34819,146.71522,3847,Tarra-Bulga National Park
859,T20080040980,05/11/08,20.55.00,3,Struck animal,4,Wednesday,167,STRUCK ANIMAL                        ,VCS,9,103,D,4,5,Dark No street lights,1,1,1,0,0,0,1,5,Not at intersection,2,100,219519,N,2607402.445,2318524.353,SOUTH GIPPSLAND,EASTERN REGION,RURAL_VICTORIA,-38.62878,146.23314,3960,Morwell National Park
860,T20080041062,07/11/08,05.00.00,3,Struck animal,6,Friday,167,STRUCK ANIMAL                        ,VCS,9,427,D,5,3,Dark Street lights on,1,2,0,1,0,1,1,5,Not at intersection,3,100,219541,N,2502620.86,2440000.557,WHITTLESEA,METROPOLITAN NORTH WEST REGION,RURAL_VICTORIA,-37.54069,145.02966,3751,Kinglake National Park
861,T20080041348,08/11/08,22.45.00,3,Struck animal,7,Saturday,167,STRUCK ANIMAL                        ,VCS,9,76,E,3,5,Dark No street lights,1,4,0,2,0,2,1,2,T intersection,3,90,224350,I,2391900.258,2430008.33,GOLDEN PLAINS,SOUTH WESTERN REGION,RURAL_VICTORIA,-37.62447,143.77532,3351,Brisbane Ranges National Park
862,T20080041424,09/11/08,18.50.00,3,Struck animal,1,Sunday,167,STRUCK ANIMAL                        ,VCS,9,414,B,1,2,Dusk/Dawn,1,2,0,2,0,0,2,5,Not at intersection,3,100,219569,N,2442638.281,2473748.953,MACEDON RANGES,NORTHERN REGION,RURAL_VICTORIA,-37.23482,144.35348,3444,Organ Pipes National Park
863,T20080042050,11/11/08,21.30.00,3,Struck animal,3,Tuesday,167,STRUCK ANIMAL                        ,VCS,9,75,D,5,5,Dark No street lights,1,1,0,1,0,0,9,5,Not at intersection,3,100,220078,N,2336954.907,2421023.1,PYRENEES,WESTERN REGION,RURAL_VICTORIA,-37.69743,143.15099,3361,Kara Kara National Park
864,T20080042538,17/11/08,21.20.00,3,Struck animal,2,Monday,167,STRUCK ANIMAL                        ,VCS,9,91,E,5,5,Dark No street lights,1,1,1,0,0,0,1,5,Not at intersection,2,100,219653,N,2342015.754,2366406.554,CORANGAMITE,SOUTH WESTERN REGION,RURAL_VICTORIA,-38.19028,143.19664,3260,Port Campbell National Park
865,T20080042904,09/03/08,09.00.00,3,Struck animal,1,Sunday,167,STRUCK ANIMAL                        ,VCS,9,101,B,2,1,Day,1,1,0,1,0,0,2,5,Not at intersection,3,100,225350,N,2377671.875,2326104.858,COLAC OTWAY,SOUTH WESTERN REGION,RURAL_VICTORIA,-38.55865,143.5968,3239,Great Otway National Park
866,T20080043720,26/11/08,07.30.00,3,Struck animal,4,Wednesday,167,STRUCK ANIMAL                        ,VCS,9,602,H,9,1,Day,1,1,1,0,0,0,1,5,Not at intersection,2,60,219744,N,2430837.263,2531163.291,BENDIGO,NORTHERN REGION,RURAL_VICTORIA,-36.71661,144.22574,3556,Greater Bendigo National Park
867,T20080045571,09/12/08,23.30.00,3,Struck animal,3,Tuesday,167,STRUCK ANIMAL                        ,VCS,9,59,C,3,5,Dark No street lights,1,1,0,1,0,0,1,5,Not at intersection,3,100,74755,N,2421824.896,2489045.358,MOUNT ALEXANDER,NORTHERN REGION,RURAL_VICTORIA,-37.09547,144.1205,3462,Greater Bendigo National Park
868,T20080045624,09/12/08,06.50.00,3,Struck animal,3,Tuesday,167,STRUCK ANIMAL                        ,VCS,9,68,G,4,2,Dusk/Dawn,1,1,1,0,0,0,1,5,Not at intersection,2,100,220505,N,2847086.278,2477944.249,EAST GIPPSLAND,EASTERN REGION,RURAL_VICTORIA,-37.13456,148.90791,3888,Errinundra National Park
869,T20080046299,12/12/08,10.45.00,3,Struck animal,6,Friday,167,STRUCK ANIMAL                        ,VCS,9,98,D,7,9,Unknown,1,2,0,1,0,1,1,5,Not at intersection,3,100,223006,N,2650581.768,2352025.29,WELLINGTON,EASTERN REGION,RURAL_VICTORIA,-38.32104,146.72185,3847,Tarra-Bulga National Park
870,T20080046530,12/12/08,02.15.00,3,Struck animal,6,Friday,167,STRUCK ANIMAL                        ,MEL,40,328,F,6,5,Dark No street lights,1,1,1,0,0,0,2,5,Not at intersection,2,60,219863,N,2453275.039,2429994.621,MOORABOOL,WESTERN REGION,RURAL_VICTORIA,-37.62968,144.47062,3340,Organ Pipes National Park
871,T20080046579,16/12/08,05.20.00,3,Struck animal,3,Tuesday,167,STRUCK ANIMAL                        ,VCS,9,427,H,5,2,Dusk/Dawn,3,3,0,3,0,0,1,5,Not at intersection,3,100,219895,N,2509867.69,2440721.017,WHITTLESEA,METROPOLITAN NORTH WEST REGION,RURAL_VICTORIA,-37.53415,145.11166,3755,Kinglake National Park
872,T20080047177,19/12/08,21.00.00,3,Struck animal,6,Friday,167,STRUCK ANIMAL                        ,VCS,9,2,B,8,5,Dark No street lights,1,4,0,4,0,0,1,5,Not at intersection,3,100,220192,N,2188898.905,2784899.947,MILDURA,WESTERN REGION,RURAL_VICTORIA,-34.38297,141.61955,3496,Murray - Sunset National Park
873,T20090000006,31/12/08,23.35.00,3,Struck animal,4,Wednesday,167,STRUCK ANIMAL                        ,VCS,9,60,C,4,5,Dark No street lights,1,1,0,1,0,0,1,5,Not at intersection,3,100,220158,N,2470930.721,2485924.536,MACEDON RANGES,NORTHERN REGION,RURAL_VICTORIA,-37.1264,144.67283,3444,Heathcote-Graytown National Park
874,T20090000351,04/01/09,00.45.00,3,Struck animal,1,Sunday,167,STRUCK ANIMAL                        ,VCS,9,47,G,3,5,Dark No street lights,1,1,0,1,0,0,2,5,Not at intersection,3,110,220294,N,2581537.214,2546207.668,BENALLA,NORTH EASTERN REGION,RURAL_VICTORIA,-36.58004,145.91117,3670,Warby-Ovens National Park
875,T20090001215,21/09/08,11.00.00,3,Struck animal,1,Sunday,167,STRUCK ANIMAL                        ,VCS,9,419,D,13,1,Day,1,1,0,1,0,0,2,5,Not at intersection,3,100,220763,N,2537544.826,2448013.829,MURRINDINDI,NORTH EASTERN REGION,RURAL_VICTORIA,-37.46773,145.42446,3777,Kinglake National Park
876,T20090001272,12/01/09,01.30.00,3,Struck animal,2,Monday,167,STRUCK ANIMAL                        ,VCS,9,81,D,3,5,Dark No street lights,1,1,1,0,0,0,1,5,Not at intersection,2,100,220769,N,2603240.383,2432840.102,BAW BAW,EASTERN REGION,RURAL_VICTORIA,-37.5995,146.16924,3825,Yarra Ranges National Park
877,T20090001727,04/01/09,10.15.00,3,Struck animal,1,Sunday,167,STRUCK ANIMAL                        ,VCS,9,443,C,5,1,Day,1,1,1,0,0,0,2,5,Not at intersection,2,100,221333,N,2426944.879,2394750.056,GOLDEN PLAINS,SOUTH WESTERN REGION,RURAL_VICTORIA,-37.94554,144.16883,3331,Brisbane Ranges National Park
878,T20090002327,21/01/09,06.05.00,3,Struck animal,4,Wednesday,167,STRUCK ANIMAL                        ,VCS,9,77,C,8,2,Dusk/Dawn,1,1,1,0,0,0,1,5,Not at intersection,2,100,220564,N,2418853.498,2402214.431,GOLDEN PLAINS,SOUTH WESTERN REGION,RURAL_VICTORIA,-37.87762,144.07761,3333,Brisbane Ranges National Park
879,T20090002737,24/01/09,01.30.00,3,Struck animal,7,Saturday,167,STRUCK ANIMAL                        ,VCS,9,31,F,3,5,Dark No street lights,1,1,0,1,0,0,1,5,Not at intersection,3,100,220618,N,2486881.602,2599502.83,CAMPASPE,NORTHERN REGION,RURAL_VICTORIA,-36.10314,144.85431,3564,Barmah National Park
880,T20090002763,23/01/09,19.30.00,3,Struck animal,6,Friday,167,STRUCK ANIMAL                        ,VCS,9,81,F,3,2,Dusk/Dawn,1,1,0,1,0,0,1,5,Not at intersection,3,50,220663,N,2611003.472,2436035.483,MANSFIELD,NORTH EASTERN REGION,RURAL_VICTORIA,-37.56982,146.25667,3723,Yarra Ranges National Park
881,T20090002836,24/01/09,22.00.00,3,Struck animal,7,Saturday,167,STRUCK ANIMAL                        ,VCS,9,58,C,2,5,Dark No street lights,1,1,1,0,0,0,1,5,Not at intersection,2,100,220668,N,2380505.062,2492799.009,CENTRAL GOLDFIELDS,WESTERN REGION,RURAL_VICTORIA,-37.0573,143.65628,3465,Kara Kara National Park
882,T20090003309,28/01/09,05.45.00,3,Struck animal,4,Wednesday,167,STRUCK ANIMAL                        ,VCS,9,428,E,4,5,Dark No street lights,1,1,1,0,0,0,1,5,Not at intersection,2,999,220915,N,2519802.07,2443274.754,WHITTLESEA,METROPOLITAN NORTH WEST REGION,RURAL_VICTORIA,-37.51098,145.224,3757,Kinglake National Park
883,T20090003389,26/01/09,09.00.00,3,Struck animal,2,Monday,167,STRUCK ANIMAL                        ,VCS,9,414,E,12,1,Day,1,1,0,1,0,0,2,5,Not at intersection,3,100,220613,N,2449415.062,2452482.201,MACEDON RANGES,NORTHERN REGION,RURAL_VICTORIA,-37.42685,144.42842,3458,Organ Pipes National Park
884,T20090003727,01/02/09,08.30.00,3,Struck animal,1,Sunday,167,STRUCK ANIMAL                        ,VCS,9,98,E,5,1,Day,2,2,0,2,0,0,1,5,Not at intersection,3,100,225314,N,2656307.246,2364319.691,WELLINGTON,EASTERN REGION,RURAL_VICTORIA,-38.20936,146.78467,3847,Tarra-Bulga National Park
885,T20090004109,14/10/08,06.45.00,3,Struck animal,3,Tuesday,167,STRUCK ANIMAL                        ,VCS,9,58,G,6,2,Dusk/Dawn,1,1,1,0,0,0,2,5,Not at intersection,2,100,220922,N,2404540.582,2465801.99,HEPBURN,WESTERN REGION,RURAL_VICTORIA,-37.30332,143.9231,3364,Brisbane Ranges National Park
886,T20090004237,04/02/09,21.00.00,3,Struck animal,4,Wednesday,167,STRUCK ANIMAL                        ,VCS,9,22,J,9,5,Dark No street lights,1,1,1,0,0,0,1,2,T intersection,2,100,58076,I,2543151.307,2613997.961,MOIRA,NORTH EASTERN REGION,RURAL_VICTORIA,-35.97162,145.47842,3640,Lower Goulburn National Park
887,T20090004824,10/02/09,09.30.00,3,Struck animal,3,Tuesday,167,STRUCK ANIMAL                        ,VCS,9,53,D,7,1,Day,1,1,0,1,0,0,2,5,Not at intersection,3,100,220739,N,2159490.308,2452626.299,WEST WIMMERA,WESTERN REGION,RURAL_VICTORIA,-37.36494,141.15455,3312,Lower Glenelg National Park
888,T20090005871,18/02/09,00.10.00,3,Struck animal,4,Wednesday,167,STRUCK ANIMAL                        ,MEL,40,311,J,12,5,Dark No street lights,1,1,0,1,0,0,1,5,Not at intersection,3,70,220919,N,2544252.412,2393359.295,CARDINIA,METROPOLITAN SOUTH EAST REGION,RURAL_VICTORIA,-37.95989,145.50356,3781,Dandenong Ranges National Park
889,T20090006689,16/02/09,18.30.00,3,Struck animal,2,Monday,167,STRUCK ANIMAL                        ,VCS,9,31,B,5,1,Day,1,1,0,1,0,0,2,5,Not at intersection,3,999,220975,N,2464030.852,2585840.834,CAMPASPE,NORTHERN REGION,RURAL_VICTORIA,-36.22568,144.5999,3561,Greater Bendigo National Park
890,T20090007034,27/02/09,06.40.00,3,Struck animal,6,Friday,167,STRUCK ANIMAL                        ,VCS,9,62,F,6,2,Dusk/Dawn,1,1,1,0,0,0,1,5,Not at intersection,2,100,220985,N,2574919.992,2471039.368,MURRINDINDI,NORTH EASTERN REGION,RURAL_VICTORIA,-37.258,145.84468,3712,Lake Eildon National Park
891,T20090007911,05/03/09,13.00.00,3,Struck animal,5,Thursday,167,STRUCK ANIMAL                        ,VCS,9,36,C,3,1,Day,1,1,1,0,0,0,1,5,Not at intersection,2,100,223766,N,2686193.019,2599547.03,TOWONG,NORTH EASTERN REGION,RURAL_VICTORIA,-36.08461,147.06748,3691,Chiltern-Mt Pilot National Park
892,T20090008813,12/03/09,05.30.00,3,Struck animal,5,Thursday,167,STRUCK ANIMAL                        ,VCS,9,72,B,7,5,Dark No street lights,1,1,0,1,0,0,2,5,Not at intersection,3,100,35037,N,2199200.792,2404322.686,GLENELG,SOUTH WESTERN REGION,RURAL_VICTORIA,-37.81352,141.58303,3309,Cobboboonee National Park
893,T20090009738,18/03/09,10.30.00,3,Struck animal,4,Wednesday,167,STRUCK ANIMAL                        ,VCS,9,1,B,3,1,Day,1,1,1,0,0,0,1,5,Not at intersection,2,100,34210,N,2133650.748,2813861.447,MILDURA,WESTERN REGION,RURAL_VICTORIA,-34.10314,141.03297,3496,Murray - Sunset National Park
894,T20090010005,10/03/09,02.20.00,3,Struck animal,3,Tuesday,167,STRUCK ANIMAL                        ,VCS,9,45,C,8,5,Dark No street lights,1,1,0,1,0,0,2,5,Not at intersection,3,100,223079,N,2471213.508,2512000.13,BENDIGO,NORTHERN REGION,RURAL_VICTORIA,-36.89141,144.67701,3523,Heathcote-Graytown National Park
895,T20090010849,25/03/09,15.00.00,3,Struck animal,4,Wednesday,167,STRUCK ANIMAL                        ,VCS,9,35,B,2,1,Day,1,2,1,0,0,1,1,5,Not at intersection,2,80,34858,N,2645791.971,2608156.235,INDIGO,NORTH EASTERN REGION,RURAL_VICTORIA,-36.01408,146.61734,3685,Chiltern-Mt Pilot National Park
896,T20090010960,26/03/09,20.20.00,3,Struck animal,5,Thursday,167,STRUCK ANIMAL                        ,MEL,40,356,A,6,5,Dark No street lights,1,1,0,1,0,0,2,5,Not at intersection,3,80,34029,N,2474526.956,2420194.34,MELTON,METROPOLITAN NORTH WEST REGION,RURAL_VICTORIA,-37.71881,144.71106,3335,Organ Pipes National Park
897,T20090011018,22/02/09,06.30.00,3,Struck animal,1,Sunday,167,STRUCK ANIMAL                        ,VCS,9,61,E,4,2,Dusk/Dawn,1,1,0,1,0,0,2,5,Not at intersection,3,80,222413,N,2519747.034,2485910.337,MITCHELL,NORTHERN REGION,RURAL_VICTORIA,-37.12677,145.22225,3660,Kinglake National Park
898,T20090011477,28/03/09,06.55.00,3,Struck animal,7,Saturday,167,STRUCK ANIMAL                        ,VCS,9,637,T,3,5,Dark No street lights,1,1,0,1,0,0,2,5,Not at intersection,3,100,34369,N,2478329.288,2461055.817,MACEDON RANGES,NORTHERN REGION,RURAL_VICTORIA,-37.35071,144.75538,3434,Organ Pipes National Park
899,T20090011694,01/04/09,07.05.00,3,Struck animal,4,Wednesday,167,STRUCK ANIMAL                        ,VCS,9,47,B,7,2,Dusk/Dawn,1,1,0,1,0,0,2,5,Not at intersection,3,100,34592,N,2551667.276,2515021.913,STRATHBOGIE,NORTH EASTERN REGION,RURAL_VICTORIA,-36.8632,145.57951,3666,Lake Eildon National Park
900,T20090012976,03/04/09,20.05.00,3,Struck animal,6,Friday,167,STRUCK ANIMAL                        ,MEL,40,429,C,8,5,Dark No street lights,1,1,0,1,0,0,2,5,Not at intersection,3,100,222475,N,2432639.101,2380388.762,GOLDEN PLAINS,SOUTH WESTERN REGION,RURAL_VICTORIA,-38.07535,144.2323,3331,Brisbane Ranges National Park
901,T20090013078,09/04/09,18.25.00,3,Struck animal,5,Thursday,167,STRUCK ANIMAL                        ,VCS,9,34,C,8,2,Dusk/Dawn,1,1,1,0,0,0,1,5,Not at intersection,2,100,34615,N,2595774.005,2562797.025,BENALLA,NORTH EASTERN REGION,RURAL_VICTORIA,-36.4292,146.06817,3673,Warby-Ovens National Park
902,T20090013481,10/04/09,21.40.00,3,Struck animal,6,Friday,167,STRUCK ANIMAL                        ,VCS,9,45,H,4,5,Dark No street lights,1,1,1,0,0,0,2,5,Not at intersection,2,70,34814,N,2498195.222,2539584.286,CAMPASPE,NORTHERN REGION,RURAL_VICTORIA,-36.64325,144.97982,3612,Heathcote-Graytown National Park
903,T20090013836,14/04/09,05.55.00,3,Struck animal,3,Tuesday,167,STRUCK ANIMAL                        ,MEL,40,355,K,7,5,Dark No street lights,1,2,1,0,0,1,1,5,Not at intersection,2,80,130542,N,2474401.353,2419707.11,MELTON,METROPOLITAN NORTH WEST REGION,RURAL_VICTORIA,-37.7232,144.70962,3335,Organ Pipes National Park
904,T20090013988,16/04/09,19.20.00,3,Struck animal,5,Thursday,167,STRUCK ANIMAL                        ,VCS,9,59,F,2,5,Dark No street lights,2,3,0,2,0,1,1,5,Not at intersection,3,100,222338,N,2437162.208,2493825.979,MOUNT ALEXANDER,NORTHERN REGION,RURAL_VICTORIA,-37.05354,144.29344,3451,Greater Bendigo National Park
905,T20090013999,17/04/09,01.20.00,3,Struck animal,6,Friday,167,STRUCK ANIMAL                        ,VCS,9,414,K,10,5,Dark No street lights,1,2,0,1,0,1,1,5,Not at intersection,3,90,222345,N,2458141.203,2456284.509,MACEDON RANGES,NORTHERN REGION,RURAL_VICTORIA,-37.39302,144.52723,3442,Organ Pipes National Park
906,T20090014177,16/04/09,07.50.00,3,Struck animal,5,Thursday,167,STRUCK ANIMAL                        ,VCS,9,44,D,9,1,Day,1,1,0,1,0,0,2,5,Not at intersection,3,100,222269,N,2426347.923,2503455.878,MOUNT ALEXANDER,NORTHERN REGION,RURAL_VICTORIA,-36.96597,144.17279,3463,Greater Bendigo National Park
907,T20090014249,18/04/09,20.00.00,3,Struck animal,7,Saturday,167,STRUCK ANIMAL                        ,VCS,9,682,A,4,5,Dark No street lights,1,1,1,0,0,0,1,5,Not at intersection,2,60,34902,N,2521027.275,2447356.643,MURRINDINDI,NORTH EASTERN REGION,RURAL_VICTORIA,-37.47417,145.23774,3757,Kinglake National Park
908,T20090014317,18/04/09,02.45.00,3,Struck animal,7,Saturday,167,STRUCK ANIMAL                        ,VCS,9,46,D,9,5,Dark No street lights,1,1,0,1,0,0,1,5,Not at intersection,3,110,224541,N,2516268.957,2504127.544,MITCHELL,NORTHERN REGION,RURAL_VICTORIA,-36.96266,145.18271,3663,Heathcote-Graytown National Park
909,T20090014631,18/04/09,09.00.00,3,Struck animal,7,Saturday,167,STRUCK ANIMAL                        ,VCS,9,59,B,7,1,Day,1,1,1,0,0,0,2,5,Not at intersection,2,100,35016,N,2415527.131,2459051.418,HEPBURN,WESTERN REGION,RURAL_VICTORIA,-37.36521,144.04627,3364,Brisbane Ranges National Park
910,T20090015466,26/04/09,21.05.00,3,Struck animal,1,Sunday,167,STRUCK ANIMAL                        ,VCS,9,98,F,3,5,Dark No street lights,1,1,0,1,0,0,1,5,Not at intersection,3,100,222865,N,2664240.822,2380097.038,WELLINGTON,EASTERN REGION,RURAL_VICTORIA,-38.06588,146.87169,3847,Tarra-Bulga National Park
911,T20090016427,02/05/09,17.10.00,3,Struck animal,7,Saturday,167,STRUCK ANIMAL                        ,VCS,9,35,A,6,2,Dusk/Dawn,1,1,1,0,0,0,2,5,Not at intersection,2,100,222630,N,2640247.181,2580347.052,WANGARATTA,NORTH EASTERN REGION,RURAL_VICTORIA,-36.26551,146.5609,3678,Chiltern-Mt Pilot National Park
912,T20090016606,02/05/09,18.45.00,3,Struck animal,7,Saturday,167,STRUCK ANIMAL                        ,VCS,9,615,L,12,5,Dark No street lights,1,1,1,0,0,0,2,5,Not at intersection,2,100,222283,N,2442012.123,2517619.824,BENDIGO,NORTHERN REGION,RURAL_VICTORIA,-36.83942,144.3498,3551,Greater Bendigo National Park
913,T20090018156,12/05/09,06.50.00,3,Struck animal,3,Tuesday,167,STRUCK ANIMAL                        ,VCS,9,76,E,6,2,Dusk/Dawn,1,1,0,1,0,0,2,5,Not at intersection,3,100,222511,N,2392497.054,2414462.448,GOLDEN PLAINS,SOUTH WESTERN REGION,RURAL_VICTORIA,-37.7646,143.77982,3352,Brisbane Ranges National Park
914,T20090018445,17/05/09,05.40.00,3,Struck animal,1,Sunday,167,STRUCK ANIMAL                        ,VCS,9,58,F,8,5,Dark No street lights,1,5,1,0,0,4,1,5,Not at intersection,2,100,222793,N,2399427.461,2452353.937,HEPBURN,WESTERN REGION,RURAL_VICTORIA,-37.42397,143.86361,3363,Brisbane Ranges National Park
915,T20090019107,21/05/09,18.40.00,3,Struck animal,5,Thursday,167,STRUCK ANIMAL                        ,VCS,9,103,B,3,5,Dark No street lights,1,1,0,1,0,0,1,5,Not at intersection,3,999,222924,N,2593144.198,2320273.473,SOUTH GIPPSLAND,EASTERN REGION,RURAL_VICTORIA,-38.61458,146.06922,3957,Morwell National Park
916,T20090019626,14/05/09,23.30.00,3,Struck animal,5,Thursday,167,STRUCK ANIMAL                        ,VCS,9,22,H,9,5,Dark No street lights,1,1,1,0,0,0,1,5,Not at intersection,2,100,223215,N,2538318.039,2610961.672,MOIRA,NORTH EASTERN REGION,RURAL_VICTORIA,-35.99919,145.42498,3640,Lower Goulburn National Park
917,T20090019835,26/05/09,18.00.00,3,Struck animal,3,Tuesday,167,STRUCK ANIMAL                        ,VCS,9,100,C,8,2,Dusk/Dawn,1,1,0,1,0,0,1,5,Not at intersection,3,100,223188,N,2306184.514,2330982.305,MOYNE,SOUTH WESTERN REGION,RURAL_VICTORIA,-38.50247,142.77833,3268,Port Campbell National Park
918,T20090020124,28/05/09,12.00.00,3,Struck animal,5,Thursday,167,STRUCK ANIMAL                        ,VCS,9,45,E,6,1,Day,1,1,0,1,0,0,2,5,Not at intersection,3,999,223246,N,2479376.116,2527350.747,BENDIGO,NORTHERN REGION,RURAL_VICTORIA,-36.75328,144.76901,3523,Heathcote-Graytown National Park
919,T20090021527,06/06/09,21.30.00,3,Struck animal,7,Saturday,167,STRUCK ANIMAL                        ,VCS,9,104,G,3,5,Dark No street lights,1,6,0,6,0,0,1,5,Not at intersection,3,100,223898,N,2661018.762,2322973.718,WELLINGTON,EASTERN REGION,RURAL_VICTORIA,-38.5809,146.84761,3874,Tarra-Bulga National Park
920,T20090021788,07/06/09,19.45.00,3,Struck animal,1,Sunday,167,STRUCK ANIMAL                        ,VCS,9,443,G,3,5,Dark No street lights,1,2,0,1,0,1,2,1,Cross intersection,3,100,55556,I,2434694.357,2398139.588,GEELONG,SOUTH WESTERN REGION,RURAL_VICTORIA,-37.91558,144.2573,3213,Brisbane Ranges National Park
921,T20090022160,10/06/09,02.25.00,3,Struck animal,4,Wednesday,167,STRUCK ANIMAL                        ,VCS,9,459,K,11,5,Dark No street lights,1,2,0,1,0,1,1,5,Not at intersection,3,100,223910,N,2549239.752,2355417.047,BASS COAST,EASTERN REGION,RURAL_VICTORIA,-38.30144,145.56287,3984,French Island National Park
922,T20090022334,11/06/09,18.45.00,3,Struck animal,5,Thursday,167,STRUCK ANIMAL                        ,VCS,9,44,C,9,5,Dark No street lights,1,1,0,1,0,0,1,5,Not at intersection,3,100,223944,N,2422188.616,2502501.299,MOUNT ALEXANDER,NORTHERN REGION,RURAL_VICTORIA,-36.97424,144.12598,3463,Greater Bendigo National Park
923,T20090022412,23/05/09,17.30.00,3,Struck animal,7,Saturday,167,STRUCK ANIMAL                        ,VCS,9,63,G,3,2,Dusk/Dawn,1,1,0,1,0,0,2,5,Not at intersection,3,80,223955,N,2620472.994,2491834.4,MANSFIELD,NORTH EASTERN REGION,RURAL_VICTORIA,-37.06586,146.35487,3723,Lake Eildon National Park
924,T20090022573,14/06/09,20.35.00,3,Struck animal,1,Sunday,167,STRUCK ANIMAL                        ,MEL,40,313,A,5,5,Dark No street lights,1,1,1,0,0,0,1,5,Not at intersection,2,100,223993,N,2540794.649,2391304.497,CARDINIA,METROPOLITAN SOUTH EAST REGION,RURAL_VICTORIA,-37.97856,145.46433,3808,Dandenong Ranges National Park
925,T20090022661,15/06/09,14.15.00,3,Struck animal,2,Monday,167,STRUCK ANIMAL                        ,VCS,9,32,E,3,1,Day,1,1,1,0,0,0,1,5,Not at intersection,2,60,224019,N,2520308.772,2602791.81,MOIRA,NORTH EASTERN REGION,RURAL_VICTORIA,-36.07337,145.22546,3638,Lower Goulburn National Park
926,T20090022736,16/06/09,05.35.00,3,Struck animal,3,Tuesday,167,STRUCK ANIMAL                        ,VCS,9,32,H,5,5,Dark No street lights,1,2,0,1,0,1,1,5,Not at intersection,3,100,224055,N,2538809.844,2583906.415,SHEPPARTON,NORTH EASTERN REGION,RURAL_VICTORIA,-36.243,145.4318,3634,Lower Goulburn National Park
927,T20090023350,19/06/09,18.20.00,3,Struck animal,6,Friday,167,STRUCK ANIMAL                        ,VCS,9,31,H,9,5,Dark No street lights,1,2,1,0,0,1,1,5,Not at intersection,2,90,224150,N,2498422.72,2555631.798,CAMPASPE,NORTHERN REGION,RURAL_VICTORIA,-36.49862,144.98239,3623,Heathcote-Graytown National Park
928,T20090023974,19/06/09,18.05.00,3,Struck animal,6,Friday,167,STRUCK ANIMAL                        ,MEL,40,263,D,8,3,Dark Street lights on,1,2,0,1,0,1,2,5,Not at intersection,3,80,224395,N,2518794.296,2428985.126,NILLUMBIK,METROPOLITAN NORTH WEST REGION,RURAL_VICTORIA,-37.63976,145.21296,3099,Kinglake National Park
929,T20090024792,12/06/09,22.10.00,3,Struck animal,6,Friday,167,STRUCK ANIMAL                        ,VCS,9,21,G,9,5,Dark No street lights,1,1,1,0,0,0,2,5,Not at intersection,2,100,224601,N,2443507.864,2617074.718,CAMPASPE,NORTHERN REGION,RURAL_VICTORIA,-35.94319,144.3739,3566,Gunbower National Park
930,T20090025447,03/07/09,23.20.00,3,Struck animal,5,Friday,167,STRUCK ANIMAL                        ,VCS,9,425,C,9,5,Dark No street lights,1,2,1,0,0,1,1,5,Not at intersection,2,100,285526,N,2463251.48,2433986.573,MELTON,METROPOLITAN NORTH WEST REGION,RURAL_VICTORIA,-37.59416,144.58385,3337,Organ Pipes National Park
931,T20090025471,04/07/09,07.40.00,3,Struck animal,7,Saturday,167,STRUCK ANIMAL                        ,VCS,9,44,E,4,1,Day,1,1,1,0,0,0,1,5,Not at intersection,2,100,224836,N,2428990.141,2539817.441,BENDIGO,NORTHERN REGION,RURAL_VICTORIA,-36.63848,144.20587,3556,Greater Bendigo National Park