,ACCIDENT_NO,ACCIDENT_DATE,ACCIDENT_TIME,ACCIDENT_TYPE,ACCIDENT_TYPE_DESC,DAY_OF_WEEK,DAY_WEEK_DESC,DCA_CODE,DCA_DESC,DIRECTORY,EDITION,PAGE,GRID_REFERENCE_X,GRID_REFERENCE_Y,LIGHT_CONDITION,LIGHT_CONDITION_DESC,NO_OF_VEHICLES,NO_PERSONS,NO_PERSONS_INJ_2,NO_PERSONS_INJ_3,NO_PERSONS_KILLED,NO_PERSONS_NOT_INJ,POLICE_ATTEND,ROAD_GEOMETRY,ROAD_GEOMETRY_DESC,SEVERITY,SPEED_ZONE,NODE_ID,NODE_TYPE,AMG_X,AMG_Y,LG_AREA_NAME,REGION_NAME,DEG_URBAN_NAME,LATITUDE,LONGITUDE,POSTCODE,NEAREST_NATIONAL_PARK_NAME
932,T20090025561,04/07/09,17.45.00,3,Struck animal,7,Saturday,167,STRUCK ANIMAL                        ,VCS,9,96,F,5,5,Dark No street lights,1,1,0,1,0,0,1,5,Not at intersection,3,100,224856,N,2573490.643,2364144.29,BAW BAW,EASTERN REGION,RURAL_VICTORIA,-38.22122,145.83919,3818,French Island National Park
933,T20090025735,06/07/09,00.15.00,3,Struck animal,2,Monday,167,STRUCK ANIMAL                        ,VCS,9,453,C,8,5,Dark No street lights,2,4,0,1,0,3,1,5,Not at intersection,3,100,224651,N,2427013.669,2365051.591,SURF COAST,SOUTH WESTERN REGION,RURAL_VICTORIA,-38.21309,144.16666,3240,Brisbane Ranges National Park
934,T20090025952,06/07/09,18.15.00,3,Struck animal,2,Monday,167,STRUCK ANIMAL                        ,VCS,9,76,H,2,5,Dark No street lights,1,2,0,1,0,1,1,5,Not at intersection,3,100,224892,N,2410449.326,2438557.695,MOORABOOL,WESTERN REGION,RURAL_VICTORIA,-37.5494,143.98648,3352,Brisbane Ranges National Park
935,T20090026955,12/07/09,21.19.00,3,Struck animal,1,Sunday,167,STRUCK ANIMAL                        ,MEL,40,277,B,1,5,Dark No street lights,1,3,0,2,0,1,1,5,Not at intersection,3,80,225242,N,2541547.911,2427060.243,YARRA RANGES,METROPOLITAN SOUTH EAST REGION,RURAL_VICTORIA,-37.65637,145.47089,3777,Dandenong Ranges National Park
936,T20090027686,19/07/09,09.40.00,3,Struck animal,1,Sunday,167,STRUCK ANIMAL                        ,VCS,9,44,F,8,1,Day,1,1,1,0,0,0,2,5,Not at intersection,2,100,229113,N,2438750.578,2512024.473,BENDIGO,NORTHERN REGION,RURAL_VICTORIA,-36.88964,144.31278,3551,Greater Bendigo National Park
937,T20090028665,25/07/09,22.35.00,3,Struck animal,7,Saturday,167,STRUCK ANIMAL                        ,VCS,9,90,F,5,5,Dark No street lights,1,2,0,1,0,1,1,5,Not at intersection,3,100,225484,N,2312984.25,2363972.543,CORANGAMITE,SOUTH WESTERN REGION,RURAL_VICTORIA,-38.20679,142.86473,3264,Port Campbell National Park
938,T20090028776,28/07/08,12.00.00,3,Struck animal,2,Monday,167,STRUCK ANIMAL                        ,VCS,9,93,E,8,1,Day,1,1,0,1,0,0,2,5,Not at intersection,3,80,224130,N,2434116.697,2346640.481,SURF COAST,SOUTH WESTERN REGION,RURAL_VICTORIA,-38.37946,144.24609,3228,Point Nepean National Park
939,T20090029064,24/07/09,06.00.00,3,Struck animal,6,Friday,167,STRUCK ANIMAL                        ,VCS,9,609,R,11,5,Dark No street lights,1,1,0,1,0,0,2,2,T intersection,3,80,225377,N,2444861.938,2523520.726,BENDIGO,NORTHERN REGION,RURAL_VICTORIA,-36.78641,144.38218,3551,Greater Bendigo National Park
940,T20090029130,29/07/09,18.14.00,3,Struck animal,4,Wednesday,167,STRUCK ANIMAL                        ,VCS,9,32,F,8,5,Dark No street lights,1,2,0,2,0,0,1,5,Not at intersection,3,100,234160,N,2526516.242,2569115.167,SHEPPARTON,NORTH EASTERN REGION,RURAL_VICTORIA,-36.37673,145.29553,3629,Lower Goulburn National Park
941,T20090029865,03/08/09,21.45.00,3,Struck animal,2,Monday,167,STRUCK ANIMAL                        ,VCS,9,691,L,8,5,Dark No street lights,1,1,0,1,0,0,2,5,Not at intersection,3,80,225638,N,2725155.961,2379400.661,WELLINGTON,EASTERN REGION,SMALL_TOWNS,-38.05936,147.5658,3851,The Lakes National Park
942,T20090031045,12/08/09,09.35.00,3,Struck animal,4,Wednesday,167,STRUCK ANIMAL                        ,VCS,9,20,H,5,1,Day,1,1,0,1,0,0,2,5,Not at intersection,3,100,225843,N,2407175.058,2639695.248,GANNAWARRA,NORTHERN REGION,RURAL_VICTORIA,-35.7365,143.97396,3579,Gunbower National Park
943,T20090031083,12/08/09,12.10.00,3,Struck animal,4,Wednesday,167,STRUCK ANIMAL                        ,VCS,9,77,E,4,1,Day,1,1,0,1,0,0,1,5,Not at intersection,3,100,225852,N,2432035.397,2426130.081,MOORABOOL,WESTERN REGION,RURAL_VICTORIA,-37.6632,144.22964,3342,Brisbane Ranges National Park
944,T20090031557,14/08/09,20.57.00,3,Struck animal,6,Friday,167,STRUCK ANIMAL                        ,VCS,9,77,C,8,5,Dark No street lights,1,1,1,0,0,0,1,5,Not at intersection,2,100,225983,N,2420053.568,2399040.512,GOLDEN PLAINS,SOUTH WESTERN REGION,RURAL_VICTORIA,-37.90632,144.0909,3333,Brisbane Ranges National Park
945,T20090033159,27/08/09,06.15.00,3,Struck animal,5,Thursday,167,STRUCK ANIMAL                        ,VCS,9,40,H,7,5,Dark No street lights,1,1,0,1,0,0,1,5,Not at intersection,3,100,226143,N,2266325.885,2512776.373,HORSHAM,WESTERN REGION,RURAL_VICTORIA,-36.85586,142.37901,3401,Grampians National Park
946,T20090033953,02/09/09,04.10.00,3,Struck animal,4,Wednesday,167,STRUCK ANIMAL                        ,VCS,9,53,J,6,5,Dark No street lights,1,1,0,1,0,0,1,5,Not at intersection,3,100,226338,N,2184367.746,2465155.692,WEST WIMMERA,WESTERN REGION,RURAL_VICTORIA,-37.26083,141.44051,3312,Little Desert National Park
947,T20090034082,03/09/09,00.25.00,3,Struck animal,5,Thursday,167,STRUCK ANIMAL                        ,VCS,9,90,A,6,5,Dark No street lights,1,1,0,1,0,0,1,5,Not at intersection,3,100,226329,N,2285710.373,2352446.191,MOYNE,SOUTH WESTERN REGION,RURAL_VICTORIA,-38.30468,142.55007,3278,Port Campbell National Park
948,T20090035657,13/09/09,19.00.00,3,Struck animal,1,Sunday,167,STRUCK ANIMAL                        ,VCS,9,99,C,3,5,Dark No street lights,1,2,0,1,0,1,1,5,Not at intersection,3,100,226372,N,2684692.356,2379002.722,WELLINGTON,EASTERN REGION,RURAL_VICTORIA,-38.07189,147.10496,3851,Mitchell River National Park
949,T20090036082,17/09/09,11.00.00,3,Struck animal,5,Thursday,167,STRUCK ANIMAL                        ,VCS,9,45,D,7,1,Day,1,1,0,1,0,0,2,5,Not at intersection,3,999,226483,N,2477078.306,2514245.095,BENDIGO,NORTHERN REGION,RURAL_VICTORIA,-36.87134,144.74288,3523,Heathcote-Graytown National Park
950,T20090036477,11/09/09,17.45.00,3,Struck animal,6,Friday,167,STRUCK ANIMAL                        ,VCS,9,609,L,5,2,Dusk/Dawn,1,1,1,0,0,0,2,5,Not at intersection,2,100,229840,O,2441793.006,2526992.69,BENDIGO,NORTHERN REGION,RURAL_VICTORIA,-36.75494,144.34806,3551,Greater Bendigo National Park
951,T20090036533,19/09/09,19.08.00,3,Struck animal,7,Saturday,167,STRUCK ANIMAL                        ,VCS,9,63,C,3,5,Dark No street lights,1,1,1,0,0,0,1,5,Not at intersection,2,100,226716,N,2599567.654,2491215.427,MANSFIELD,NORTH EASTERN REGION,RURAL_VICTORIA,-37.07389,146.11987,3722,Lake Eildon National Park
952,T20090036768,21/09/09,17.40.00,3,Struck animal,2,Monday,167,STRUCK ANIMAL                        ,VCS,9,31,B,5,1,Day,1,1,1,0,0,0,2,5,Not at intersection,2,100,226498,N,2461620.579,2584039.993,CAMPASPE,NORTHERN REGION,RURAL_VICTORIA,-36.24181,144.573,3561,Greater Bendigo National Park
953,T20090037348,25/09/09,17.55.00,3,Struck animal,6,Friday,167,STRUCK ANIMAL                        ,VCS,9,416,G,2,2,Dusk/Dawn,1,5,0,3,0,2,1,5,Not at intersection,3,100,226665,N,2488371.069,2471846.956,MITCHELL,NORTHERN REGION,RURAL_VICTORIA,-37.25364,144.8689,3764,Kinglake National Park
954,T20090038676,19/09/09,19.00.00,3,Struck animal,7,Saturday,167,STRUCK ANIMAL                        ,VCS,9,84,F,5,5,Dark No street lights,1,1,0,1,0,0,2,5,Not at intersection,3,100,227108,N,2752103.103,2414380.973,EAST GIPPSLAND,EASTERN REGION,RURAL_VICTORIA,-37.73741,147.86073,3885,The Lakes National Park
955,T20090039910,02/10/09,14.00.00,3,Struck animal,6,Friday,167,STRUCK ANIMAL                        ,VCS,9,45,D,8,1,Day,1,1,0,1,0,0,2,5,Not at intersection,3,999,227162,N,2476640.12,2513321.995,BENDIGO,NORTHERN REGION,RURAL_VICTORIA,-36.87965,144.73794,3523,Heathcote-Graytown National Park
956,T20090040063,15/10/09,08.50.00,3,Struck animal,5,Thursday,167,STRUCK ANIMAL                        ,VCS,9,69,J,6,1,Day,1,1,0,1,0,0,1,5,Not at intersection,3,100,227509,N,2892397.702,2430505.786,EAST GIPPSLAND,EASTERN REGION,RURAL_VICTORIA,-37.54374,149.44229,3891,Alfred National Park
957,T20090040814,28/09/09,11.15.00,3,Struck animal,2,Monday,167,STRUCK ANIMAL                        ,VCS,9,36,J,7,1,Day,1,1,0,1,0,0,2,5,Not at intersection,3,100,227046,N,2719047.367,2568578.139,TOWONG,NORTH EASTERN REGION,RURAL_VICTORIA,-36.35663,147.44096,3701,Burrowa - Pine Mountain National Park
958,T20090041507,24/10/09,21.18.00,3,Struck animal,7,Saturday,167,STRUCK ANIMAL                        ,MEL,40,391,D,1,5,Dark No street lights,1,1,1,0,0,0,1,5,Not at intersection,2,100,227402,N,2511078.745,2436719.991,WHITTLESEA,METROPOLITAN NORTH WEST REGION,RURAL_VICTORIA,-37.57019,145.12542,3755,Kinglake National Park
959,T20090041675,26/10/09,08.20.00,3,Struck animal,2,Monday,167,STRUCK ANIMAL                        ,MEL,40,352,G,12,1,Day,1,1,0,1,0,0,1,5,Not at intersection,3,100,227255,N,2477025.882,2427484.559,HUME,METROPOLITAN NORTH WEST REGION,RURAL_VICTORIA,-37.65319,144.73963,3427,Organ Pipes National Park
960,T20090043042,05/11/09,05.30.00,3,Struck animal,5,Thursday,167,STRUCK ANIMAL                        ,VCS,9,44,H,4,6,Dark Street lights unknown,1,1,0,0,1,0,1,5,Not at intersection,1,60,227673,N,2444587.089,2535279.892,BENDIGO,NORTHERN REGION,RURAL_VICTORIA,-36.68042,144.37996,3551,Greater Bendigo National Park
961,T20090043194,19/10/09,20.30.00,3,Struck animal,2,Monday,167,STRUCK ANIMAL                        ,MEL,40,83,H,7,5,Dark No street lights,1,1,0,1,0,0,2,5,Not at intersection,3,80,227576,N,2528194.642,2395308.048,YARRA RANGES,METROPOLITAN SOUTH EAST REGION,RURAL_VICTORIA,-37.94296,145.32076,3156,Churchill National Park
962,T20090043408,07/11/09,21.00.00,3,Struck animal,7,Saturday,167,STRUCK ANIMAL                        ,MEL,40,480,G,5,5,Dark No street lights,1,2,2,0,0,0,1,5,Not at intersection,2,100,227605,N,2445958.159,2361965.039,GEELONG,SOUTH WESTERN REGION,RURAL_VICTORIA,-38.24219,144.38273,3217,Point Nepean National Park
963,T20090044355,14/11/09,10.50.00,3,Struck animal,7,Saturday,167,STRUCK ANIMAL                        ,VCS,9,103,B,5,1,Day,2,2,2,0,0,0,1,5,Not at intersection,2,100,229085,N,2593546.67,2306696.94,SOUTH GIPPSLAND,EASTERN REGION,RURAL_VICTORIA,-38.7368,146.0756,3959,Wilsons Promontory National Park
964,T20090044725,17/11/09,00.15.00,3,Struck animal,3,Tuesday,167,STRUCK ANIMAL                        ,MEL,40,226,H,1,5,Dark No street lights,1,1,1,0,0,0,2,5,Not at intersection,2,80,278432,N,2461899.234,2412451.16,MELTON,METROPOLITAN NORTH WEST REGION,RURAL_VICTORIA,-37.78815,144.56743,3338,Organ Pipes National Park
965,T20090044750,07/11/09,01.40.00,3,Struck animal,7,Saturday,167,STRUCK ANIMAL                        ,VCS,9,425,D,10,5,Dark No street lights,1,1,1,0,0,0,2,5,Not at intersection,2,100,227822,N,2465163.882,2432214.809,MELTON,METROPOLITAN NORTH WEST REGION,RURAL_VICTORIA,-37.6102,144.60542,3337,Organ Pipes National Park
966,T20090045369,04/11/09,05.50.00,3,Struck animal,4,Wednesday,167,STRUCK ANIMAL                        ,VCS,9,61,C,5,5,Dark No street lights,1,1,0,1,0,0,2,5,Not at intersection,3,110,228298,N,2506181.509,2479142.267,MITCHELL,NORTHERN REGION,RURAL_VICTORIA,-37.18795,145.06963,3658,Kinglake National Park
967,T20090045918,24/11/09,06.45.00,3,Struck animal,3,Tuesday,167,STRUCK ANIMAL                        ,MEL,40,380,F,11,1,Day,1,1,0,1,0,0,2,5,Not at intersection,3,80,228327,N,2530337.018,2440786.337,MURRINDINDI,NORTH EASTERN REGION,SMALL_TOWNS,-37.53312,145.34327,3763,Kinglake National Park
968,T20090046903,01/12/09,11.30.00,3,Struck animal,3,Tuesday,167,STRUCK ANIMAL                        ,VCS,9,63,B,4,1,Day,1,1,1,0,0,0,2,5,Not at intersection,2,100,228216,N,2590342.652,2479568.122,MANSFIELD,NORTH EASTERN REGION,RURAL_VICTORIA,-37.17978,146.01752,3713,Lake Eildon National Park
969,T20090048168,09/12/09,18.25.00,3,Struck animal,4,Wednesday,167,STRUCK ANIMAL                        ,MEL,40,190,K,4,1,Day,1,1,1,0,0,0,1,2,T intersection,2,70,229154,N,2501453.481,2347765.04,MORNINGTON PENINSULA,METROPOLITAN SOUTH EAST REGION,RURAL_VICTORIA,-38.37168,145.01663,3937,Mornington Peninsula National Park
970,T20090048941,12/12/09,21.00.00,3,Struck animal,7,Saturday,167,STRUCK ANIMAL                        ,VCS,9,76,A,5,5,Dark No street lights,1,1,0,1,0,0,2,5,Not at intersection,3,80,228438,N,2369652.644,2421021.922,GOLDEN PLAINS,SOUTH WESTERN REGION,RURAL_VICTORIA,-37.70259,143.52173,3360,Brisbane Ranges National Park
971,T20090049244,02/12/09,13.00.00,3,Struck animal,4,Wednesday,167,STRUCK ANIMAL                        ,VCS,9,414,J,13,1,Day,1,1,1,0,0,0,2,5,Not at intersection,2,80,228647,N,2457165.3,2450552.63,MACEDON RANGES,NORTHERN REGION,RURAL_VICTORIA,-37.44463,144.51588,3437,Organ Pipes National Park
972,T20090051066,30/12/09,22.05.00,3,Struck animal,4,Wednesday,167,STRUCK ANIMAL                        ,VCS,9,32,B,9,5,Dark No street lights,1,1,1,0,0,0,1,5,Not at intersection,2,100,229042,N,2501050.73,2561729.534,CAMPASPE,NORTHERN REGION,RURAL_VICTORIA,-36.44366,145.01172,3623,Heathcote-Graytown National Park
973,T20100000210,02/01/10,22.20.00,3,Struck animal,7,Saturday,167,STRUCK ANIMAL                        ,VCS,9,88,C,6,5,Dark No street lights,1,4,0,1,0,3,1,5,Not at intersection,3,100,229035,N,2208014.278,2354207.558,GLENELG,SOUTH WESTERN REGION,RURAL_VICTORIA,-38.26755,141.66312,3305,Mount Richmond National Park
974,T20100000441,03/01/10,08.50.00,3,Struck animal,1,Sunday,167,STRUCK ANIMAL                        ,MEL,40,253,C,10,1,Day,1,1,1,0,0,0,2,5,Not at intersection,2,999,229396,N,2490999.555,2340590.508,MORNINGTON PENINSULA,METROPOLITAN SOUTH EAST REGION,RURAL_VICTORIA,-38.43626,144.89693,3939,Mornington Peninsula National Park
975,T20100000545,05/01/10,23.40.00,3,Struck animal,3,Tuesday,167,STRUCK ANIMAL                        ,VCS,9,97,H,4,5,Dark No street lights,1,2,2,0,0,0,1,5,Not at intersection,2,100,229409,N,2624564.42,2370542.723,LATROBE,EASTERN REGION,RURAL_VICTORIA,-38.15812,146.42124,3825,Morwell National Park
976,T20100000551,05/01/10,22.24.00,3,Struck animal,3,Tuesday,167,STRUCK ANIMAL                        ,VCS,9,87,C,2,5,Dark No street lights,1,2,0,1,0,1,2,5,Not at intersection,3,100,229410,N,2155529.559,2375772.019,GLENELG,SOUTH WESTERN REGION,RURAL_VICTORIA,-38.05539,141.0741,3292,Lower Glenelg National Park
977,T20100001155,11/01/10,01.45.00,3,Struck animal,2,Monday,167,STRUCK ANIMAL                        ,VCS,9,417,D,9,5,Dark No street lights,1,1,1,0,0,0,1,5,Not at intersection,2,100,233527,N,2502598.136,2457148.114,MITCHELL,NORTHERN REGION,RURAL_VICTORIA,-37.38617,145.02934,3758,Kinglake National Park
978,T20100001224,11/01/10,00.30.00,3,Struck animal,2,Monday,167,STRUCK ANIMAL                        ,VCS,9,31,C,6,5,Dark No street lights,1,2,0,1,0,1,2,5,Not at intersection,3,100,229508,N,2470665.992,2580437.908,CAMPASPE,NORTHERN REGION,RURAL_VICTORIA,-36.2746,144.6735,3561,Greater Bendigo National Park
979,T20100002708,22/01/10,22.25.00,3,Struck animal,6,Friday,167,STRUCK ANIMAL                        ,VCS,9,23,A,9,5,Dark No street lights,1,1,0,1,0,0,1,5,Not at intersection,3,100,229781,N,2547949.798,2613793.597,MOIRA,NORTH EASTERN REGION,RURAL_VICTORIA,-35.97323,145.53163,3644,Lower Goulburn National Park
980,T20100003635,24/01/10,22.30.00,3,Struck animal,1,Sunday,167,STRUCK ANIMAL                        ,VCS,9,57,G,8,5,Dark No street lights,1,1,0,1,0,0,2,5,Not at intersection,3,100,232634,N,2355713.07,2456280.903,PYRENEES,WESTERN REGION,RURAL_VICTORIA,-37.38286,143.37052,3373,Kara Kara National Park
981,T20100003655,15/11/09,21.30.00,3,Struck animal,1,Sunday,167,STRUCK ANIMAL                        ,VCS,9,33,C,6,5,Dark No street lights,1,1,0,1,0,0,2,5,Not at intersection,3,100,230584,N,2556849.951,2581653.05,MOIRA,NORTH EASTERN REGION,RURAL_VICTORIA,-36.2624,145.63267,3646,Lower Goulburn National Park
982,T20100003815,30/01/10,04.30.00,3,Struck animal,7,Saturday,167,STRUCK ANIMAL                        ,VCS,9,23,C,9,5,Dark No street lights,1,1,1,0,0,0,2,5,Not at intersection,2,100,230271,N,2557011.525,2617247.943,MOIRA,NORTH EASTERN REGION,RURAL_VICTORIA,-35.9416,145.63184,3644,Lower Goulburn National Park
983,T20100003884,02/02/10,06.35.00,3,Struck animal,3,Tuesday,167,STRUCK ANIMAL                        ,VCS,9,32,H,6,1,Day,1,1,0,1,0,0,2,5,Not at intersection,3,100,230177,N,2535873.198,2578680.942,SHEPPARTON,NORTH EASTERN REGION,RURAL_VICTORIA,-36.29021,145.39937,3634,Lower Goulburn National Park
984,T20100004369,26/05/09,18.30.00,3,Struck animal,3,Tuesday,167,STRUCK ANIMAL                        ,MEL,40,264,D,4,2,Dusk/Dawn,1,1,0,1,0,0,2,5,Not at intersection,3,80,124180,N,2522677.646,2430705.77,NILLUMBIK,METROPOLITAN NORTH WEST REGION,RURAL_VICTORIA,-37.62417,145.25691,3759,Kinglake National Park
985,T20100004816,08/02/10,11.15.00,3,Struck animal,2,Monday,167,STRUCK ANIMAL                        ,VCS,9,43,H,3,1,Day,2,2,0,1,0,1,1,2,T intersection,3,100,230610,I,2406707.282,2545888.945,LODDON,NORTHERN REGION,RURAL_VICTORIA,-36.58183,143.95743,3516,Greater Bendigo National Park
986,T20100006384,18/02/10,00.45.00,3,Struck animal,5,Thursday,167,STRUCK ANIMAL                        ,VCS,9,43,G,6,5,Dark No street lights,1,1,0,1,0,0,2,5,Not at intersection,3,100,230715,N,2403429.407,2524079.642,LODDON,NORTHERN REGION,RURAL_VICTORIA,-36.77804,143.91804,3551,Greater Bendigo National Park
987,T20100007584,27/02/10,20.45.00,3,Struck animal,7,Saturday,167,STRUCK ANIMAL                        ,VCS,9,90,G,4,5,Dark No street lights,1,1,0,1,0,0,1,5,Not at intersection,3,100,230910,N,2315444.925,2369546.987,CORANGAMITE,SOUTH WESTERN REGION,RURAL_VICTORIA,-38.15708,142.89422,3265,Port Campbell National Park
988,T20100007856,25/02/10,20.15.00,3,Struck animal,5,Thursday,167,STRUCK ANIMAL                        ,VCS,9,62,E,5,2,Dusk/Dawn,1,1,0,1,0,0,2,5,Not at intersection,3,100,231031,N,2568609.462,2472547.244,MURRINDINDI,NORTH EASTERN REGION,RURAL_VICTORIA,-37.24489,145.7734,3712,Lake Eildon National Park
989,T20100010357,18/03/10,05.45.00,3,Struck animal,5,Thursday,167,STRUCK ANIMAL                        ,VCS,9,49,F,6,2,Dusk/Dawn,1,1,1,0,0,0,1,5,Not at intersection,2,100,233422,N,2666203.676,2524608.74,ALPINE,NORTH EASTERN REGION,RURAL_VICTORIA,-36.76357,146.86185,3740,Mount Buffalo National Park
990,T20100011298,24/03/10,18.20.00,3,Struck animal,4,Wednesday,167,STRUCK ANIMAL                        ,VCS,9,48,D,3,1,Day,1,1,0,1,0,0,2,5,Not at intersection,3,100,231547,N,2604352.31,2546084.205,BENALLA,NORTH EASTERN REGION,RURAL_VICTORIA,-36.57891,146.16612,3673,Warby-Ovens National Park
991,T20100011376,20/03/10,19.45.00,3,Struck animal,7,Saturday,167,STRUCK ANIMAL                        ,VCS,9,58,E,2,5,Dark No street lights,1,1,0,1,0,0,1,5,Not at intersection,3,100,245817,N,2390301.31,2495300.44,CENTRAL GOLDFIELDS,WESTERN REGION,RURAL_VICTORIA,-37.03595,143.76679,3465,Kara Kara National Park
992,T20100011751,27/03/10,16.35.00,3,Struck animal,7,Saturday,167,STRUCK ANIMAL                        ,VCS,9,55,J,4,1,Day,1,1,1,0,0,0,1,5,Not at intersection,2,100,231730,N,2274998.415,2480770.487,NORTHERN GRAMPIANS,WESTERN REGION,RURAL_VICTORIA,-37.14632,142.46669,3401,Grampians National Park
993,T20100012102,30/03/10,06.00.00,3,Struck animal,3,Tuesday,167,STRUCK ANIMAL                        ,VCS,9,96,H,5,2,Dusk/Dawn,1,1,0,1,0,0,1,5,Not at intersection,3,100,231759,N,2587686.532,2364856.388,BAW BAW,EASTERN REGION,RURAL_VICTORIA,-38.21357,146.0012,3822,Morwell National Park
994,T20100013607,21/03/10,01.00.00,3,Struck animal,1,Sunday,167,STRUCK ANIMAL                        ,VCS,9,35,E,9,5,Dark No street lights,1,1,1,0,0,0,2,5,Not at intersection,2,100,231853,N,2659724.67,2554881.553,ALPINE,NORTH EASTERN REGION,RURAL_VICTORIA,-36.4919,146.78294,3737,Mount Buffalo National Park
995,T20100013618,10/04/10,14.00.00,3,Struck animal,7,Saturday,167,STRUCK ANIMAL                        ,VCS,9,92,G,8,1,Day,1,1,0,1,0,0,2,5,Not at intersection,3,100,231854,N,2406985.136,2342084.971,SURF COAST,SOUTH WESTERN REGION,RURAL_VICTORIA,-38.41816,143.93506,3235,Great Otway National Park
996,T20100014042,13/04/10,07.00.00,3,Struck animal,3,Tuesday,167,STRUCK ANIMAL                        ,MEL,40,331,F,4,5,Dark No street lights,1,1,0,1,0,0,1,5,Not at intersection,3,100,231906,N,2463739.761,2432853.552,MELTON,METROPOLITAN NORTH WEST REGION,RURAL_VICTORIA,-37.60439,144.58932,3337,Organ Pipes National Park
997,T20100014137,13/04/10,02.45.00,3,Struck animal,3,Tuesday,167,STRUCK ANIMAL                        ,VCS,9,419,E,2,5,Dark No street lights,1,1,0,1,0,0,2,5,Not at intersection,3,100,231915,N,2540925.318,2469127.246,MURRINDINDI,NORTH EASTERN REGION,RURAL_VICTORIA,-37.27733,145.46152,3717,Kinglake National Park
998,T20100014970,18/04/10,16.00.00,3,Struck animal,1,Sunday,167,STRUCK ANIMAL                        ,VCS,9,92,C,9,1,Day,1,1,0,1,0,0,2,5,Not at intersection,3,100,232098,N,2383258.659,2339611.258,COLAC OTWAY,SOUTH WESTERN REGION,RURAL_VICTORIA,-38.43774,143.66305,3249,Great Otway National Park
999,T20100015214,20/04/10,10.30.00,3,Struck animal,3,Tuesday,167,STRUCK ANIMAL                        ,VCS,9,80,B,5,1,Day,1,1,0,1,0,0,2,5,Not at intersection,3,60,232076,N,2552173.131,2422556.735,YARRA RANGES,METROPOLITAN SOUTH EAST REGION,RURAL_VICTORIA,-37.69641,145.59163,3777,Dandenong Ranges National Park
1000,T20100015808,15/04/10,19.00.00,3,Struck animal,5,Thursday,167,STRUCK ANIMAL                        ,VCS,9,678,H,1,2,Dusk/Dawn,1,1,1,0,0,0,2,2,T intersection,2,100,49388,I,2513852.304,2525094.037,STRATHBOGIE,NORTH EASTERN REGION,RURAL_VICTORIA,-36.77374,145.15519,3608,Heathcote-Graytown National Park
1001,T20100017808,08/05/10,23.30.00,3,Struck animal,7,Saturday,167,STRUCK ANIMAL                        ,MEL,40,312,J,1,5,Dark No street lights,1,1,1,0,0,0,1,5,Not at intersection,2,60,232954,N,2548008.738,2397691.69,CARDINIA,METROPOLITAN SOUTH EAST REGION,RURAL_VICTORIA,-37.92067,145.54602,3783,Dandenong Ranges National Park
1002,T20100018244,02/04/10,10.30.00,3,Struck animal,6,Friday,167,STRUCK ANIMAL                        ,VCS,9,47,F,7,1,Day,1,1,1,0,0,0,2,5,Not at intersection,2,100,233488,N,2577847.244,2514769.031,BENALLA,NORTH EASTERN REGION,RURAL_VICTORIA,-36.86368,145.87316,3669,Lake Eildon National Park
1003,T20100018783,15/05/10,09.35.00,3,Struck animal,7,Saturday,167,STRUCK ANIMAL                        ,VCS,9,99,E,7,1,Day,1,1,0,1,0,0,1,5,Not at intersection,3,100,233374,N,2696713.024,2350092.632,WELLINGTON,EASTERN REGION,RURAL_VICTORIA,-38.32978,147.2497,3851,The Lakes National Park
1004,T20100018836,15/05/10,05.00.00,3,Struck animal,7,Saturday,167,STRUCK ANIMAL                        ,VCS,9,58,E,2,9,Unknown,1,1,0,1,0,0,2,2,T intersection,3,100,59991,N,2393645.524,2496987.699,CENTRAL GOLDFIELDS,WESTERN REGION,RURAL_VICTORIA,-37.02113,143.80462,3464,Kara Kara National Park
1005,T20100019054,12/05/10,10.50.00,3,Struck animal,4,Wednesday,173,RIGHT OFF CARRIAGEWAY INTO OBJECT/PARKED VEHICLE      ,VCS,9,26,B,8,1,Day,1,1,0,1,0,0,1,5,Not at intersection,3,100,234230,N,2232664.227,2563002.439,HINDMARSH,WESTERN REGION,RURAL_VICTORIA,-36.39447,142.01931,3414,Little Desert National Park
1006,T20100019676,21/05/10,10.40.00,3,Struck animal,6,Friday,167,STRUCK ANIMAL                        ,VCS,9,44,H,7,1,Day,1,1,1,0,0,0,1,5,Not at intersection,2,100,233210,N,2445099.865,2514694.386,BENDIGO,NORTHERN REGION,RURAL_VICTORIA,-36.86597,144.38421,3551,Greater Bendigo National Park
1007,T20100019908,22/05/10,18.30.00,3,Struck animal,7,Saturday,167,STRUCK ANIMAL                        ,VCS,9,89,G,6,5,Dark No street lights,1,2,0,2,0,0,1,5,Not at intersection,3,100,233208,N,2268034.73,2351278.745,MOYNE,SOUTH WESTERN REGION,RURAL_VICTORIA,-38.31092,142.34771,3282,Mount Eccles National Park
1008,T20100020247,25/05/10,07.10.00,3,Struck animal,3,Tuesday,167,STRUCK ANIMAL                        ,MEL,40,494,A,6,1,Day,1,1,0,1,0,0,1,5,Not at intersection,3,100,233415,N,2443310.762,2356699.078,SURF COAST,SOUTH WESTERN REGION,RURAL_VICTORIA,-38.28947,144.35208,3217,Point Nepean National Park
1009,T20100020624,27/05/10,06.30.00,3,Struck animal,5,Thursday,167,STRUCK ANIMAL                        ,VCS,9,425,B,7,2,Dusk/Dawn,1,1,0,1,0,0,1,5,Not at intersection,3,100,233436,N,2462287.981,2438544.819,MACEDON RANGES,NORTHERN REGION,RURAL_VICTORIA,-37.55305,144.57317,3437,Organ Pipes National Park