,ACCIDENT_NO,ACCIDENT_DATE,ACCIDENT_TIME,ACCIDENT_TYPE,ACCIDENT_TYPE_DESC,DAY_OF_WEEK,DAY_WEEK_DESC,DCA_CODE,DCA_DESC,DIRECTORY,EDITION,PAGE,GRID_REFERENCE_X,GRID_REFERENCE_Y,LIGHT_CONDITION,LIGHT_CONDITION_DESC,NO_OF_VEHICLES,NO_PERSONS,NO_PERSONS_INJ_2,NO_PERSONS_INJ_3,NO_PERSONS_KILLED,NO_PERSONS_NOT_INJ,POLICE_ATTEND,ROAD_GEOMETRY,ROAD_GEOMETRY_DESC,SEVERITY,SPEED_ZONE,NODE_ID,NODE_TYPE,AMG_X,AMG_Y,LG_AREA_NAME,REGION_NAME,DEG_URBAN_NAME,LATITUDE,LONGITUDE,POSTCODE,NEAREST_NATIONAL_PARK_NAME
1010,T20100020773,27/05/10,23.45.00,3,Struck animal,5,Thursday,167,STRUCK ANIMAL                        ,VCS,9,92,H,2,5,Dark No street lights,1,1,0,0,1,0,1,5,Not at intersection,1,100,233177,N,2411081.151,2387046.426,GOLDEN PLAINS,SOUTH WESTERN REGION,RURAL_VICTORIA,-38.01356,143.98743,3329,Brisbane Ranges National Park
1011,T20100021076,29/05/10,02.55.00,3,Struck animal,7,Saturday,167,STRUCK ANIMAL                        ,MEL,40,353,H,10,5,Dark No street lights,2,3,0,1,0,2,1,5,Not at intersection,3,100,112033,N,2473588.711,2423660.39,MELTON,METROPOLITAN NORTH WEST REGION,RURAL_VICTORIA,-37.68756,144.70054,3335,Organ Pipes National Park
1012,T20100021494,02/06/10,03.00.00,3,Struck animal,4,Wednesday,167,STRUCK ANIMAL                        ,VCS,9,427,D,6,5,Dark No street lights,1,1,0,1,0,0,1,5,Not at intersection,3,100,233581,N,2501215.851,2439269.663,WHITTLESEA,METROPOLITAN NORTH WEST REGION,RURAL_VICTORIA,-37.54728,145.01376,3064,Kinglake National Park
1013,T20100021523,24/04/10,18.30.00,3,Struck animal,7,Saturday,167,STRUCK ANIMAL                        ,VCS,9,45,C,8,5,Dark No street lights,1,4,0,3,0,1,2,5,Not at intersection,3,100,233593,N,2471281.465,2511939.358,BENDIGO,NORTHERN REGION,RURAL_VICTORIA,-36.89196,144.67777,3523,Heathcote-Graytown National Park
1014,T20100022387,07/06/10,14.00.00,3,Struck animal,2,Monday,183,OFF LEFT BEND INTO OBJECT/PARKED VEHICLE          ,VCS,9,34,E,6,1,Day,1,2,0,1,0,1,1,5,Not at intersection,3,100,234420,N,2608455.406,2575641.471,WANGARATTA,NORTH EASTERN REGION,RURAL_VICTORIA,-36.31208,146.20778,3678,Warby-Ovens National Park
1015,T20100023149,11/06/10,17.45.00,3,Struck animal,6,Friday,167,STRUCK ANIMAL                        ,VCS,9,48,E,4,2,Dusk/Dawn,1,1,0,1,0,0,2,5,Not at intersection,3,100,234145,N,2611769.799,2536887.552,WANGARATTA,NORTH EASTERN REGION,RURAL_VICTORIA,-36.66094,146.25035,3675,Warby-Ovens National Park
1016,T20100023725,16/06/10,21.40.00,3,Struck animal,4,Wednesday,167,STRUCK ANIMAL                        ,VCS,9,58,H,8,5,Dark No street lights,2,4,0,1,0,3,1,2,T intersection,3,100,60529,I,2409296.863,2453977.877,HEPBURN,WESTERN REGION,RURAL_VICTORIA,-37.41034,143.97532,3364,Brisbane Ranges National Park
1017,T20100024796,24/06/10,05.00.00,3,Struck animal,5,Thursday,167,STRUCK ANIMAL                        ,VCS,9,61,C,3,5,Dark No street lights,1,2,0,2,0,0,2,5,Not at intersection,3,110,235262,N,2509001.484,2492554.147,MITCHELL,NORTHERN REGION,RURAL_VICTORIA,-37.06706,145.10123,3659,Heathcote-Graytown National Park
1018,T20100024870,24/06/10,06.30.00,3,Struck animal,5,Thursday,167,STRUCK ANIMAL                        ,VCS,9,96,G,5,2,Dusk/Dawn,1,1,0,1,0,0,2,5,Not at intersection,3,100,234121,N,2577042.508,2365641.943,BAW BAW,EASTERN REGION,RURAL_VICTORIA,-38.20744,145.87959,3821,French Island National Park
1019,T20100025605,29/06/10,16.05.00,3,Struck animal,3,Tuesday,167,STRUCK ANIMAL                        ,VCS,9,55,G,3,2,Dusk/Dawn,1,1,1,0,0,0,1,5,Not at intersection,2,100,234176,N,2263117.401,2486937.108,NORTHERN GRAMPIANS,WESTERN REGION,RURAL_VICTORIA,-37.08784,142.33493,3401,Grampians National Park
1020,T20100027810,09/07/10,15.00.00,3,Struck animal,6,Friday,167,STRUCK ANIMAL                        ,VCS,9,93,B,3,1,Day,1,1,1,0,0,0,2,5,Not at intersection,2,100,234624,N,2415218.998,2381107.151,GOLDEN PLAINS,SOUTH WESTERN REGION,RURAL_VICTORIA,-38.06745,144.03386,3321,Brisbane Ranges National Park
1021,T20100028268,17/07/10,16.55.00,3,Struck animal,7,Saturday,167,STRUCK ANIMAL                        ,VCS,9,680,F,10,1,Day,1,1,0,1,0,0,1,5,Not at intersection,3,100,235075,N,2564898.359,2442727.165,MURRINDINDI,NORTH EASTERN REGION,RURAL_VICTORIA,-37.51387,145.73416,3779,Yarra Ranges National Park
1022,T20100028495,14/03/10,18.30.00,3,Struck animal,1,Sunday,167,STRUCK ANIMAL                        ,VCS,9,103,E,2,2,Dusk/Dawn,1,1,0,1,0,0,2,5,Not at intersection,3,100,234891,N,2611680.966,2328009.854,SOUTH GIPPSLAND,EASTERN REGION,RURAL_VICTORIA,-38.54285,146.28079,3960,Morwell National Park
1023,T20100029328,22/07/10,00.30.00,3,Struck animal,5,Thursday,167,STRUCK ANIMAL                        ,VCS,9,59,E,6,5,Dark No street lights,1,1,0,1,0,0,1,5,Not at intersection,3,100,235987,N,2431698.401,2465299.046,HEPBURN,WESTERN REGION,RURAL_VICTORIA,-37.31023,144.22941,3461,Brisbane Ranges National Park
1024,T20100029337,24/07/10,18.10.00,3,Struck animal,7,Saturday,167,STRUCK ANIMAL                        ,VCS,9,61,C,2,5,Dark No street lights,1,2,0,2,0,0,1,5,Not at intersection,3,80,234979,N,2509474.86,2496802.187,MITCHELL,NORTHERN REGION,RURAL_VICTORIA,-37.02877,145.1065,3660,Heathcote-Graytown National Park
1025,T20100030309,30/07/10,19.05.00,3,Struck animal,6,Friday,167,STRUCK ANIMAL                        ,VCS,9,96,G,3,5,Dark No street lights,1,3,0,3,0,0,1,5,Not at intersection,3,100,235886,N,2580047.298,2377531.702,BAW BAW,EASTERN REGION,RURAL_VICTORIA,-38.10008,145.91259,3821,Yarra Ranges National Park
1026,T20100030432,31/07/10,14.05.00,3,Struck animal,7,Saturday,167,STRUCK ANIMAL                        ,VCS,9,55,G,8,1,Day,1,1,1,0,0,0,1,5,Not at intersection,2,100,235203,N,2264031.902,2452614.701,SOUTHERN GRAMPIANS,SOUTH WESTERN REGION,RURAL_VICTORIA,-37.39725,142.3344,3294,Grampians National Park
1027,T20100030783,02/08/10,23.15.00,3,Struck animal,2,Monday,167,STRUCK ANIMAL                        ,MEL,40,287,B,1,5,Dark No street lights,2,3,0,2,0,1,1,5,Not at intersection,3,100,235334,N,2549262.281,2415817.82,YARRA RANGES,METROPOLITAN SOUTH EAST REGION,RURAL_VICTORIA,-37.75729,145.55907,3139,Dandenong Ranges National Park
1028,T20100030935,03/08/10,05.36.00,3,Struck animal,3,Tuesday,167,STRUCK ANIMAL                        ,VCS,9,84,D,6,5,Dark No street lights,1,1,1,0,0,0,1,5,Not at intersection,2,100,235167,N,2738279.576,2412229.005,EAST GIPPSLAND,EASTERN REGION,RURAL_VICTORIA,-37.76043,147.70465,3875,The Lakes National Park
1029,T20100032270,11/06/10,16.30.00,3,Struck animal,6,Friday,167,STRUCK ANIMAL                        ,VCS,9,5,F,8,1,Day,1,1,0,1,0,0,2,5,Not at intersection,3,888,235950,N,2212543.545,2724570.314,MILDURA,WESTERN REGION,RURAL_VICTORIA,-34.93342,141.85463,3490,Murray - Sunset National Park
1030,T20100032517,13/08/10,20.25.00,3,Struck animal,6,Friday,167,STRUCK ANIMAL                        ,VCS,9,443,A,5,5,Dark No street lights,1,1,1,0,0,0,1,5,Not at intersection,2,100,235744,N,2422859.126,2395551.297,GOLDEN PLAINS,SOUTH WESTERN REGION,RURAL_VICTORIA,-37.93799,144.12244,3332,Brisbane Ranges National Park
1031,T20100033138,07/08/10,06.35.00,3,Struck animal,7,Saturday,167,STRUCK ANIMAL                        ,VCS,9,22,G,8,5,Dark No street lights,1,1,1,0,0,0,2,5,Not at intersection,2,100,235921,N,2529937.369,2618521.205,MOIRA,NORTH EASTERN REGION,RURAL_VICTORIA,-35.93136,145.33174,3637,Barmah National Park
1032,T20100033861,23/08/10,03.15.00,3,Struck animal,2,Monday,167,STRUCK ANIMAL                        ,VCS,9,98,H,3,5,Dark No street lights,1,2,0,1,0,1,1,5,Not at intersection,3,100,235861,N,2674947.009,2377806.954,WELLINGTON,EASTERN REGION,RURAL_VICTORIA,-38.08455,146.99421,3851,Tarra-Bulga National Park
1033,T20100034005,24/08/10,05.45.00,3,Struck animal,3,Tuesday,167,STRUCK ANIMAL                        ,MEL,40,380,B,1,5,Dark No street lights,1,1,0,1,0,0,1,5,Not at intersection,3,100,236033,N,2527553.975,2443966.646,MURRINDINDI,NORTH EASTERN REGION,RURAL_VICTORIA,-37.50455,145.31166,3757,Kinglake National Park
1034,T20100034579,27/08/10,19.45.00,3,Struck animal,6,Friday,167,STRUCK ANIMAL                        ,VCS,9,97,D,8,5,Dark No street lights,1,1,0,1,0,0,1,2,T intersection,3,100,236156,I,2599733.077,2344873.742,SOUTH GIPPSLAND,EASTERN REGION,RURAL_VICTORIA,-38.39234,146.14146,3871,Morwell National Park
1035,T20100035506,03/09/10,12.00.00,3,Struck animal,6,Friday,171,LEFT OFF CARRIAGEWAY INTO OBJECT/PARKED VEHICLE       ,VCS,9,30,D,3,1,Day,1,1,1,0,0,0,1,5,Not at intersection,2,100,243321,N,2425811.143,2598389.875,LODDON,NORTHERN REGION,RURAL_VICTORIA,-36.11037,144.17599,3575,Terrick Terrick National Park
1036,T20100035539,03/09/10,18.15.00,3,Struck animal,6,Friday,167,STRUCK ANIMAL                        ,VCS,9,93,B,5,5,Dark No street lights,2,3,0,3,0,0,1,5,Not at intersection,3,100,236308,N,2417964.048,2363999.846,SURF COAST,SOUTH WESTERN REGION,RURAL_VICTORIA,-38.2218,144.06322,3240,Brisbane Ranges National Park
1037,T20100036130,07/09/10,19.35.00,3,Struck animal,3,Tuesday,167,STRUCK ANIMAL                        ,VCS,9,46,E,3,5,Dark No street lights,1,3,1,1,0,1,1,5,Not at intersection,2,80,236620,N,2520539.493,2542617.351,SHEPPARTON,NORTH EASTERN REGION,SMALL_TOWNS,-36.61569,145.22963,3610,Heathcote-Graytown National Park
1038,T20100036286,09/09/10,04.35.00,3,Struck animal,5,Thursday,167,STRUCK ANIMAL                        ,MEL,40,353,K,10,5,Dark No street lights,1,1,0,1,0,0,1,5,Not at intersection,3,80,112034,N,2474281.274,2423559.81,MELTON,METROPOLITAN NORTH WEST REGION,RURAL_VICTORIA,-37.68848,144.70839,3335,Organ Pipes National Park
1039,T20100037571,12/09/10,15.00.00,3,Struck animal,1,Sunday,167,STRUCK ANIMAL                        ,VCS,9,429,C,4,1,Day,1,1,0,1,0,0,2,1,Cross intersection,3,80,45443,I,2536950.505,2441499.603,MURRINDINDI,NORTH EASTERN REGION,RURAL_VICTORIA,-37.52645,145.41807,3777,Kinglake National Park
1040,T20100037704,17/09/10,18.40.00,3,Struck animal,6,Friday,167,STRUCK ANIMAL                        ,VCS,9,33,C,3,5,Dark No street lights,1,1,0,1,0,0,1,5,Not at intersection,3,100,236609,N,2561889.577,2602981.627,MOIRA,NORTH EASTERN REGION,RURAL_VICTORIA,-36.06987,145.68704,3649,Lower Goulburn National Park
1041,T20100038790,28/09/10,10.15.00,3,Struck animal,3,Tuesday,167,STRUCK ANIMAL                        ,VCS,9,90,G,7,1,Day,1,1,0,1,0,0,1,5,Not at intersection,3,100,236991,N,2318072.255,2348319.992,CORANGAMITE,SOUTH WESTERN REGION,RURAL_VICTORIA,-38.34877,142.9189,3265,Port Campbell National Park
1042,T20100039121,30/09/10,16.10.00,3,Struck animal,5,Thursday,167,STRUCK ANIMAL                        ,VCS,9,32,C,8,1,Day,1,1,0,1,0,0,1,5,Not at intersection,3,100,236972,N,2507738.344,2564689.028,SHEPPARTON,NORTH EASTERN REGION,RURAL_VICTORIA,-36.41696,145.08629,3616,Lower Goulburn National Park
1043,T20100039570,04/10/10,06.50.00,3,Struck animal,2,Monday,167,STRUCK ANIMAL                        ,VCS,9,57,H,8,2,Dusk/Dawn,1,2,0,1,0,1,1,5,Not at intersection,3,100,237161,N,2359454.728,2450479.747,PYRENEES,WESTERN REGION,RURAL_VICTORIA,-37.4357,143.41167,3373,Kara Kara National Park
1044,T20100039599,02/10/10,19.00.00,3,Struck animal,7,Saturday,167,STRUCK ANIMAL                        ,VCS,9,44,G,9,2,Dusk/Dawn,1,1,0,1,0,0,2,5,Not at intersection,3,100,237167,N,2441147.855,2505364.664,MOUNT ALEXANDER,NORTHERN REGION,RURAL_VICTORIA,-36.94981,144.33916,3448,Greater Bendigo National Park
1045,T20100039873,06/10/10,05.30.00,3,Struck animal,4,Wednesday,167,STRUCK ANIMAL                        ,MEL,40,356,E,7,5,Dark No street lights,1,1,0,1,0,0,1,5,Not at intersection,3,80,237078,N,2476049.447,2419948.737,MELTON,METROPOLITAN NORTH WEST REGION,RURAL_VICTORIA,-37.72107,144.72832,3335,Organ Pipes National Park
1046,T20100040203,08/10/10,01.10.00,3,Struck animal,6,Friday,167,STRUCK ANIMAL                        ,MEL,40,351,K,1,5,Dark No street lights,1,1,0,1,0,0,1,5,Not at intersection,3,110,261971,N,2474347.569,2431810.328,MELTON,METROPOLITAN NORTH WEST REGION,RURAL_VICTORIA,-37.61414,144.70943,3427,Organ Pipes National Park
1047,T20100040337,08/10/10,20.30.00,3,Struck animal,6,Friday,167,STRUCK ANIMAL                        ,VCS,9,43,F,8,5,Dark No street lights,1,1,0,1,0,0,1,5,Not at intersection,3,100,237315,N,2396743.375,2509292.501,CENTRAL GOLDFIELDS,WESTERN REGION,RURAL_VICTORIA,-36.91059,143.84112,3472,Kara Kara National Park
1048,T20100042059,17/10/10,11.45.00,3,Struck animal,1,Sunday,167,STRUCK ANIMAL                        ,VCS,9,17,H,3,1,Day,1,1,1,0,0,0,2,5,Not at intersection,2,999,237466,N,2264364.406,2655941.119,YARRIAMBIACK,WESTERN REGION,RURAL_VICTORIA,-35.56561,142.40085,3396,Wyperfeld National Park
1049,T20100042608,23/10/10,20.45.00,3,Struck animal,7,Saturday,167,STRUCK ANIMAL                        ,VCS,9,31,G,9,5,Dark No street lights,1,1,0,1,0,0,1,5,Not at intersection,3,100,237599,N,2493161.125,2560362.151,CAMPASPE,NORTHERN REGION,RURAL_VICTORIA,-36.45596,144.9237,3623,Heathcote-Graytown National Park
1050,T20100043558,30/10/10,08.00.00,3,Struck animal,7,Saturday,167,STRUCK ANIMAL                        ,VCS,9,93,D,7,1,Day,1,2,2,0,0,0,1,5,Not at intersection,2,100,237725,N,2428367.968,2350370.562,SURF COAST,SOUTH WESTERN REGION,RURAL_VICTORIA,-38.34543,144.18068,3230,Great Otway National Park
1051,T20100043858,14/10/10,02.00.00,3,Struck animal,5,Thursday,167,STRUCK ANIMAL                        ,VCS,9,32,J,7,5,Dark No street lights,1,1,0,1,0,0,2,2,T intersection,3,100,237844,I,2541472.343,2573898.161,SHEPPARTON,NORTH EASTERN REGION,RURAL_VICTORIA,-36.33309,145.46196,3631,Lower Goulburn National Park
1052,T20100044257,01/11/10,07.00.00,3,Struck animal,2,Monday,167,STRUCK ANIMAL                        ,VCS,9,45,E,7,2,Dusk/Dawn,1,1,1,0,0,0,2,5,Not at intersection,2,100,237977,N,2478211.084,2516109.838,BENDIGO,NORTHERN REGION,RURAL_VICTORIA,-36.85456,144.75564,3523,Heathcote-Graytown National Park
1053,T20100044506,05/11/10,05.30.00,3,Struck animal,6,Friday,167,STRUCK ANIMAL                        ,VCS,9,96,D,5,5,Dark No street lights,2,3,3,0,0,0,1,2,T intersection,2,100,237762,I,2562081.105,2362329.53,CARDINIA,METROPOLITAN SOUTH EAST REGION,RURAL_VICTORIA,-38.2384,145.70906,3981,French Island National Park
1054,T20100045819,15/11/10,06.30.00,3,Struck animal,2,Monday,167,STRUCK ANIMAL                        ,VCS,9,631,S,2,1,Day,1,1,0,1,0,0,2,5,Not at intersection,3,80,237886,N,2441814.957,2484824.318,MOUNT ALEXANDER,NORTHERN REGION,RURAL_VICTORIA,-37.13496,144.34506,3447,Greater Bendigo National Park
1055,T20100046134,17/11/10,11.25.00,3,Struck animal,4,Wednesday,167,STRUCK ANIMAL                        ,VCS,9,62,D,8,1,Day,1,1,1,0,0,0,1,5,Not at intersection,2,100,238346,N,2562227.992,2452067.043,MURRINDINDI,NORTH EASTERN REGION,RURAL_VICTORIA,-37.42989,145.70317,3711,Lake Eildon National Park
1056,T20100046253,02/11/10,20.30.00,3,Struck animal,3,Tuesday,167,STRUCK ANIMAL                        ,VCS,9,3,E,5,2,Dusk/Dawn,1,1,0,1,0,0,2,5,Not at intersection,3,80,237974,N,2240920.52,2802953.616,MILDURA,WESTERN REGION,RURAL_VICTORIA,-34.23569,142.19025,3498,Hattah - Kulkyne National Park
1057,T20100047134,24/11/10,00.10.00,3,Struck animal,4,Wednesday,167,STRUCK ANIMAL                        ,VCS,9,96,C,4,5,Dark No street lights,1,1,0,1,0,0,1,5,Not at intersection,3,100,238289,N,2559107.818,2370836.058,CARDINIA,METROPOLITAN SOUTH EAST REGION,RURAL_VICTORIA,-38.16197,145.67442,3815,French Island National Park
1058,T20100048384,01/12/10,21.45.00,3,Struck animal,4,Wednesday,167,STRUCK ANIMAL                        ,VCS,9,21,E,6,5,Dark No street lights,2,2,1,0,0,1,1,5,Not at intersection,2,100,238425,N,2428716.727,2634268.745,GANNAWARRA,NORTHERN REGION,RURAL_VICTORIA,-35.78725,144.21156,3568,Gunbower National Park
1059,T20100050342,12/12/10,12.00.00,3,Struck animal,1,Sunday,167,STRUCK ANIMAL                        ,VCS,9,92,A,9,1,Day,1,1,1,0,0,0,2,5,Not at intersection,2,80,238650,N,2372603.962,2338535.646,COLAC OTWAY,SOUTH WESTERN REGION,RURAL_VICTORIA,-38.44602,143.54086,3249,Great Otway National Park
1060,T20100050373,15/12/10,06.45.00,3,Struck animal,4,Wednesday,167,STRUCK ANIMAL                        ,VCS,9,80,C,2,1,Day,1,1,0,1,0,0,2,5,Not at intersection,3,100,238680,N,2559241.325,2441456.045,MURRINDINDI,NORTH EASTERN REGION,RURAL_VICTORIA,-37.5257,145.67027,3778,Yarra Ranges National Park
1061,T20100051197,21/12/10,02.30.00,3,Struck animal,3,Tuesday,167,STRUCK ANIMAL                        ,VCS,9,20,G,6,5,Dark No street lights,1,2,0,1,0,1,2,5,Not at intersection,3,100,238869,N,2403900.165,2634655.709,GANNAWARRA,NORTHERN REGION,RURAL_VICTORIA,-35.78159,143.93714,3579,Gunbower National Park
1062,T20100051310,21/12/10,08.37.00,3,Struck animal,3,Tuesday,167,STRUCK ANIMAL                        ,VCS,9,46,E,4,1,Day,1,4,0,1,0,3,2,5,Not at intersection,3,100,238901,N,2517555.373,2536267.58,SHEPPARTON,NORTH EASTERN REGION,RURAL_VICTORIA,-36.67298,145.19641,3610,Heathcote-Graytown National Park
1063,T20100051718,16/12/10,21.30.00,3,Struck animal,5,Thursday,167,STRUCK ANIMAL                        ,VCS,9,417,F,13,5,Dark No street lights,1,1,0,1,0,0,2,5,Not at intersection,3,100,239860,N,2507371.405,2448966.244,WHITTLESEA,METROPOLITAN NORTH WEST REGION,RURAL_VICTORIA,-37.45987,145.08333,3757,Kinglake National Park
1064,T20100052406,30/12/10,22.45.00,3,Struck animal,5,Thursday,167,STRUCK ANIMAL                        ,VCS,9,90,E,3,5,Dark No street lights,1,1,0,1,0,0,1,5,Not at intersection,3,100,242539,N,2305842.379,2378987.561,MOYNE,SOUTH WESTERN REGION,RURAL_VICTORIA,-38.07009,142.7872,3272,Port Campbell National Park
1065,T20110000433,04/01/11,21.30.00,3,Struck animal,3,Tuesday,167,STRUCK ANIMAL                        ,VCS,9,62,E,5,5,Dark No street lights,1,4,0,4,0,0,1,5,Not at intersection,3,100,239121,N,2568709.975,2472464.289,MURRINDINDI,NORTH EASTERN REGION,RURAL_VICTORIA,-37.24563,145.77454,3712,Lake Eildon National Park
1066,T20110001982,16/01/11,11.15.00,3,Struck animal,1,Sunday,167,STRUCK ANIMAL                        ,VCS,9,83,G,7,1,Day,1,1,0,1,0,0,1,5,Not at intersection,3,100,239434,N,2706581.874,2403176.507,EAST GIPPSLAND,EASTERN REGION,RURAL_VICTORIA,-37.84954,147.34755,3864,Mitchell River National Park
1067,T20110002002,04/01/11,13.00.00,3,Struck animal,3,Tuesday,167,STRUCK ANIMAL                        ,VCS,9,96,H,2,1,Day,1,1,0,1,0,0,2,5,Not at intersection,3,60,239400,N,2586545.788,2386948.08,BAW BAW,EASTERN REGION,RURAL_VICTORIA,-38.01467,145.98556,3831,Yarra Ranges National Park
1068,T20110002487,28/12/10,16.00.00,3,Struck animal,3,Tuesday,167,STRUCK ANIMAL                        ,VCS,9,84,B,4,1,Day,1,1,0,1,0,0,2,5,Not at intersection,3,60,240530,N,2729830.871,2423406.534,EAST GIPPSLAND,EASTERN REGION,RURAL_VICTORIA,-37.66188,147.60533,3875,Mitchell River National Park
1069,T20110002499,19/01/11,22.35.00,3,Struck animal,4,Wednesday,167,STRUCK ANIMAL                        ,VCS,9,93,F,7,5,Dark No street lights,1,1,0,1,0,0,1,5,Not at intersection,3,80,239540,N,2435816.504,2349227.755,SURF COAST,SOUTH WESTERN REGION,RURAL_VICTORIA,-38.35628,144.26577,3228,Point Nepean National Park
1070,T20110005713,12/02/11,02.06.00,3,Struck animal,7,Saturday,167,STRUCK ANIMAL                        ,VCS,9,59,H,5,5,Dark No street lights,1,1,0,1,0,0,2,2,T intersection,3,100,240623,N,2448067.478,2475923.956,MACEDON RANGES,NORTHERN REGION,RURAL_VICTORIA,-37.21554,144.41482,3444,Organ Pipes National Park
1071,T20110005911,14/02/11,06.35.00,3,Struck animal,2,Monday,167,STRUCK ANIMAL                        ,VCS,9,98,H,8,1,Day,1,1,0,1,0,0,2,5,Not at intersection,3,100,240751,N,2671977.376,2342615.04,WELLINGTON,EASTERN REGION,RURAL_VICTORIA,-38.40205,146.96866,3851,Tarra-Bulga National Park
1072,T20110005927,10/02/11,21.20.00,3,Struck animal,5,Thursday,167,STRUCK ANIMAL                        ,VCS,9,59,F,7,5,Dark No street lights,2,4,0,1,0,3,2,5,Not at intersection,3,80,240493,N,2436414.959,2458943.841,HEPBURN,WESTERN REGION,RURAL_VICTORIA,-37.36783,144.28208,3458,Brisbane Ranges National Park
1073,T20110006234,16/02/11,06.40.00,3,Struck animal,4,Wednesday,167,STRUCK ANIMAL                        ,MEL,40,83,D,4,1,Day,1,1,0,1,0,0,1,5,Not at intersection,3,80,242721,N,2526565.072,2396463.332,KNOX,METROPOLITAN SOUTH EAST REGION,RURAL_VICTORIA,-37.9326,145.30218,3156,Churchill National Park
1074,T20110007111,19/02/11,22.30.00,3,Struck animal,7,Saturday,171,LEFT OFF CARRIAGEWAY INTO OBJECT/PARKED VEHICLE       ,MEL,40,138,F,2,5,Dark No street lights,1,1,0,1,0,0,1,1,Cross intersection,3,100,243699,N,2527151.994,2373147.033,CASEY,METROPOLITAN SOUTH EAST REGION,SMALL_TOWNS,-38.14264,145.30972,3978,Churchill National Park
1075,T20110007867,25/02/11,20.30.00,3,Struck animal,6,Friday,167,STRUCK ANIMAL                        ,MEL,40,731,G,4,1,Day,1,1,1,0,0,0,2,5,Not at intersection,2,100,240640,N,2516818.357,2336169.594,BASS COAST,EASTERN REGION,RURAL_VICTORIA,-38.47597,145.1927,3922,French Island National Park
1076,T20110007973,23/02/11,07.45.00,3,Struck animal,4,Wednesday,167,STRUCK ANIMAL                        ,VCS,9,3,C,6,1,Day,1,1,0,1,0,0,2,5,Not at intersection,3,100,240658,N,2233636.386,2798348.736,MILDURA,WESTERN REGION,RURAL_VICTORIA,-34.27518,142.10978,3498,Hattah - Kulkyne National Park
1077,T20110008853,06/03/11,11.40.00,3,Struck animal,1,Sunday,167,STRUCK ANIMAL                        ,VCS,9,86,A,2,1,Day,1,1,1,0,0,0,1,5,Not at intersection,2,100,243507,N,2811947.708,2435506.862,EAST GIPPSLAND,EASTERN REGION,RURAL_VICTORIA,-37.52906,148.53037,3888,Snowy River National Park
1078,T20110010179,12/03/11,20.37.00,3,Struck animal,7,Saturday,167,STRUCK ANIMAL                        ,VCS,9,34,H,2,5,Dark No street lights,1,1,0,1,0,0,2,5,Not at intersection,3,80,267653,N,2627759.398,2605552.784,INDIGO,NORTH EASTERN REGION,RURAL_VICTORIA,-36.04013,146.41776,3685,Warby-Ovens National Park
1079,T20110011145,22/03/11,04.15.00,3,Struck animal,3,Tuesday,167,STRUCK ANIMAL                        ,VCS,9,59,C,8,5,Dark No street lights,1,1,1,0,0,0,1,5,Not at intersection,2,80,241045,N,2422237.554,2456010.896,HEPBURN,WESTERN REGION,RURAL_VICTORIA,-37.39319,144.12171,3461,Brisbane Ranges National Park
1080,T20110011469,20/03/11,15.00.00,3,Struck animal,1,Sunday,167,STRUCK ANIMAL                        ,VCS,9,89,H,7,1,Day,1,1,0,1,0,0,2,5,Not at intersection,3,100,241948,N,2270611.332,2350446.401,MOYNE,SOUTH WESTERN REGION,RURAL_VICTORIA,-38.31906,142.3769,3282,Mount Eccles National Park
1081,T20110011697,24/03/11,17.30.00,3,Struck animal,5,Thursday,167,STRUCK ANIMAL                        ,VCS,9,72,C,9,1,Day,1,1,0,1,0,0,1,5,Not at intersection,3,100,241344,N,2206411.977,2389647.32,GLENELG,SOUTH WESTERN REGION,RURAL_VICTORIA,-37.94797,141.65903,3303,Mount Eccles National Park
1082,T20110011743,24/03/11,19.20.00,3,Struck animal,5,Thursday,167,STRUCK ANIMAL                        ,VCS,9,97,E,6,2,Dusk/Dawn,1,1,1,0,0,0,1,5,Not at intersection,2,100,241354,N,2609085.939,2356317.269,BAW BAW,EASTERN REGION,RURAL_VICTORIA,-38.28821,146.24678,3824,Morwell National Park
1083,T20110012633,20/11/10,10.00.00,3,Struck animal,7,Saturday,167,STRUCK ANIMAL                        ,VCS,9,63,E,3,1,Day,1,1,0,1,0,0,2,5,Not at intersection,3,100,241383,N,2610824.242,2489694.338,MANSFIELD,NORTH EASTERN REGION,RURAL_VICTORIA,-37.08634,146.24669,3723,Lake Eildon National Park
1084,T20110013514,28/02/11,10.00.00,3,Struck animal,2,Monday,167,STRUCK ANIMAL                        ,VCS,9,435,J,13,1,Day,1,1,1,0,0,0,2,5,Not at intersection,2,60,243435,N,2454732.673,2400953.578,WYNDHAM,METROPOLITAN NORTH WEST REGION,RURAL_VICTORIA,-37.89142,144.48536,3211,Brisbane Ranges National Park
1085,T20110013750,07/04/11,18.45.00,3,Struck animal,5,Thursday,167,STRUCK ANIMAL                        ,VCS,9,60,E,5,5,Dark No street lights,1,4,0,1,0,3,1,5,Not at intersection,3,100,241540,N,2481300.653,2476672.558,MITCHELL,NORTHERN REGION,RURAL_VICTORIA,-37.21004,144.78931,3435,Organ Pipes National Park
1086,T20110014214,10/04/11,13.30.00,3,Struck animal,1,Sunday,167,STRUCK ANIMAL                        ,VCS,9,57,C,5,1,Day,1,1,1,0,0,0,1,5,Not at intersection,2,100,241878,N,2332958.816,2471799.047,ARARAT,WESTERN REGION,RURAL_VICTORIA,-37.23926,143.11707,3377,Kara Kara National Park