,ACCIDENT_NO,ACCIDENT_DATE,ACCIDENT_TIME,ACCIDENT_TYPE,ACCIDENT_TYPE_DESC,DAY_OF_WEEK,DAY_WEEK_DESC,DCA_CODE,DCA_DESC,DIRECTORY,EDITION,PAGE,GRID_REFERENCE_X,GRID_REFERENCE_Y,LIGHT_CONDITION,LIGHT_CONDITION_DESC,NO_OF_VEHICLES,NO_PERSONS,NO_PERSONS_INJ_2,NO_PERSONS_INJ_3,NO_PERSONS_KILLED,NO_PERSONS_NOT_INJ,POLICE_ATTEND,ROAD_GEOMETRY,ROAD_GEOMETRY_DESC,SEVERITY,SPEED_ZONE,NODE_ID,NODE_TYPE,AMG_X,AMG_Y,LG_AREA_NAME,REGION_NAME,DEG_URBAN_NAME,LATITUDE,LONGITUDE,POSTCODE,NEAREST_NATIONAL_PARK_NAME
1087,T20110014605,12/04/11,19.15.00,3,Struck animal,3,Tuesday,167,STRUCK ANIMAL                        ,VCS,9,98,F,2,5,Dark No street lights,1,1,1,0,0,0,1,5,Not at intersection,2,100,241839,N,2662757.997,2387431.053,WELLINGTON,EASTERN REGION,RURAL_VICTORIA,-38.00008,146.85317,3858,Tarra-Bulga National Park
1088,T20110014797,08/03/11,13.30.00,3,Struck animal,3,Tuesday,167,STRUCK ANIMAL                        ,VCS,9,48,H,3,1,Day,1,1,0,1,0,0,2,5,Not at intersection,3,100,241961,N,2627874.33,2542970.399,WANGARATTA,NORTH EASTERN REGION,RURAL_VICTORIA,-36.60408,146.42946,3732,Mount Buffalo National Park
1089,T20110015578,18/04/11,20.00.00,3,Struck animal,2,Monday,167,STRUCK ANIMAL                        ,VCS,9,75,F,4,5,Dark No street lights,1,2,0,2,0,0,1,5,Not at intersection,3,100,241672,N,2347140.395,2429052.199,PYRENEES,WESTERN REGION,RURAL_VICTORIA,-37.62682,143.26813,3361,Kara Kara National Park
1090,T20110015788,17/04/11,20.00.00,3,Struck animal,1,Sunday,167,STRUCK ANIMAL                        ,VCS,9,32,G,3,5,Dark No street lights,1,3,1,0,0,2,1,2,T intersection,2,100,241653,I,2533148.967,2602658.707,MOIRA,NORTH EASTERN REGION,RURAL_VICTORIA,-36.07421,145.36801,3636,Lower Goulburn National Park
1091,T20110016692,27/04/11,15.50.00,3,Struck animal,4,Wednesday,167,STRUCK ANIMAL                        ,VCS,9,62,A,3,1,Day,1,1,0,1,0,0,2,2,T intersection,3,999,241939,I,2546739.059,2486064.516,MURRINDINDI,NORTH EASTERN REGION,RURAL_VICTORIA,-37.12442,145.52603,3718,Kinglake National Park
1092,T20110017653,04/05/11,06.30.00,3,Struck animal,4,Wednesday,167,STRUCK ANIMAL                        ,VCS,9,72,F,3,5,Dark No street lights,1,1,0,1,0,0,1,5,Not at intersection,3,100,245426,N,2218727.612,2430374.483,SOUTHERN GRAMPIANS,SOUTH WESTERN REGION,RURAL_VICTORIA,-37.58503,141.81457,3315,Mount Eccles National Park
1093,T20110018344,08/05/11,19.45.00,3,Struck animal,1,Sunday,167,STRUCK ANIMAL                        ,VCS,9,58,F,8,5,Dark No street lights,1,1,1,0,0,0,1,5,Not at intersection,2,100,242668,N,2398048.354,2454284.629,BALLARAT,WESTERN REGION,RURAL_VICTORIA,-37.40642,143.84829,3363,Brisbane Ranges National Park
1094,T20110019552,15/05/11,18.05.00,3,Struck animal,1,Sunday,167,STRUCK ANIMAL                        ,VCS,9,58,B,5,5,Dark No street lights,1,1,0,0,1,0,1,5,Not at intersection,1,100,242181,N,2377176.467,2473517.577,PYRENEES,WESTERN REGION,RURAL_VICTORIA,-37.23061,143.6157,3371,Kara Kara National Park
1095,T20110019600,06/04/11,17.30.00,3,Struck animal,4,Wednesday,167,STRUCK ANIMAL                        ,VCS,9,39,F,6,1,Day,1,1,0,1,0,0,2,5,Not at intersection,3,50,242372,N,2217656.104,2521437.35,HORSHAM,WESTERN REGION,RURAL_VICTORIA,-36.76452,141.8367,3409,Little Desert National Park
1096,T20110019606,15/05/11,20.55.00,3,Struck animal,1,Sunday,167,STRUCK ANIMAL                        ,VCS,9,31,C,7,5,Dark No street lights,1,2,0,1,0,1,2,5,Not at intersection,3,100,242290,N,2471754.737,2575884.585,CAMPASPE,NORTHERN REGION,RURAL_VICTORIA,-36.31567,144.68545,3561,Greater Bendigo National Park
1097,T20110019968,18/05/11,17.45.00,3,Struck animal,4,Wednesday,167,STRUCK ANIMAL                        ,VCS,9,96,F,5,5,Dark No street lights,1,2,1,1,0,0,2,5,Not at intersection,2,100,242677,N,2573844.289,2365052.819,BAW BAW,EASTERN REGION,RURAL_VICTORIA,-38.21301,145.84314,3818,French Island National Park
1098,T20110020264,20/05/11,20.10.00,3,Struck animal,6,Friday,167,STRUCK ANIMAL                        ,VCS,9,36,B,9,5,Dark No street lights,1,1,0,1,0,0,1,5,Not at intersection,3,80,246085,N,2680756.862,2556835.916,ALPINE,NORTH EASTERN REGION,RURAL_VICTORIA,-36.47051,147.01718,3691,Mount Buffalo National Park
1099,T20110020502,22/05/11,16.00.00,3,Struck animal,1,Sunday,167,STRUCK ANIMAL                        ,MEL,40,272,C,3,1,Day,1,1,1,0,0,0,2,5,Not at intersection,2,999,242713,N,2522402.408,2426432.87,NILLUMBIK,METROPOLITAN NORTH WEST REGION,RURAL_VICTORIA,-37.66268,145.25392,3759,Dandenong Ranges National Park
1100,T20110021317,27/05/11,19.05.00,3,Struck animal,6,Friday,167,STRUCK ANIMAL                        ,VCS,9,89,H,7,5,Dark No street lights,1,1,1,0,0,0,1,5,Not at intersection,2,100,242864,N,2271282.619,2349460.309,MOYNE,SOUTH WESTERN REGION,RURAL_VICTORIA,-38.32811,142.38426,3282,Mount Eccles National Park
1101,T20110022135,02/06/11,06.41.00,3,Struck animal,5,Thursday,167,STRUCK ANIMAL                        ,VCS,9,44,G,7,5,Dark No street lights,1,1,1,0,0,0,1,5,Not at intersection,2,100,243315,N,2442508.561,2516038.836,BENDIGO,NORTHERN REGION,RURAL_VICTORIA,-36.8537,144.35525,3551,Greater Bendigo National Park
1102,T20110022672,05/06/11,00.20.00,3,Struck animal,1,Sunday,167,STRUCK ANIMAL                        ,VCS,9,35,H,4,5,Dark No street lights,1,3,0,1,0,2,1,5,Not at intersection,3,100,245066,N,2676707.107,2594085.171,WODONGA,NORTH EASTERN REGION,RURAL_VICTORIA,-36.13563,146.96343,3691,Chiltern-Mt Pilot National Park
1103,T20110023216,08/06/11,18.40.00,3,Struck animal,4,Wednesday,167,STRUCK ANIMAL                        ,VCS,9,90,F,8,5,Dark No street lights,1,1,1,0,0,0,1,5,Not at intersection,2,100,243340,N,2311451.258,2343841.322,MOYNE,SOUTH WESTERN REGION,RURAL_VICTORIA,-38.38777,142.84202,3265,Port Campbell National Park
1104,T20110023674,11/06/11,19.00.00,3,Struck animal,7,Saturday,167,STRUCK ANIMAL                        ,VCS,9,562,K,11,5,Dark No street lights,1,2,0,1,0,1,2,5,Not at intersection,3,70,243149,N,2402006.847,2441357.088,BALLARAT,WESTERN REGION,RURAL_VICTORIA,-37.52333,143.89131,3352,Brisbane Ranges National Park
1105,T20110024330,07/06/11,15.30.00,3,Struck animal,3,Tuesday,167,STRUCK ANIMAL                        ,VCS,9,417,B,4,1,Day,1,1,0,1,0,0,2,5,Not at intersection,3,999,243222,N,2498205.185,2467928.595,MITCHELL,NORTHERN REGION,RURAL_VICTORIA,-37.28902,144.97976,3764,Kinglake National Park
1106,T20110024432,17/06/11,20.20.00,3,Struck animal,6,Friday,167,STRUCK ANIMAL                        ,VCS,9,33,G,8,5,Dark No street lights,1,1,0,1,0,0,2,5,Not at intersection,3,100,243243,N,2579757.994,2563744.019,BENALLA,NORTH EASTERN REGION,RURAL_VICTORIA,-36.42215,145.88946,3673,Warby-Ovens National Park
1107,T20110024547,17/06/11,18.00.00,3,Struck animal,6,Friday,167,STRUCK ANIMAL                        ,VCS,9,45,E,9,5,Dark No street lights,1,1,0,1,0,0,2,5,Not at intersection,3,100,243256,N,2479946.375,2500942.717,MITCHELL,NORTHERN REGION,RURAL_VICTORIA,-36.99129,144.7747,3522,Heathcote-Graytown National Park
1108,T20110024852,14/06/11,19.20.00,3,Struck animal,3,Tuesday,167,STRUCK ANIMAL                        ,VCS,9,76,D,3,5,Dark No street lights,1,1,0,1,0,0,2,5,Not at intersection,3,999,245211,N,2386062.538,2433439.403,GOLDEN PLAINS,SOUTH WESTERN REGION,RURAL_VICTORIA,-37.59286,143.70972,3351,Brisbane Ranges National Park
1109,T20110024880,20/06/11,18.00.00,3,Struck animal,2,Monday,167,STRUCK ANIMAL                        ,VCS,9,88,A,7,5,Dark No street lights,1,2,2,0,0,0,1,5,Not at intersection,2,110,243360,N,2199426.384,2345633.371,GLENELG,SOUTH WESTERN REGION,RURAL_VICTORIA,-38.34198,141.56152,3305,Mount Richmond National Park
1110,T20110026437,02/07/11,04.15.00,3,Struck animal,7,Saturday,167,STRUCK ANIMAL                        ,VCS,9,96,B,7,5,Dark No street lights,1,2,0,2,0,0,1,5,Not at intersection,3,100,244563,N,2552284.956,2352131.778,BASS COAST,EASTERN REGION,RURAL_VICTORIA,-38.33087,145.59791,3984,French Island National Park
1111,T20110026489,03/07/11,15.15.00,3,Struck animal,1,Sunday,167,STRUCK ANIMAL                        ,VCS,9,57,H,3,1,Day,1,1,1,0,0,0,2,5,Not at intersection,2,80,243789,N,2355792.583,2488948.963,PYRENEES,WESTERN REGION,RURAL_VICTORIA,-37.08852,143.3777,3478,Kara Kara National Park
1112,T20110026877,08/07/11,06.15.00,3,Struck animal,6,Friday,167,STRUCK ANIMAL                        ,VCS,9,23,C,9,5,Dark No street lights,1,2,0,2,0,0,1,5,Not at intersection,3,100,246351,N,2556922.269,2612027.934,MOIRA,NORTH EASTERN REGION,RURAL_VICTORIA,-35.98865,145.63123,3644,Lower Goulburn National Park
1113,T20110027721,19/07/11,01.20.00,3,Struck animal,3,Tuesday,167,STRUCK ANIMAL                        ,VCS,9,98,F,3,5,Dark No street lights,2,2,0,1,1,0,1,5,Not at intersection,1,100,245600,N,2664039.589,2379040.68,WELLINGTON,EASTERN REGION,RURAL_VICTORIA,-38.07543,146.86963,3847,Tarra-Bulga National Park
1114,T20110028425,27/07/11,03.05.00,3,Struck animal,4,Wednesday,167,STRUCK ANIMAL                        ,VCS,9,92,C,5,5,Dark No street lights,1,1,0,1,0,0,2,5,Not at intersection,3,100,244196,N,2384443.412,2361105.001,COLAC OTWAY,SOUTH WESTERN REGION,RURAL_VICTORIA,-38.2443,143.68003,3249,Great Otway National Park
1115,T20110028866,01/08/11,05.20.00,3,Struck animal,2,Monday,167,STRUCK ANIMAL                        ,VCS,9,96,D,7,5,Dark No street lights,1,1,0,1,0,0,1,5,Not at intersection,3,100,244622,N,2564626.62,2349115.757,SOUTH GIPPSLAND,EASTERN REGION,RURAL_VICTORIA,-38.35725,145.73931,3945,French Island National Park
1116,T20110029087,04/08/11,01.00.00,3,Struck animal,5,Thursday,167,STRUCK ANIMAL                        ,VCS,9,58,B,9,5,Dark No street lights,1,2,2,0,0,0,1,5,Not at intersection,2,100,244470,N,2375021.977,2447369.934,PYRENEES,WESTERN REGION,RURAL_VICTORIA,-37.46593,143.58705,3352,Kara Kara National Park
1117,T20110029096,04/08/11,06.45.00,3,Struck animal,5,Thursday,167,STRUCK ANIMAL                        ,MEL,40,481,E,10,2,Dusk/Dawn,1,1,1,0,0,0,1,5,Not at intersection,2,100,244307,N,2449018.851,2360167.646,GEELONG,SOUTH WESTERN REGION,RURAL_VICTORIA,-38.25856,144.41756,3227,Point Nepean National Park
1118,T20110029297,30/07/11,07.15.00,3,Struck animal,7,Saturday,167,STRUCK ANIMAL                        ,VCS,9,56,D,2,5,Dark No street lights,1,2,0,1,0,1,2,9,Unknown,3,100,244936,N,2298316.568,2492619.005,NORTHERN GRAMPIANS,WESTERN REGION,RURAL_VICTORIA,-37.04487,142.7323,3385,Grampians National Park
1119,T20110029438,07/08/11,23.15.00,3,Struck animal,1,Sunday,167,STRUCK ANIMAL                        ,MEL,40,319,G,6,5,Dark No street lights,2,2,0,1,0,1,1,5,Not at intersection,3,100,244719,N,2550928.593,2381111.47,CARDINIA,METROPOLITAN SOUTH EAST REGION,RURAL_VICTORIA,-38.06989,145.58038,3812,Dandenong Ranges National Park
1120,T20110029546,08/08/11,18.30.00,3,Struck animal,2,Monday,167,STRUCK ANIMAL                        ,VCS,9,43,B,2,5,Dark No street lights,1,1,1,0,0,0,1,5,Not at intersection,2,100,244406,N,2375429.448,2552007.822,LODDON,NORTHERN REGION,RURAL_VICTORIA,-36.52308,143.60894,3518,Kara Kara National Park
1121,T20110029648,10/08/11,08.45.00,3,Struck animal,4,Wednesday,167,STRUCK ANIMAL                        ,VCS,9,25,F,2,1,Day,1,1,1,0,0,0,2,5,Not at intersection,2,100,244361,N,2216432.557,2600630.926,HINDMARSH,WESTERN REGION,RURAL_VICTORIA,-36.05081,141.85233,3423,Wyperfeld National Park
1122,T20110030013,14/08/11,16.25.00,3,Struck animal,1,Sunday,167,STRUCK ANIMAL                        ,VCS,9,47,B,7,1,Day,1,1,0,1,0,0,1,5,Not at intersection,3,100,244381,N,2550486.63,2518883.908,STRATHBOGIE,NORTH EASTERN REGION,RURAL_VICTORIA,-36.82846,145.56601,3666,Heathcote-Graytown National Park
1123,T20110030470,19/08/11,19.45.00,3,Struck animal,6,Friday,167,STRUCK ANIMAL                        ,VCS,9,102,J,2,5,Dark No street lights,1,20,1,0,0,19,1,5,Not at intersection,2,100,244660,N,2583047.541,2332840.323,SOUTH GIPPSLAND,EASTERN REGION,RURAL_VICTORIA,-38.50237,145.95189,3953,Morwell National Park
1124,T20110030568,07/07/11,20.34.00,3,Struck animal,5,Thursday,167,STRUCK ANIMAL                        ,VCS,9,32,H,6,5,Dark No street lights,1,1,1,0,0,0,1,2,T intersection,2,100,244542,I,2538801.334,2582149.224,SHEPPARTON,NORTH EASTERN REGION,RURAL_VICTORIA,-36.25884,145.43179,3634,Lower Goulburn National Park
1125,T20110030618,21/08/11,18.40.00,3,Struck animal,1,Sunday,167,STRUCK ANIMAL                        ,VCS,9,44,F,9,5,Dark No street lights,1,1,0,1,0,0,1,5,Not at intersection,3,100,244547,N,2434076.043,2503539.863,MOUNT ALEXANDER,NORTHERN REGION,RURAL_VICTORIA,-36.96579,144.25959,3453,Greater Bendigo National Park
1126,T20110031267,25/08/11,15.30.00,3,Struck animal,5,Thursday,167,STRUCK ANIMAL                        ,VCS,9,76,B,5,1,Day,1,1,0,1,0,0,2,5,Not at intersection,3,100,245134,N,2374568.83,2419747.101,GOLDEN PLAINS,SOUTH WESTERN REGION,RURAL_VICTORIA,-37.71475,143.57726,3360,Brisbane Ranges National Park
1127,T20110031814,22/08/11,06.00.00,3,Struck animal,2,Monday,167,STRUCK ANIMAL                        ,MEL,40,685,E,12,5,Dark No street lights,1,1,0,1,0,0,2,5,Not at intersection,3,110,245115,N,2495584.209,2443392.338,MITCHELL,NORTHERN REGION,RURAL_VICTORIA,-37.51012,144.95005,3753,Organ Pipes National Park
1128,T20110032067,30/08/11,16.00.00,3,Struck animal,3,Tuesday,167,STRUCK ANIMAL                        ,VCS,9,98,A,8,2,Dusk/Dawn,1,1,0,1,0,0,2,5,Not at intersection,3,100,245186,N,2634304.403,2340171.093,LATROBE,EASTERN REGION,RURAL_VICTORIA,-38.43031,146.53795,3971,Tarra-Bulga National Park
1129,T20110032432,12/09/11,06.05.00,3,Struck animal,2,Monday,167,STRUCK ANIMAL                        ,VCS,9,61,C,2,2,Dusk/Dawn,1,3,0,1,0,2,1,5,Not at intersection,3,110,245228,N,2508892.185,2497274.498,MITCHELL,NORTHERN REGION,RURAL_VICTORIA,-37.02452,145.09995,3660,Heathcote-Graytown National Park
1130,T20110032495,12/09/11,18.00.00,3,Struck animal,2,Monday,167,STRUCK ANIMAL                        ,VCS,9,59,D,9,2,Dusk/Dawn,1,1,0,1,0,0,2,5,Not at intersection,3,100,246220,N,2423064.076,2444906.285,MOORABOOL,WESTERN REGION,RURAL_VICTORIA,-37.49332,144.1299,3352,Brisbane Ranges National Park
1131,T20110032716,15/09/11,23.20.00,3,Struck animal,5,Thursday,167,STRUCK ANIMAL                        ,VCS,9,36,B,7,5,Dark No street lights,1,1,0,1,0,0,1,5,Not at intersection,3,100,245331,N,2684696.897,2573889.296,INDIGO,NORTH EASTERN REGION,RURAL_VICTORIA,-36.31609,147.05703,3691,Chiltern-Mt Pilot National Park
1132,T20110032807,13/09/11,05.10.00,3,Struck animal,3,Tuesday,167,STRUCK ANIMAL                        ,VCS,9,60,G,4,2,Dusk/Dawn,1,1,0,1,0,0,2,5,Not at intersection,3,100,245470,N,2490517.382,2479605.623,MITCHELL,NORTHERN REGION,RURAL_VICTORIA,-37.18375,144.89319,3764,Kinglake National Park
1133,T20110032869,17/09/11,23.30.00,3,Struck animal,7,Saturday,167,STRUCK ANIMAL                        ,VCS,9,44,F,9,5,Dark No street lights,1,1,0,1,0,0,2,5,Not at intersection,3,100,245395,N,2438783.703,2503282.32,MOUNT ALEXANDER,NORTHERN REGION,RURAL_VICTORIA,-36.96843,144.31244,3448,Greater Bendigo National Park
1134,T20110033464,25/09/11,01.50.00,3,Struck animal,1,Sunday,167,STRUCK ANIMAL                        ,VCS,9,102,J,3,5,Dark No street lights,1,4,2,0,0,2,1,5,Not at intersection,2,100,245548,N,2585236.063,2324880.037,SOUTH GIPPSLAND,EASTERN REGION,RURAL_VICTORIA,-38.57386,145.97791,3956,Morwell National Park
1135,T20110033559,02/09/11,23.00.00,3,Struck animal,6,Friday,167,STRUCK ANIMAL                        ,VCS,9,96,E,3,5,Dark No street lights,1,2,0,1,0,1,2,5,Not at intersection,3,100,245658,N,2566275.816,2379475.786,BAW BAW,EASTERN REGION,RURAL_VICTORIA,-38.08365,145.75542,3816,French Island National Park
1136,T20110034016,30/09/11,18.15.00,3,Struck animal,6,Friday,167,STRUCK ANIMAL                        ,VCS,9,57,H,6,2,Dusk/Dawn,1,2,0,1,0,1,2,5,Not at intersection,3,999,245936,N,2356598.295,2466848.52,PYRENEES,WESTERN REGION,RURAL_VICTORIA,-37.28778,143.38254,3468,Kara Kara National Park
1137,T20110034106,03/10/11,06.45.00,3,Struck animal,2,Monday,167,STRUCK ANIMAL                        ,VCS,9,59,G,4,1,Day,1,1,0,1,0,0,1,5,Not at intersection,3,110,245826,N,2442414.949,2483233.943,MOUNT ALEXANDER,NORTHERN REGION,RURAL_VICTORIA,-37.14933,144.35169,3447,Greater Bendigo National Park
1138,T20110034828,02/10/11,18.00.00,3,Struck animal,1,Sunday,167,STRUCK ANIMAL                        ,VCS,9,49,H,5,1,Day,1,1,0,1,0,0,2,5,Not at intersection,3,888,246410,N,2673559.921,2530043.935,ALPINE,NORTH EASTERN REGION,RURAL_VICTORIA,-36.71327,146.94299,3741,Mount Buffalo National Park
1139,T20110034910,13/10/11,13.15.00,3,Struck animal,5,Thursday,167,STRUCK ANIMAL                        ,VCS,9,34,G,7,1,Day,1,1,1,0,0,0,1,5,Not at intersection,2,110,246055,N,2623265.44,2573908.413,WANGARATTA,NORTH EASTERN REGION,RURAL_VICTORIA,-36.32589,146.37296,3678,Warby-Ovens National Park
1140,T20110035291,03/09/11,17.55.00,3,Struck animal,7,Saturday,167,STRUCK ANIMAL                        ,VCS,9,88,C,3,5,Dark No street lights,1,1,0,1,0,0,1,5,Not at intersection,3,100,246438,N,2206605.29,2373342.7,GLENELG,SOUTH WESTERN REGION,RURAL_VICTORIA,-38.09483,141.65471,3304,Cobboboonee National Park
1141,T20110037323,10/11/11,10.51.00,3,Struck animal,5,Thursday,167,STRUCK ANIMAL                        ,VCS,9,419,K,3,1,Day,1,1,1,0,0,0,2,5,Not at intersection,2,100,247761,N,2550629.129,2468724.683,MURRINDINDI,NORTH EASTERN REGION,RURAL_VICTORIA,-37.28048,145.57098,3717,Kinglake National Park
1142,T20110038038,18/11/11,05.00.00,3,Struck animal,6,Friday,167,STRUCK ANIMAL                        ,VCS,9,49,D,2,5,Dark No street lights,1,1,1,0,0,0,1,5,Not at intersection,2,100,247837,N,2656762.403,2549566.838,ALPINE,NORTH EASTERN REGION,RURAL_VICTORIA,-36.54029,146.75097,3737,Mount Buffalo National Park
1143,T20110038051,18/11/11,08.05.00,3,Struck animal,6,Friday,167,STRUCK ANIMAL                        ,MEL,40,163,D,11,1,Day,1,1,0,1,0,0,1,1,Cross intersection,3,100,44091,I,2511127.404,2349775.473,MORNINGTON PENINSULA,METROPOLITAN SOUTH EAST REGION,RURAL_VICTORIA,-38.3535,145.12729,3926,French Island National Park
1144,T20110038175,18/11/11,21.30.00,3,Struck animal,6,Friday,167,STRUCK ANIMAL                        ,VCS,9,83,J,6,5,Dark No street lights,1,2,0,2,0,0,1,5,Not at intersection,3,100,248433,N,2717698.327,2408155.499,EAST GIPPSLAND,EASTERN REGION,RURAL_VICTORIA,-37.80216,147.47235,3865,Mitchell River National Park
1145,T20110038352,19/11/11,07.30.00,3,Struck animal,7,Saturday,167,STRUCK ANIMAL                        ,VCS,9,58,D,8,1,Day,1,1,0,1,0,0,2,5,Not at intersection,3,100,248653,N,2389393.22,2455687.784,BALLARAT,WESTERN REGION,RURAL_VICTORIA,-37.39279,143.75074,3364,Brisbane Ranges National Park
1146,T20110038833,22/11/11,00.30.00,3,Struck animal,3,Tuesday,167,STRUCK ANIMAL                        ,VCS,9,90,C,8,5,Dark No street lights,1,1,0,1,0,0,1,5,Not at intersection,3,100,247900,N,2294155.577,2339698.057,MOYNE,SOUTH WESTERN REGION,RURAL_VICTORIA,-38.42139,142.64297,3277,Port Campbell National Park
1147,T20110039601,04/12/11,22.20.00,3,Struck animal,1,Sunday,167,STRUCK ANIMAL                        ,VCS,9,58,D,5,5,Dark No street lights,1,1,1,0,0,0,1,2,T intersection,2,100,248000,I,2388338.646,2478288.714,CENTRAL GOLDFIELDS,WESTERN REGION,RURAL_VICTORIA,-37.18902,143.7422,3371,Kara Kara National Park
1148,T20110040251,11/12/11,05.40.00,3,Struck animal,1,Sunday,167,STRUCK ANIMAL                        ,VCS,9,614,H,3,1,Day,1,1,0,1,0,0,1,5,Not at intersection,3,80,247732,N,2440331.542,2522106.54,BENDIGO,NORTHERN REGION,RURAL_VICTORIA,-36.79888,144.33131,3551,Greater Bendigo National Park
1149,T20110040770,15/12/11,21.42.00,3,Struck animal,5,Thursday,167,STRUCK ANIMAL                        ,VCS,9,32,E,8,3,Dark Street lights on,2,2,0,1,0,1,1,1,Cross intersection,3,100,51143,I,2519965.702,2564985.659,SHEPPARTON,NORTH EASTERN REGION,RURAL_VICTORIA,-36.41411,145.22263,3616,Lower Goulburn National Park
1150,T20110041098,17/12/11,15.00.00,3,Struck animal,7,Saturday,167,STRUCK ANIMAL                        ,VCS,9,62,H,7,1,Day,1,1,0,1,0,0,2,5,Not at intersection,3,80,248562,N,2583591.952,2463200.62,MURRINDINDI,NORTH EASTERN REGION,RURAL_VICTORIA,-37.3279,145.94332,3713,Lake Eildon National Park
1151,T20110041352,22/12/11,20.15.00,3,Struck animal,5,Thursday,167,STRUCK ANIMAL                        ,VCS,9,3,D,6,1,Day,1,1,0,1,0,0,1,5,Not at intersection,3,100,248249,N,2238704.123,2795910.745,MILDURA,WESTERN REGION,RURAL_VICTORIA,-34.2985,142.16395,3496,Hattah - Kulkyne National Park
1152,T20120000386,05/01/12,23.10.00,3,Struck animal,5,Thursday,167,STRUCK ANIMAL                        ,VCS,9,83,B,7,6,Dark Street lights unknown,1,1,0,1,0,0,2,5,Not at intersection,3,999,248867,N,2680873.911,2404315.553,WELLINGTON,EASTERN REGION,RURAL_VICTORIA,-37.84464,147.05523,3860,Mitchell River National Park
1153,T20120000543,08/01/12,21.20.00,3,Struck animal,1,Sunday,167,STRUCK ANIMAL                        ,VCS,9,33,C,4,5,Dark No street lights,1,1,0,1,0,0,1,5,Not at intersection,3,100,248924,N,2556533.962,2596275.409,MOIRA,NORTH EASTERN REGION,RURAL_VICTORIA,-36.13064,145.62808,3636,Lower Goulburn National Park
1154,T20120000675,09/01/12,00.45.00,3,Struck animal,2,Monday,167,STRUCK ANIMAL                        ,VCS,9,73,C,8,9,Unknown,1,1,0,1,0,0,2,5,Not at intersection,3,100,273248,N,2246278.238,2394097.532,SOUTHERN GRAMPIANS,SOUTH WESTERN REGION,RURAL_VICTORIA,-37.91964,142.11393,3289,Mount Eccles National Park
1155,T20120000961,13/01/12,15.30.00,3,Struck animal,6,Friday,167,STRUCK ANIMAL                        ,VCS,9,40,H,8,1,Day,1,1,0,1,0,0,1,5,Not at intersection,3,100,273294,N,2266743.799,2506722.022,NORTHERN GRAMPIANS,WESTERN REGION,RURAL_VICTORIA,-36.91051,142.38183,3401,Grampians National Park
1156,T20120001132,09/01/12,14.00.00,3,Struck animal,2,Monday,167,STRUCK ANIMAL                        ,VCS,9,50,H,2,1,Day,1,1,0,1,0,0,2,5,Not at intersection,3,100,248944,N,2712786.108,2549057.768,TOWONG,NORTH EASTERN REGION,RURAL_VICTORIA,-36.53393,147.37665,3701,Alpine National Park
1157,T20120001382,18/01/12,21.50.00,3,Struck animal,4,Wednesday,167,STRUCK ANIMAL                        ,VCS,9,73,C,7,5,Dark No street lights,1,1,0,1,0,0,1,5,Not at intersection,3,100,273352,N,2242328.672,2402306.095,SOUTHERN GRAMPIANS,SOUTH WESTERN REGION,RURAL_VICTORIA,-37.84463,142.07191,3301,Mount Eccles National Park
1158,T20120001547,15/01/12,13.00.00,3,Struck animal,1,Sunday,167,STRUCK ANIMAL                        ,VCS,9,418,B,1,1,Day,1,1,0,1,0,0,2,5,Not at intersection,3,100,249148,N,2515101.972,2472355.608,MITCHELL,NORTHERN REGION,RURAL_VICTORIA,-37.24901,145.17024,3658,Kinglake National Park
1159,T20120001864,22/01/12,10.25.00,3,Struck animal,1,Sunday,167,STRUCK ANIMAL                        ,VCS,9,35,B,4,1,Day,1,1,1,0,0,0,1,5,Not at intersection,2,100,273427,N,2643243.168,2594867.902,INDIGO,NORTH EASTERN REGION,RURAL_VICTORIA,-36.13421,146.59154,3683,Chiltern-Mt Pilot National Park
1160,T20120002185,26/01/12,22.15.00,3,Struck animal,5,Thursday,167,STRUCK ANIMAL                        ,VCS,9,45,D,7,5,Dark No street lights,1,3,0,1,0,2,1,5,Not at intersection,3,100,249275,N,2474189.07,2518782.852,BENDIGO,NORTHERN REGION,RURAL_VICTORIA,-36.83037,144.71063,3523,Heathcote-Graytown National Park
1161,T20120003513,13/02/12,20.10.00,3,Struck animal,2,Monday,167,STRUCK ANIMAL                        ,VCS,9,98,F,8,5,Dark No street lights,1,2,0,1,0,1,1,5,Not at intersection,3,100,249747,N,2658702.516,2341611.008,WELLINGTON,EASTERN REGION,RURAL_VICTORIA,-38.41347,146.81696,3874,Tarra-Bulga National Park
1162,T20120003679,08/02/12,06.30.00,3,Struck animal,4,Wednesday,167,STRUCK ANIMAL                        ,VCS,9,45,B,6,2,Dusk/Dawn,1,1,0,1,0,0,2,5,Not at intersection,3,100,250842,N,2462683.876,2526270.147,BENDIGO,NORTHERN REGION,RURAL_VICTORIA,-36.76251,144.58201,3551,Greater Bendigo National Park
1163,T20120004000,19/02/12,12.15.00,3,Struck animal,1,Sunday,167,STRUCK ANIMAL                        ,VCS,9,100,F,9,1,Day,1,1,0,1,0,0,1,5,Not at intersection,3,100,249694,N,2322244.531,2318797.291,CORANGAMITE,SOUTH WESTERN REGION,RURAL_VICTORIA,-38.61543,142.95937,3269,Port Campbell National Park