,ACCIDENT_NO,ACCIDENT_DATE,ACCIDENT_TIME,ACCIDENT_TYPE,ACCIDENT_TYPE_DESC,DAY_OF_WEEK,DAY_WEEK_DESC,DCA_CODE,DCA_DESC,DIRECTORY,EDITION,PAGE,GRID_REFERENCE_X,GRID_REFERENCE_Y,LIGHT_CONDITION,LIGHT_CONDITION_DESC,NO_OF_VEHICLES,NO_PERSONS,NO_PERSONS_INJ_2,NO_PERSONS_INJ_3,NO_PERSONS_KILLED,NO_PERSONS_NOT_INJ,POLICE_ATTEND,ROAD_GEOMETRY,ROAD_GEOMETRY_DESC,SEVERITY,SPEED_ZONE,NODE_ID,NODE_TYPE,AMG_X,AMG_Y,LG_AREA_NAME,REGION_NAME,DEG_URBAN_NAME,LATITUDE,LONGITUDE,POSTCODE,NEAREST_NATIONAL_PARK_NAME
1164,T20120004272,04/02/12,15.00.00,3,Struck animal,7,Saturday,167,STRUCK ANIMAL                        ,VCS,9,77,E,2,1,Day,1,1,1,0,0,0,2,5,Not at intersection,2,80,249806,N,2428339.486,2437946.609,MOORABOOL,WESTERN REGION,RURAL_VICTORIA,-37.55645,144.18889,3342,Brisbane Ranges National Park
1165,T20120004427,24/02/12,08.00.00,3,Struck animal,6,Friday,167,STRUCK ANIMAL                        ,VCS,9,443,E,4,1,Day,1,1,0,1,0,0,1,5,Not at intersection,3,100,249973,N,2432115.642,2396272.624,GEELONG,SOUTH WESTERN REGION,RURAL_VICTORIA,-37.93222,144.2278,3213,Brisbane Ranges National Park
1166,T20120005434,05/03/12,20.10.00,3,Struck animal,2,Monday,167,STRUCK ANIMAL                        ,VCS,9,84,C,8,5,Dark No street lights,3,6,2,2,0,2,1,2,T intersection,2,100,250240,I,2733794.327,2397510.531,EAST GIPPSLAND,EASTERN REGION,RURAL_VICTORIA,-37.89413,147.65843,3878,The Lakes National Park
1167,T20120005717,08/03/12,21.05.00,3,Struck animal,5,Thursday,167,STRUCK ANIMAL                        ,VCS,9,57,C,7,5,Dark No street lights,1,1,1,0,0,0,1,5,Not at intersection,2,100,250314,N,2333589.264,2460473.59,ARARAT,WESTERN REGION,RURAL_VICTORIA,-37.34141,143.12166,3375,Kara Kara National Park
1168,T20120005936,11/03/12,09.30.00,3,Struck animal,1,Sunday,167,STRUCK ANIMAL                        ,MEL,40,265,K,11,1,Day,1,1,1,0,0,0,1,5,Not at intersection,2,80,250476,N,2528942.427,2427983.619,NILLUMBIK,METROPOLITAN NORTH WEST REGION,RURAL_VICTORIA,-37.64853,145.32799,3775,Dandenong Ranges National Park
1169,T20120006263,15/03/12,08.05.00,3,Struck animal,5,Thursday,167,STRUCK ANIMAL                        ,VCS,9,32,H,9,1,Day,1,1,1,0,0,0,1,5,Not at intersection,2,100,250516,N,2538700.025,2558617.592,SHEPPARTON,NORTH EASTERN REGION,RURAL_VICTORIA,-36.47092,145.43185,3631,Lower Goulburn National Park
1170,T20120006300,15/03/12,09.00.00,3,Struck animal,5,Thursday,167,STRUCK ANIMAL                        ,VCS,9,73,G,4,1,Day,1,1,1,0,0,0,1,5,Not at intersection,2,100,250529,N,2264056.329,2424185.078,SOUTHERN GRAMPIANS,SOUTH WESTERN REGION,RURAL_VICTORIA,-37.65334,142.32566,3294,Grampians National Park
1171,T20120006541,18/03/12,10.15.00,3,Struck animal,1,Sunday,167,STRUCK ANIMAL                        ,VCS,9,68,C,7,1,Day,1,1,1,0,0,0,1,5,Not at intersection,2,100,250544,N,2826222.87,2453781.35,EAST GIPPSLAND,EASTERN REGION,RURAL_VICTORIA,-37.35963,148.68377,3888,Errinundra National Park
1172,T20120006708,20/03/12,06.00.00,3,Struck animal,3,Tuesday,167,STRUCK ANIMAL                        ,VCS,9,21,B,5,5,Dark No street lights,1,1,1,0,0,0,2,5,Not at intersection,2,100,250473,N,2412684.813,2644101.632,GANNAWARRA,NORTHERN REGION,RURAL_VICTORIA,-35.69731,144.03535,3579,Gunbower National Park
1173,T20120006722,15/03/12,15.00.00,3,Struck animal,5,Thursday,167,STRUCK ANIMAL                        ,VCS,9,45,A,3,1,Day,1,1,1,0,0,0,2,5,Not at intersection,2,50,250525,N,2456988.626,2541685.998,BENDIGO,NORTHERN REGION,RURAL_VICTORIA,-36.62333,144.51909,3557,Greater Bendigo National Park
1174,T20120006953,22/03/12,17.15.00,3,Struck animal,5,Thursday,167,STRUCK ANIMAL                        ,VCS,9,36,J,1,1,Day,1,1,1,0,0,0,1,5,Not at intersection,2,100,253464,N,2723837.051,2612931.922,TOWONG,NORTH EASTERN REGION,RURAL_VICTORIA,-35.95591,147.48143,3691,Burrowa - Pine Mountain National Park
1175,T20120008466,08/04/12,18.30.00,3,Struck animal,1,Sunday,167,STRUCK ANIMAL                        ,VCS,9,57,G,9,2,Dusk/Dawn,1,1,0,1,0,0,2,5,Not at intersection,3,80,251249,N,2352611.679,2449919.16,PYRENEES,WESTERN REGION,RURAL_VICTORIA,-37.4397,143.33424,3373,Kara Kara National Park
1176,T20120008696,11/04/12,21.00.00,3,Struck animal,4,Wednesday,167,STRUCK ANIMAL                        ,VCS,9,34,F,8,5,Dark No street lights,1,1,0,1,0,0,2,5,Not at intersection,3,100,251469,N,2615821.986,2562220.574,WANGARATTA,NORTH EASTERN REGION,RURAL_VICTORIA,-36.43216,146.29183,3678,Warby-Ovens National Park
1177,T20120009386,20/04/12,07.00.00,3,Struck animal,6,Friday,167,STRUCK ANIMAL                        ,VCS,9,60,H,3,1,Day,1,2,0,1,0,1,2,2,T intersection,3,999,251325,I,2497774.054,2489387.052,MITCHELL,NORTHERN REGION,RURAL_VICTORIA,-37.09564,144.97496,3764,Heathcote-Graytown National Park
1178,T20120009490,21/04/12,15.30.00,3,Struck animal,7,Saturday,167,STRUCK ANIMAL                        ,VCS,9,65,H,3,1,Day,1,1,1,0,0,0,2,5,Not at intersection,2,100,251478,N,2715053.48,2486695.888,EAST GIPPSLAND,EASTERN REGION,RURAL_VICTORIA,-37.09527,147.41966,3898,Alpine National Park
1179,T20120009752,21/04/12,12.05.00,3,Struck animal,7,Saturday,167,STRUCK ANIMAL                        ,VCS,9,87,D,3,1,Day,1,1,1,0,0,0,2,5,Not at intersection,2,100,251581,N,2162549.231,2374247.248,GLENELG,SOUTH WESTERN REGION,RURAL_VICTORIA,-38.0717,141.15331,3292,Lower Glenelg National Park
1180,T20120009795,25/04/12,05.20.00,3,Struck animal,4,Wednesday,167,STRUCK ANIMAL                        ,VCS,9,44,D,6,5,Dark No street lights,1,1,0,1,0,0,1,5,Not at intersection,3,100,251602,N,2426724.954,2520768.013,BENDIGO,NORTHERN REGION,RURAL_VICTORIA,-36.80998,144.1787,3551,Greater Bendigo National Park
1181,T20120009813,26/04/12,07.05.00,3,Struck animal,5,Thursday,167,STRUCK ANIMAL                        ,VCS,9,102,C,2,1,Day,1,1,1,0,0,0,1,5,Not at intersection,2,100,251371,N,2551274.894,2328952.832,BASS COAST,EASTERN REGION,RURAL_VICTORIA,-38.5397,145.588,3992,French Island National Park
1182,T20120010190,30/04/12,18.20.00,3,Struck animal,2,Monday,167,STRUCK ANIMAL                        ,VCS,9,92,D,6,5,Dark No street lights,1,1,0,1,0,0,1,5,Not at intersection,3,100,251619,N,2389960.923,2354235.296,COLAC OTWAY,SOUTH WESTERN REGION,RURAL_VICTORIA,-38.30685,143.74201,3243,Great Otway National Park
1183,T20120010328,20/04/11,01.00.00,3,Struck animal,4,Wednesday,167,STRUCK ANIMAL                        ,VCS,9,62,D,2,5,Dark No street lights,1,2,0,1,0,1,2,5,Not at intersection,3,100,251741,N,2561503.539,2497285.297,MURRINDINDI,NORTH EASTERN REGION,RURAL_VICTORIA,-37.02245,145.69127,3719,Lake Eildon National Park
1184,T20120010403,02/05/12,21.40.00,3,Struck animal,4,Wednesday,167,STRUCK ANIMAL                        ,VCS,9,59,B,8,5,Dark No street lights,1,1,0,1,0,0,1,5,Not at intersection,3,100,251590,N,2412937.262,2457391.788,HEPBURN,WESTERN REGION,RURAL_VICTORIA,-37.37993,144.01684,3364,Brisbane Ranges National Park
1185,T20120010568,01/04/12,16.30.00,3,Struck animal,1,Sunday,167,STRUCK ANIMAL                        ,VCS,9,35,C,6,1,Day,1,1,1,0,0,0,2,5,Not at intersection,2,999,251826,N,2648327.519,2579550.534,INDIGO,NORTH EASTERN REGION,RURAL_VICTORIA,-36.27146,146.65097,3747,Chiltern-Mt Pilot National Park
1186,T20120010628,06/05/12,00.10.00,3,Struck animal,1,Sunday,167,STRUCK ANIMAL                        ,VCS,9,46,D,9,5,Dark No street lights,1,3,0,1,0,2,1,4,Multiple intersection,3,110,237898,I,2512728.107,2501355.328,MITCHELL,NORTHERN REGION,RURAL_VICTORIA,-36.9877,145.14299,3660,Heathcote-Graytown National Park
1187,T20120011086,02/05/12,21.00.00,3,Struck animal,4,Wednesday,167,STRUCK ANIMAL                        ,VCS,9,519,M,6,5,Dark No street lights,1,1,0,1,0,0,1,5,Not at intersection,3,100,252957,N,2383576.014,2303270.57,COLAC OTWAY,SOUTH WESTERN REGION,RURAL_VICTORIA,-38.76504,143.66083,3233,Great Otway National Park
1188,T20120011257,13/05/12,18.15.00,3,Struck animal,1,Sunday,167,STRUCK ANIMAL                        ,VCS,9,61,E,4,5,Dark No street lights,1,3,0,1,0,2,2,5,Not at intersection,3,100,252013,N,2522268.146,2479899.658,MURRINDINDI,NORTH EASTERN REGION,RURAL_VICTORIA,-37.18088,145.2508,3660,Kinglake National Park
1189,T20120011267,13/05/12,19.20.00,3,Struck animal,1,Sunday,167,STRUCK ANIMAL                        ,VCS,9,55,J,9,5,Dark No street lights,1,1,0,1,0,0,1,5,Not at intersection,3,100,252019,N,2274391.333,2447345.143,ARARAT,WESTERN REGION,RURAL_VICTORIA,-37.44728,142.44978,3379,Grampians National Park
1190,T20120011708,18/05/12,18.25.00,3,Struck animal,6,Friday,167,STRUCK ANIMAL                        ,VCS,9,35,C,9,5,Dark No street lights,1,1,0,1,0,0,1,5,Not at intersection,3,100,252072,N,2649446.968,2557175.624,WANGARATTA,NORTH EASTERN REGION,RURAL_VICTORIA,-36.47291,146.66779,3735,Chiltern-Mt Pilot National Park
1191,T20120011717,19/05/12,00.25.00,3,Struck animal,7,Saturday,167,STRUCK ANIMAL                        ,VCS,9,578,E,3,5,Dark No street lights,1,1,0,1,0,0,1,5,Not at intersection,3,80,252074,N,2399850.447,2427917.723,BALLARAT,WESTERN REGION,RURAL_VICTORIA,-37.64419,143.8651,3357,Brisbane Ranges National Park
1192,T20120011753,19/05/12,12.30.00,3,Struck animal,7,Saturday,167,STRUCK ANIMAL                        ,VCS,9,62,H,6,1,Day,1,1,1,0,0,0,1,5,Not at intersection,2,100,251986,N,2585076.186,2471739.569,MURRINDINDI,NORTH EASTERN REGION,RURAL_VICTORIA,-37.25082,145.9591,3713,Lake Eildon National Park
1193,T20120012457,22/05/12,18.08.00,3,Struck animal,3,Tuesday,167,STRUCK ANIMAL                        ,VCS,9,18,G,7,5,Dark No street lights,1,1,1,0,0,0,2,5,Not at intersection,2,100,253295,N,2308310.195,2627065.018,BULOKE,NORTHERN REGION,RURAL_VICTORIA,-35.83558,142.87831,3483,Kara Kara National Park
1194,T20120012529,27/05/12,16.00.00,3,Struck animal,1,Sunday,167,STRUCK ANIMAL                        ,VCS,9,443,A,2,1,Day,1,1,0,1,0,0,2,5,Not at intersection,3,100,252093,N,2423125.891,2399947.309,GOLDEN PLAINS,SOUTH WESTERN REGION,RURAL_VICTORIA,-37.89841,144.12593,3332,Brisbane Ranges National Park
1195,T20120012618,21/05/12,08.45.00,3,Struck animal,2,Monday,167,STRUCK ANIMAL                        ,VCS,9,584,D,5,1,Day,1,1,0,1,0,0,2,5,Not at intersection,3,50,252136,N,2392370.672,2466221.848,HEPBURN,WESTERN REGION,SMALL_TOWNS,-37.29822,143.78588,3370,Kara Kara National Park
1196,T20120012786,30/04/12,06.30.00,3,Struck animal,2,Monday,167,STRUCK ANIMAL                        ,VCS,9,47,F,3,5,Dark No street lights,1,1,0,1,0,0,2,5,Not at intersection,3,110,262466,N,2574956.46,2544338.945,STRATHBOGIE,NORTH EASTERN REGION,RURAL_VICTORIA,-36.59743,145.83782,3670,Warby-Ovens National Park
1197,T20120012819,01/06/12,14.00.00,3,Struck animal,6,Friday,167,STRUCK ANIMAL                        ,VCS,9,97,F,6,1,Day,1,1,0,1,0,0,1,5,Not at intersection,3,80,252255,N,2613288.216,2359428.345,LATROBE,EASTERN REGION,RURAL_VICTORIA,-38.25968,146.29432,3840,Morwell National Park
1198,T20120012824,05/01/12,21.30.00,3,Struck animal,5,Thursday,167,STRUCK ANIMAL                        ,VCS,9,45,E,8,5,Dark No street lights,1,5,0,1,0,4,2,5,Not at intersection,3,999,252257,N,2478223.441,2507432.295,BENDIGO,NORTHERN REGION,RURAL_VICTORIA,-36.93277,144.75553,3523,Heathcote-Graytown National Park
1199,T20120013278,06/06/12,21.30.00,3,Struck animal,4,Wednesday,167,STRUCK ANIMAL                        ,VCS,9,90,C,8,5,Dark No street lights,3,3,0,1,0,2,1,5,Not at intersection,3,100,252670,N,2292788.443,2342832.364,MOYNE,SOUTH WESTERN REGION,RURAL_VICTORIA,-38.39286,142.62822,3277,Port Campbell National Park
1200,T20120013423,09/06/12,08.30.00,3,Struck animal,7,Saturday,167,STRUCK ANIMAL                        ,VCS,9,35,A,8,1,Day,1,1,1,0,0,0,1,5,Not at intersection,2,100,252444,N,2639476.296,2565390.134,WANGARATTA,NORTH EASTERN REGION,RURAL_VICTORIA,-36.40041,146.55504,3678,Chiltern-Mt Pilot National Park
1201,T20120013505,09/06/12,18.00.00,3,Struck animal,7,Saturday,167,STRUCK ANIMAL                        ,VCS,9,92,F,7,5,Dark No street lights,1,1,0,1,0,0,1,5,Not at intersection,3,100,252733,N,2398618.465,2351538.645,COLAC OTWAY,SOUTH WESTERN REGION,RURAL_VICTORIA,-38.33213,143.8406,3242,Great Otway National Park
1202,T20120013615,02/06/12,12.45.00,3,Struck animal,7,Saturday,167,STRUCK ANIMAL                        ,MEL,40,170,D,12,1,Day,1,1,1,0,0,0,2,5,Not at intersection,2,80,252910,N,2491373.301,2344794.41,MORNINGTON PENINSULA,METROPOLITAN SOUTH EAST REGION,RURAL_VICTORIA,-38.3984,144.90126,3939,Mornington Peninsula National Park
1203,T20120013636,21/05/12,23.45.00,3,Struck animal,2,Monday,167,STRUCK ANIMAL                        ,VCS,9,63,D,6,5,Dark No street lights,1,1,0,1,0,0,2,5,Not at intersection,3,100,252924,N,2601368.136,2470723.946,MANSFIELD,NORTH EASTERN REGION,RURAL_VICTORIA,-37.25835,146.14289,3723,Lake Eildon National Park
1204,T20120014125,19/06/12,05.49.00,3,Struck animal,3,Tuesday,167,STRUCK ANIMAL                        ,VCS,9,96,F,2,5,Dark No street lights,1,1,0,1,0,0,1,5,Not at intersection,3,100,253084,N,2573369.329,2384305.229,BAW BAW,EASTERN REGION,RURAL_VICTORIA,-38.03961,145.83578,3816,Yarra Ranges National Park
1205,T20120014505,24/05/12,06.20.00,3,Struck animal,5,Thursday,167,STRUCK ANIMAL                        ,MEL,40,344,K,10,3,Dark Street lights on,1,1,0,1,0,0,1,5,Not at intersection,3,110,253096,N,2470517.776,2418777.273,MELTON,METROPOLITAN NORTH WEST REGION,RURAL_VICTORIA,-37.73146,144.66553,3335,Organ Pipes National Park
1206,T20120014626,24/06/12,17.20.00,3,Struck animal,1,Sunday,167,STRUCK ANIMAL                        ,VCS,9,73,E,2,2,Dusk/Dawn,1,1,1,0,0,0,1,5,Not at intersection,2,100,252750,N,2254279.08,2438235.398,SOUTHERN GRAMPIANS,SOUTH WESTERN REGION,RURAL_VICTORIA,-37.52426,142.21955,3294,Grampians National Park
1207,T20120015083,25/06/12,19.15.00,3,Struck animal,2,Monday,167,STRUCK ANIMAL                        ,VCS,9,88,C,6,5,Dark No street lights,1,2,0,1,0,1,1,5,Not at intersection,3,100,252919,N,2205155.762,2352181.698,GLENELG,SOUTH WESTERN REGION,RURAL_VICTORIA,-38.28488,141.62966,3305,Mount Richmond National Park
1208,T20120015192,02/07/12,04.49.00,3,Struck animal,2,Monday,167,STRUCK ANIMAL                        ,MEL,40,334,E,6,5,Dark No street lights,1,1,0,1,0,0,1,5,Not at intersection,3,110,253159,N,2452970.549,2424922.708,MOORABOOL,WESTERN REGION,RURAL_VICTORIA,-37.67537,144.46685,3340,Brisbane Ranges National Park
1209,T20120015519,17/06/12,11.30.00,3,Struck animal,0,Sunday,167,STRUCK ANIMAL                        ,VCS,9,87,B,2,1,Day,1,1,1,0,0,0,2,5,Not at intersection,2,100,254493,N,2149961.525,2380939.959,GLENELG,SOUTH WESTERN REGION,RURAL_VICTORIA,-38.00679,141.01318,3292,Lower Glenelg National Park
1210,T20120015643,07/07/12,02.30.00,3,Struck animal,7,Saturday,167,STRUCK ANIMAL                        ,VCS,9,77,B,6,5,Dark No street lights,1,4,0,1,0,3,1,5,Not at intersection,3,100,253158,N,2413742.136,2414188.095,MOORABOOL,WESTERN REGION,RURAL_VICTORIA,-37.76928,144.02091,3334,Brisbane Ranges National Park
1211,T20120015743,08/07/12,09.15.00,3,Struck animal,1,Sunday,167,STRUCK ANIMAL                        ,VCS,9,18,H,9,1,Day,1,1,1,0,0,0,1,2,T intersection,2,100,254217,I,2317738.515,2609879.213,BULOKE,NORTHERN REGION,RURAL_VICTORIA,-35.99227,142.9786,3483,Kara Kara National Park
1212,T20120015752,08/07/12,00.05.00,3,Struck animal,1,Sunday,171,LEFT OFF CARRIAGEWAY INTO OBJECT/PARKED VEHICLE       ,VCS,9,59,C,3,5,Dark No street lights,1,1,0,1,0,0,1,5,Not at intersection,3,100,253350,N,2417015.507,2488584.441,MOUNT ALEXANDER,NORTHERN REGION,RURAL_VICTORIA,-37.09921,144.06634,3462,Greater Bendigo National Park
1213,T20120015960,02/07/12,15.15.00,3,Struck animal,2,Monday,167,STRUCK ANIMAL                        ,VCS,9,82,C,7,1,Day,1,1,0,1,0,0,2,5,Not at intersection,3,888,253573,N,2643204.856,2403321.423,WELLINGTON,EASTERN REGION,RURAL_VICTORIA,-37.86016,146.62749,3858,Baw Baw National Park
1214,T20120016198,14/07/12,17.55.00,3,Struck animal,7,Saturday,167,STRUCK ANIMAL                        ,MEL,40,288,A,6,5,Dark No street lights,1,2,0,1,0,1,1,5,Not at intersection,3,80,253364,N,2552589.007,2413738.908,YARRA RANGES,METROPOLITAN SOUTH EAST REGION,RURAL_VICTORIA,-37.77584,145.59697,3139,Dandenong Ranges National Park
1215,T20120016821,23/07/12,07.15.00,3,Struck animal,2,Monday,167,STRUCK ANIMAL                        ,VCS,9,417,E,11,2,Dusk/Dawn,1,1,0,1,0,0,1,5,Not at intersection,3,100,253987,N,2504988.459,2452991.418,MITCHELL,NORTHERN REGION,RURAL_VICTORIA,-37.42362,145.05636,3756,Kinglake National Park
1216,T20120016905,22/07/12,22.30.00,3,Struck animal,1,Sunday,167,STRUCK ANIMAL                        ,MEL,40,359,G,8,5,Dark No street lights,2,2,1,0,0,1,1,5,Not at intersection,2,100,254057,N,2473109.469,2409686.591,WYNDHAM,METROPOLITAN NORTH WEST REGION,RURAL_VICTORIA,-37.81345,144.6946,3029,Organ Pipes National Park
1217,T20120017071,26/07/12,00.05.00,3,Struck animal,5,Thursday,171,LEFT OFF CARRIAGEWAY INTO OBJECT/PARKED VEHICLE       ,VCS,9,96,F,8,5,Dark No street lights,1,1,1,0,0,0,2,5,Not at intersection,2,100,253663,I,2575348.17,2340811.095,SOUTH GIPPSLAND,EASTERN REGION,RURAL_VICTORIA,-38.43124,145.86281,3951,French Island National Park
1218,T20120017280,27/07/12,18.20.00,3,Struck animal,6,Friday,167,STRUCK ANIMAL                        ,VCS,9,90,F,2,5,Dark No street lights,3,5,0,1,0,4,1,5,Not at intersection,3,100,254158,N,2308563.766,2380809.307,MOYNE,SOUTH WESTERN REGION,RURAL_VICTORIA,-38.05425,142.81868,3272,Port Campbell National Park
1219,T20120017444,06/06/12,07.15.00,3,Struck animal,4,Wednesday,167,STRUCK ANIMAL                        ,VCS,9,77,F,3,2,Dusk/Dawn,1,1,0,1,0,0,2,5,Not at intersection,3,100,253447,N,2436347.383,2437078.683,MOORABOOL,WESTERN REGION,SMALL_TOWNS,-37.56485,144.27945,3341,Brisbane Ranges National Park
1220,T20120017529,31/07/12,23.25.00,3,Struck animal,3,Tuesday,167,STRUCK ANIMAL                        ,MEL,40,493,G,6,5,Dark No street lights,1,2,0,1,0,1,1,5,Not at intersection,3,100,253788,N,2442044.197,2356881.852,SURF COAST,SOUTH WESTERN REGION,RURAL_VICTORIA,-38.28774,144.33762,3217,Point Nepean National Park
1221,T20120017717,01/08/12,06.00.00,3,Struck animal,4,Wednesday,167,STRUCK ANIMAL                        ,VCS,9,63,B,2,2,Dusk/Dawn,1,1,1,0,0,0,1,5,Not at intersection,2,100,254761,N,2592758.37,2493237.921,MANSFIELD,NORTH EASTERN REGION,RURAL_VICTORIA,-37.05636,146.04304,3722,Lake Eildon National Park
1222,T20120018065,07/08/12,23.20.00,3,Struck animal,3,Tuesday,167,STRUCK ANIMAL                        ,VCS,9,53,E,2,5,Dark No street lights,1,4,0,1,0,3,1,5,Not at intersection,3,100,273708,N,2162837.5,2492033.547,WEST WIMMERA,WESTERN REGION,RURAL_VICTORIA,-37.0113,141.21002,3318,Little Desert National Park
1223,T20120018071,08/08/12,00.55.00,3,Struck animal,4,Wednesday,167,STRUCK ANIMAL                        ,VCS,9,98,A,5,5,Dark No street lights,1,1,1,0,0,0,1,5,Not at intersection,2,70,253897,N,2633716.653,2360365.001,LATROBE,EASTERN REGION,RURAL_VICTORIA,-38.24852,146.52751,3844,Morwell National Park
1224,T20120018439,12/08/12,20.30.00,3,Struck animal,1,Sunday,167,STRUCK ANIMAL                        ,VCS,9,57,D,7,5,Dark No street lights,3,7,0,2,0,5,1,5,Not at intersection,3,100,254813,N,2335021.404,2459672.021,ARARAT,WESTERN REGION,RURAL_VICTORIA,-37.34889,143.13764,3375,Kara Kara National Park
1225,T20120018518,13/08/12,21.30.00,3,Struck animal,2,Monday,167,STRUCK ANIMAL                        ,VCS,9,7,F,5,5,Dark No street lights,1,1,1,0,0,0,1,5,Not at intersection,2,100,254661,N,2303944.858,2754135.56,SWAN HILL,NORTHERN REGION,RURAL_VICTORIA,-34.69001,142.8616,3549,Hattah - Kulkyne National Park
1226,T20120018988,19/08/12,19.02.00,3,Struck animal,1,Sunday,167,STRUCK ANIMAL                        ,VCS,9,415,A,7,5,Dark No street lights,1,1,1,0,0,0,1,2,T intersection,2,80,254453,I,2460590.377,2460998.598,MACEDON RANGES,NORTHERN REGION,RURAL_VICTORIA,-37.35065,144.55514,3442,Organ Pipes National Park
1227,T20120019783,27/08/12,19.00.00,3,Struck animal,2,Monday,167,STRUCK ANIMAL                        ,VCS,9,427,D,4,6,Dark Street lights unknown,1,1,1,0,0,0,2,5,Not at intersection,2,100,254343,N,2502380.775,2442481.061,WHITTLESEA,METROPOLITAN NORTH WEST REGION,RURAL_VICTORIA,-37.51834,145.02693,3753,Kinglake National Park
1228,T20120020201,04/09/12,10.00.00,3,Struck animal,3,Tuesday,167,STRUCK ANIMAL                        ,VCS,9,459,J,8,1,Day,1,1,1,0,0,0,2,5,Not at intersection,2,100,255529,N,2547213.589,2361670.249,CARDINIA,METROPOLITAN SOUTH EAST REGION,RURAL_VICTORIA,-38.24522,145.5393,3984,French Island National Park
1229,T20120020518,04/09/12,16.30.00,3,Struck animal,3,Tuesday,167,STRUCK ANIMAL                        ,VCS,9,44,H,5,1,Day,1,1,1,0,0,0,2,5,Not at intersection,2,60,255353,N,2447843.696,2531853.792,BENDIGO,NORTHERN REGION,RURAL_VICTORIA,-36.71148,144.41616,3557,Greater Bendigo National Park
1230,T20120020582,05/09/12,01.30.00,3,Struck animal,4,Wednesday,167,STRUCK ANIMAL                        ,VCS,9,416,K,3,5,Dark No street lights,1,3,1,1,0,1,2,5,Not at intersection,2,100,255350,N,2495763.926,2469174.342,MITCHELL,NORTHERN REGION,RURAL_VICTORIA,-37.27779,144.95223,3764,Kinglake National Park
1231,T20120020773,12/09/12,12.10.00,3,Struck animal,4,Wednesday,167,STRUCK ANIMAL                        ,VCS,9,69,C,7,1,Day,1,1,0,1,0,0,1,5,Not at intersection,3,100,255247,N,2862758.043,2429308.115,EAST GIPPSLAND,EASTERN REGION,RURAL_VICTORIA,-37.56651,149.10776,3890,Lind National Park
1232,T20120020882,13/09/12,14.15.00,3,Struck animal,5,Thursday,167,STRUCK ANIMAL                        ,VCS,9,417,E,4,1,Day,1,2,0,1,0,1,1,5,Not at intersection,3,110,255185,N,2504868.526,2467699.174,MITCHELL,NORTHERN REGION,RURAL_VICTORIA,-37.29108,145.05491,3658,Kinglake National Park
1233,T20120020896,13/09/12,22.30.00,3,Struck animal,5,Thursday,167,STRUCK ANIMAL                        ,VCS,9,76,H,2,5,Dark No street lights,1,1,0,1,0,0,1,5,Not at intersection,3,100,255194,N,2409231.23,2443830.707,MOORABOOL,WESTERN REGION,RURAL_VICTORIA,-37.50177,143.97334,3352,Brisbane Ranges National Park
1234,T20120021150,12/09/12,15.30.00,3,Struck animal,4,Wednesday,167,STRUCK ANIMAL                        ,VCS,9,54,G,5,1,Day,1,1,0,1,0,0,2,5,Not at intersection,3,100,255315,N,2226275.492,2470861.976,SOUTHERN GRAMPIANS,SOUTH WESTERN REGION,RURAL_VICTORIA,-37.22262,141.91485,3407,Grampians National Park
1235,T20120021216,15/09/12,15.30.00,3,Struck animal,7,Saturday,167,STRUCK ANIMAL                        ,VCS,9,47,F,8,9,Unknown,1,1,1,0,0,0,2,5,Not at intersection,2,80,255211,N,2574723.328,2509403.19,STRATHBOGIE,NORTH EASTERN REGION,RURAL_VICTORIA,-36.91229,145.83865,3666,Lake Eildon National Park
1236,T20120021820,27/08/12,20.00.00,3,Struck animal,2,Monday,167,STRUCK ANIMAL                        ,VCS,9,58,D,6,5,Dark No street lights,1,1,0,1,0,0,2,4,Multiple intersection,3,100,254363,N,2388504.348,2469698.637,HEPBURN,WESTERN REGION,RURAL_VICTORIA,-37.26644,143.74279,3370,Kara Kara National Park
1237,T20120021961,28/09/12,00.50.00,3,Struck animal,6,Friday,167,STRUCK ANIMAL                        ,VCS,9,58,G,8,5,Dark No street lights,1,1,0,1,0,0,1,5,Not at intersection,3,100,273814,N,2404080.738,2453636.468,HEPBURN,WESTERN REGION,RURAL_VICTORIA,-37.4129,143.91635,3364,Brisbane Ranges National Park
1238,T20120022356,17/09/12,00.10.00,3,Struck animal,2,Monday,167,STRUCK ANIMAL                        ,VCS,9,44,E,9,5,Dark No street lights,1,1,0,1,0,0,2,5,Not at intersection,3,100,255029,N,2432428.681,2504246.934,MOUNT ALEXANDER,NORTHERN REGION,RURAL_VICTORIA,-36.9593,144.24115,3453,Greater Bendigo National Park
1239,T20120022433,30/09/12,15.30.00,3,Struck animal,1,Sunday,167,STRUCK ANIMAL                        ,VCS,9,71,F,3,1,Day,1,1,1,0,0,0,1,5,Not at intersection,2,100,255021,N,2169310.45,2430355.946,GLENELG,SOUTH WESTERN REGION,RURAL_VICTORIA,-37.56899,141.25545,3311,Lower Glenelg National Park
1240,T20120022845,08/10/12,21.00.00,3,Struck animal,2,Monday,167,STRUCK ANIMAL                        ,VCS,9,32,J,5,5,Dark No street lights,1,1,0,1,0,0,2,5,Not at intersection,3,100,269569,N,2542970.979,2586431.624,SHEPPARTON,NORTH EASTERN REGION,RURAL_VICTORIA,-36.22006,145.47795,3634,Lower Goulburn National Park