,ACCIDENT_NO,ACCIDENT_DATE,ACCIDENT_TIME,ACCIDENT_TYPE,ACCIDENT_TYPE_DESC,DAY_OF_WEEK,DAY_WEEK_DESC,DCA_CODE,DCA_DESC,DIRECTORY,EDITION,PAGE,GRID_REFERENCE_X,GRID_REFERENCE_Y,LIGHT_CONDITION,LIGHT_CONDITION_DESC,NO_OF_VEHICLES,NO_PERSONS,NO_PERSONS_INJ_2,NO_PERSONS_INJ_3,NO_PERSONS_KILLED,NO_PERSONS_NOT_INJ,POLICE_ATTEND,ROAD_GEOMETRY,ROAD_GEOMETRY_DESC,SEVERITY,SPEED_ZONE,NODE_ID,NODE_TYPE,AMG_X,AMG_Y,LG_AREA_NAME,REGION_NAME,DEG_URBAN_NAME,LATITUDE,LONGITUDE,POSTCODE,NEAREST_NATIONAL_PARK_NAME
1241,T20120023641,19/10/12,17.52.00,3,Struck animal,6,Friday,167,STRUCK ANIMAL                        ,VCS,9,93,D,7,1,Day,1,2,1,1,0,0,1,5,Not at intersection,2,100,255658,N,2427692.56,2350421.562,SURF COAST,SOUTH WESTERN REGION,RURAL_VICTORIA,-38.34492,144.17296,3230,Great Otway National Park
1242,T20120023650,19/10/12,21.10.00,3,Struck animal,6,Friday,167,STRUCK ANIMAL                        ,MEL,40,472,E,9,5,Dark No street lights,1,1,1,0,0,0,1,5,Not at intersection,2,100,273844,N,2468263.031,2365320.304,GEELONG,SOUTH WESTERN REGION,RURAL_VICTORIA,-38.213,144.63764,3222,Point Nepean National Park
1243,T20120024427,29/10/12,16.05.00,3,Struck animal,2,Monday,167,STRUCK ANIMAL                        ,VCS,9,626,B,5,1,Day,1,1,0,1,0,0,1,5,Not at intersection,3,100,255954,N,2472458.831,2508869.286,BENDIGO,NORTHERN REGION,RURAL_VICTORIA,-36.91966,144.69087,3523,Heathcote-Graytown National Park
1244,T20120024583,04/10/12,19.15.00,3,Struck animal,5,Thursday,167,STRUCK ANIMAL                        ,VCS,9,92,G,8,5,Dark No street lights,1,1,0,1,0,0,2,5,Not at intersection,3,100,269583,N,2403307.487,2342750.991,SURF COAST,SOUTH WESTERN REGION,RURAL_VICTORIA,-38.41178,143.89305,3235,Great Otway National Park
1245,T20120025243,09/11/12,21.50.00,3,Struck animal,6,Friday,167,STRUCK ANIMAL                        ,VCS,9,48,B,7,5,Dark No street lights,1,2,0,2,0,0,1,2,T intersection,3,100,256509,I,2589914.606,2519102.252,BENALLA,NORTH EASTERN REGION,RURAL_VICTORIA,-36.82355,146.00799,3673,Lake Eildon National Park
1246,T20120025379,05/11/12,20.30.00,3,Struck animal,2,Monday,167,STRUCK ANIMAL                        ,VCS,9,82,G,7,1,Day,1,1,0,1,0,0,2,5,Not at intersection,3,999,256805,N,2668417.108,2402157.309,WELLINGTON,EASTERN REGION,RURAL_VICTORIA,-37.86642,146.91422,3859,Mitchell River National Park
1247,T20120025505,07/11/12,17.00.00,3,Struck animal,4,Wednesday,167,STRUCK ANIMAL                        ,MEL,40,178,E,7,1,Day,1,1,0,1,0,0,2,5,Not at intersection,3,80,257469,N,2488044.178,2429765.504,HUME,METROPOLITAN NORTH WEST REGION,RURAL_VICTORIA,-37.63284,144.86454,3059,Organ Pipes National Park
1248,T20120025658,15/11/12,12.04.00,3,Struck animal,5,Thursday,167,STRUCK ANIMAL                        ,VCS,9,47,D,9,1,Day,1,1,1,0,0,0,1,5,Not at intersection,2,100,256315,N,2563421.987,2502244.497,MANSFIELD,NORTH EASTERN REGION,RURAL_VICTORIA,-36.97763,145.71242,3715,Lake Eildon National Park
1249,T20120025789,08/11/12,20.00.00,3,Struck animal,5,Thursday,167,STRUCK ANIMAL                        ,VCS,9,415,E,13,5,Dark No street lights,1,1,1,0,0,0,2,5,Not at intersection,2,100,269595,N,2467822.142,2448874.295,MACEDON RANGES,NORTHERN REGION,RURAL_VICTORIA,-37.46018,144.63625,3438,Organ Pipes National Park
1250,T20120025910,17/11/12,17.00.00,3,Struck animal,7,Saturday,167,STRUCK ANIMAL                        ,VCS,9,34,J,1,1,Day,1,2,0,2,0,0,2,5,Not at intersection,3,100,256306,N,2633553.151,2610142.728,INDIGO,NORTH EASTERN REGION,RURAL_VICTORIA,-35.99798,146.48125,3685,Chiltern-Mt Pilot National Park
1251,T20120026174,21/11/12,22.45.00,3,Struck animal,4,Wednesday,167,STRUCK ANIMAL                        ,MEL,40,306,D,5,5,Dark No street lights,1,1,0,1,0,0,1,5,Not at intersection,3,80,256438,N,2546186.366,2410707.876,YARRA RANGES,METROPOLITAN SOUTH EAST REGION,RURAL_VICTORIA,-37.80349,145.52448,3139,Dandenong Ranges National Park
1252,T20120028037,11/12/12,19.00.00,3,Struck animal,3,Tuesday,167,STRUCK ANIMAL                        ,VCS,9,96,B,5,1,Day,1,1,1,0,0,0,2,5,Not at intersection,2,100,256890,N,2550663.308,2367162.683,CARDINIA,METROPOLITAN SOUTH EAST REGION,RURAL_VICTORIA,-38.19556,145.57832,3981,French Island National Park
1253,T20120028266,17/12/12,06.30.00,3,Struck animal,2,Monday,167,STRUCK ANIMAL                        ,VCS,9,567,O,12,1,Day,1,1,0,1,0,0,2,5,Not at intersection,3,80,258397,N,2404123.559,2435162.056,BALLARAT,WESTERN REGION,RURAL_VICTORIA,-37.57937,143.91445,3352,Brisbane Ranges National Park
1254,T20120028492,19/12/12,21.25.00,3,Struck animal,4,Wednesday,167,STRUCK ANIMAL                        ,VCS,9,73,D,8,5,Dark No street lights,1,2,1,1,0,0,2,5,Not at intersection,2,999,274242,N,2251785.832,2393724.205,SOUTHERN GRAMPIANS,SOUTH WESTERN REGION,RURAL_VICTORIA,-37.92449,142.17642,3289,Mount Eccles National Park
1255,T20120028884,25/12/12,14.00.00,3,Struck animal,3,Tuesday,167,STRUCK ANIMAL                        ,VCS,9,614,A,6,1,Day,1,1,1,0,0,0,2,5,Not at intersection,2,80,257186,N,2436935.191,2520412.005,BENDIGO,NORTHERN REGION,RURAL_VICTORIA,-36.81393,144.29311,3551,Greater Bendigo National Park
1256,T20120029098,30/12/12,16.00.00,3,Struck animal,1,Sunday,167,STRUCK ANIMAL                        ,VCS,9,73,H,2,1,Day,2,2,0,2,0,0,2,5,Not at intersection,3,100,269634,N,2271191.593,2438530.981,ARARAT,WESTERN REGION,RURAL_VICTORIA,-37.5259,142.41092,3379,Grampians National Park
1257,T20130000062,02/01/13,01.10.00,3,Struck animal,4,Wednesday,167,STRUCK ANIMAL                        ,VCS,9,44,F,8,5,Dark No street lights,1,1,0,1,0,0,1,5,Not at intersection,3,100,257244,N,2438783.919,2512561.723,BENDIGO,NORTHERN REGION,RURAL_VICTORIA,-36.8848,144.31319,3551,Greater Bendigo National Park
1258,T20130000083,31/12/12,05.20.00,3,Struck animal,2,Monday,167,STRUCK ANIMAL                        ,VCS,9,453,C,2,2,Dusk/Dawn,1,1,0,1,0,0,2,5,Not at intersection,3,80,257009,N,2427287.232,2376070.271,GOLDEN PLAINS,SOUTH WESTERN REGION,RURAL_VICTORIA,-38.11385,144.17088,3218,Brisbane Ranges National Park
1259,T20130000546,06/01/13,13.30.00,3,Struck animal,1,Sunday,167,STRUCK ANIMAL                        ,VCS,9,48,E,8,1,Day,1,1,1,0,0,0,2,5,Not at intersection,2,100,267852,N,2610343.896,2507135.748,MANSFIELD,NORTH EASTERN REGION,RURAL_VICTORIA,-36.92922,146.23873,3723,Lake Eildon National Park
1260,T20130000570,04/01/13,18.00.00,3,Struck animal,6,Friday,167,STRUCK ANIMAL                        ,VCS,9,552,G,8,1,Day,1,1,1,0,0,0,2,5,Not at intersection,2,80,267858,N,2280450.75,2479951.042,NORTHERN GRAMPIANS,WESTERN REGION,SMALL_TOWNS,-37.15499,142.52781,3381,Grampians National Park
1261,T20130000800,13/01/13,09.30.00,3,Struck animal,1,Sunday,167,STRUCK ANIMAL                        ,VCS,9,36,H,4,1,Day,1,1,1,0,0,0,1,5,Not at intersection,2,100,267897,N,2718600.797,2591924.881,TOWONG,NORTH EASTERN REGION,RURAL_VICTORIA,-36.14639,147.42935,3704,Burrowa - Pine Mountain National Park
1262,T20130000980,15/01/13,23.30.00,3,Struck animal,3,Tuesday,167,STRUCK ANIMAL                        ,VCS,9,88,C,6,5,Dark No street lights,1,3,0,1,0,2,1,5,Not at intersection,3,100,257456,N,2205381.176,2352377.026,GLENELG,SOUTH WESTERN REGION,RURAL_VICTORIA,-38.28319,141.63231,3305,Mount Richmond National Park
1263,T20130001128,18/01/13,03.00.00,3,Struck animal,6,Friday,167,STRUCK ANIMAL                        ,VCS,9,41,B,9,5,Dark No street lights,1,1,1,0,0,0,1,5,Not at intersection,2,100,267929,N,2283141.844,2503257.993,NORTHERN GRAMPIANS,WESTERN REGION,RURAL_VICTORIA,-36.94564,142.56481,3385,Grampians National Park
1264,T20130001281,20/01/13,10.30.00,3,Struck animal,1,Sunday,167,STRUCK ANIMAL                        ,VCS,9,44,E,7,1,Day,1,1,1,0,0,0,1,5,Not at intersection,2,100,257302,N,2430359.625,2514265.517,BENDIGO,NORTHERN REGION,RURAL_VICTORIA,-36.86886,144.21884,3453,Greater Bendigo National Park
1265,T20130001665,19/01/13,01.00.00,3,Struck animal,7,Saturday,167,STRUCK ANIMAL                        ,VCS,9,35,C,7,5,Dark No street lights,1,1,0,1,0,0,2,5,Not at intersection,3,100,257629,N,2651172.893,2573868.684,INDIGO,NORTH EASTERN REGION,RURAL_VICTORIA,-36.32221,146.68375,3747,Chiltern-Mt Pilot National Park
1266,T20130001860,27/01/13,19.30.00,3,Struck animal,1,Sunday,167,STRUCK ANIMAL                        ,VCS,9,63,B,7,2,Dusk/Dawn,1,1,0,1,0,0,2,5,Not at intersection,3,100,267998,N,2593705.665,2458299.081,MURRINDINDI,NORTH EASTERN REGION,RURAL_VICTORIA,-37.37111,146.05806,3713,Lake Eildon National Park
1267,T20130002036,25/01/13,02.50.00,3,Struck animal,6,Friday,167,STRUCK ANIMAL                        ,VCS,9,32,E,7,5,Dark No street lights,1,1,0,1,0,0,2,5,Not at intersection,3,100,257883,N,2517219.11,2569611.999,SHEPPARTON,NORTH EASTERN REGION,RURAL_VICTORIA,-36.37247,145.1919,3618,Lower Goulburn National Park
1268,T20130002460,03/02/13,15.00.00,3,Struck animal,1,Sunday,167,STRUCK ANIMAL                        ,VCS,9,92,H,7,1,Day,1,1,0,1,0,0,2,2,T intersection,3,999,268054,N,2411635.773,2348974.524,SURF COAST,SOUTH WESTERN REGION,RURAL_VICTORIA,-38.35656,143.98914,3241,Great Otway National Park
1269,T20130002592,28/12/12,05.45.00,3,Struck animal,6,Friday,167,STRUCK ANIMAL                        ,MEL,40,361,E,3,1,Day,1,1,0,1,0,0,2,5,Not at intersection,3,90,258085,N,2472423.911,2440935.662,HUME,METROPOLITAN NORTH WEST REGION,RURAL_VICTORIA,-37.53186,144.68798,3429,Organ Pipes National Park
1270,T20130002787,24/01/13,10.00.00,3,Struck animal,5,Thursday,167,STRUCK ANIMAL                        ,VCS,9,21,F,8,1,Day,1,1,0,1,0,0,2,5,Not at intersection,3,100,268082,N,2437495.374,2621177.058,GANNAWARRA,NORTHERN REGION,RURAL_VICTORIA,-35.90585,144.3076,3567,Gunbower National Park
1271,T20130003021,12/12/12,22.30.00,3,Struck animal,4,Wednesday,167,STRUCK ANIMAL                        ,VCS,9,30,H,6,5,Dark No street lights,1,1,0,1,0,0,2,5,Not at intersection,3,100,260981,N,2448769.752,2577621.619,CAMPASPE,NORTHERN REGION,RURAL_VICTORIA,-36.29905,144.4296,3572,Greater Bendigo National Park
1272,T20130003308,16/02/13,06.15.00,3,Struck animal,7,Saturday,167,STRUCK ANIMAL                        ,VCS,9,62,C,4,2,Dusk/Dawn,1,1,0,1,0,0,1,5,Not at intersection,3,100,258527,N,2558470.292,2482446.131,MURRINDINDI,NORTH EASTERN REGION,RURAL_VICTORIA,-37.15637,145.65834,3714,Lake Eildon National Park
1273,T20130003593,20/02/13,04.59.00,3,Struck animal,4,Wednesday,167,STRUCK ANIMAL                        ,MEL,40,177,K,1,5,Dark No street lights,1,1,1,0,0,0,1,5,Not at intersection,2,80,268202,N,2485850.952,2432143.027,HUME,METROPOLITAN NORTH WEST REGION,RURAL_VICTORIA,-37.61139,144.83974,3063,Organ Pipes National Park
1274,T20130003670,20/02/13,20.55.00,3,Struck animal,4,Wednesday,167,STRUCK ANIMAL                        ,VCS,9,42,G,7,5,Dark No street lights,1,1,1,0,0,0,2,5,Not at intersection,2,100,268209,N,2351386.577,2513693.647,NORTHERN GRAMPIANS,WESTERN REGION,RURAL_VICTORIA,-36.86486,143.33302,3477,Kara Kara National Park
1275,T20130004091,06/05/12,23.00.00,3,Struck animal,1,Sunday,167,STRUCK ANIMAL                        ,VCS,9,76,G,5,5,Dark No street lights,1,1,0,1,0,0,2,5,Not at intersection,3,100,273083,N,2401091.043,2421876.949,BALLARAT,WESTERN REGION,RURAL_VICTORIA,-37.69875,143.87835,3352,Brisbane Ranges National Park
1276,T20130004231,27/02/13,15.14.00,3,Struck animal,4,Wednesday,167,STRUCK ANIMAL                        ,VCS,9,414,H,9,1,Day,1,2,0,2,0,0,2,5,Not at intersection,3,60,268279,N,2453827.608,2457842.336,MACEDON RANGES,NORTHERN REGION,RURAL_VICTORIA,-37.37878,144.47861,3442,Organ Pipes National Park
1277,T20130004542,03/03/13,09.20.00,3,Struck animal,1,Sunday,167,STRUCK ANIMAL                        ,MEL,40,23,G,5,1,Day,1,1,0,1,0,0,1,5,Not at intersection,3,60,268313,N,2519865.243,2420606.069,NILLUMBIK,METROPOLITAN NORTH WEST REGION,RURAL_VICTORIA,-37.71524,145.22532,3097,Dandenong Ranges National Park
1278,T20130004578,03/03/13,20.30.00,3,Struck animal,1,Sunday,167,STRUCK ANIMAL                        ,MEL,40,331,G,1,5,Dark No street lights,1,1,1,0,0,0,1,5,Not at intersection,2,100,258842,N,2465271.617,2432153.819,MELTON,METROPOLITAN NORTH WEST REGION,RURAL_VICTORIA,-37.61075,144.60664,3337,Organ Pipes National Park
1279,T20130004598,25/02/13,22.30.00,3,Struck animal,2,Monday,167,STRUCK ANIMAL                        ,VCS,9,49,G,5,5,Dark No street lights,1,1,0,1,0,0,2,5,Not at intersection,3,100,268322,N,2668084.556,2532450.333,ALPINE,NORTH EASTERN REGION,RURAL_VICTORIA,-36.69258,146.88118,3740,Mount Buffalo National Park
1280,T20130004770,05/03/13,23.20.00,3,Struck animal,3,Tuesday,167,STRUCK ANIMAL                        ,VCS,9,34,H,4,5,Dark No street lights,1,1,0,1,0,0,1,5,Not at intersection,3,100,268331,N,2625614.663,2595314.437,INDIGO,NORTH EASTERN REGION,RURAL_VICTORIA,-36.13268,146.39563,3682,Warby-Ovens National Park
1281,T20130005065,03/03/13,22.30.00,3,Struck animal,1,Sunday,167,STRUCK ANIMAL                        ,VCS,9,44,E,9,5,Dark No street lights,1,1,0,1,0,0,2,5,Not at intersection,3,100,259242,N,2433171.712,2503015.266,MOUNT ALEXANDER,NORTHERN REGION,RURAL_VICTORIA,-36.97045,144.24939,3453,Greater Bendigo National Park
1282,T20130005241,12/03/13,06.50.00,3,Struck animal,3,Tuesday,167,STRUCK ANIMAL                        ,VCS,9,415,C,3,2,Dusk/Dawn,1,1,1,0,0,0,1,5,Not at intersection,2,100,258891,N,2465156.876,2468958.261,MACEDON RANGES,NORTHERN REGION,RURAL_VICTORIA,-37.2791,144.60706,3442,Organ Pipes National Park
1283,T20130005623,16/03/13,18.05.00,3,Struck animal,7,Saturday,167,STRUCK ANIMAL                        ,VCS,9,57,D,7,2,Dusk/Dawn,1,3,0,1,0,2,1,5,Not at intersection,3,100,268433,N,2334750.842,2459819.807,ARARAT,WESTERN REGION,RURAL_VICTORIA,-37.34751,143.13462,3375,Kara Kara National Park
1284,T20130005873,19/03/13,20.15.00,3,Struck animal,3,Tuesday,167,STRUCK ANIMAL                        ,VCS,9,427,D,5,5,Dark No street lights,2,3,1,2,0,0,1,5,Not at intersection,2,80,259045,N,2502572.501,2440539.921,WHITTLESEA,METROPOLITAN NORTH WEST REGION,RURAL_VICTORIA,-37.53583,145.02911,3751,Kinglake National Park
1285,T20130005906,20/03/13,12.01.00,3,Struck animal,4,Wednesday,167,STRUCK ANIMAL                        ,VCS,9,3,C,7,9,Unknown,1,1,0,1,0,0,2,5,Not at intersection,3,999,260993,N,2230063.776,2792674.03,MILDURA,WESTERN REGION,RURAL_VICTORIA,-34.32528,142.06915,3501,Hattah - Kulkyne National Park
1286,T20130006114,22/03/13,23.48.00,3,Struck animal,6,Friday,167,STRUCK ANIMAL                        ,MEL,40,139,K,9,5,Dark No street lights,1,1,1,0,0,0,1,5,Not at intersection,2,100,268484,N,2532864.737,2370136.156,CASEY,METROPOLITAN SOUTH EAST REGION,RURAL_VICTORIA,-38.16958,145.37502,3980,French Island National Park
1287,T20130006187,22/03/13,23.15.00,3,Struck animal,6,Friday,167,STRUCK ANIMAL                        ,VCS,9,32,G,7,5,Dark No street lights,2,2,0,1,0,1,1,5,Not at intersection,3,100,268492,N,2528405.024,2573740.327,SHEPPARTON,NORTH EASTERN REGION,RURAL_VICTORIA,-36.33499,145.31641,3629,Lower Goulburn National Park
1288,T20130006368,13/07/11,23.00.00,3,Struck animal,4,Wednesday,167,STRUCK ANIMAL                        ,VCS,9,45,B,7,2,Dusk/Dawn,1,1,0,1,0,0,2,5,Not at intersection,3,100,261290,N,2464726.11,2517435.187,BENDIGO,NORTHERN REGION,RURAL_VICTORIA,-36.84221,144.60447,3523,Greater Bendigo National Park
1289,T20130006801,28/02/13,17.00.00,3,Struck animal,5,Thursday,167,STRUCK ANIMAL                        ,VCS,9,98,A,6,1,Day,1,1,0,1,0,0,2,5,Not at intersection,3,999,268557,N,2634066.926,2358777.828,LATROBE,EASTERN REGION,RURAL_VICTORIA,-38.26276,146.5318,3844,Morwell National Park
1290,T20130006935,25/03/13,21.30.00,3,Struck animal,2,Monday,167,STRUCK ANIMAL                        ,VCS,9,62,F,2,5,Dark No street lights,1,1,1,0,0,0,2,2,T intersection,2,60,225221,I,2577260.572,2496410.652,MANSFIELD,NORTH EASTERN REGION,RURAL_VICTORIA,-37.02917,145.86846,3720,Lake Eildon National Park
1291,T20130007182,07/04/13,11.59.00,3,Struck animal,1,Sunday,167,STRUCK ANIMAL                        ,VCS,9,48,G,6,1,Day,1,1,0,1,0,0,1,5,Not at intersection,3,100,268597,N,2621324.007,2524261.557,WANGARATTA,NORTH EASTERN REGION,RURAL_VICTORIA,-36.77354,146.35923,3678,Mount Buffalo National Park
1292,T20130007208,07/04/13,17.25.00,3,Struck animal,1,Sunday,167,STRUCK ANIMAL                        ,VCS,9,552,E,5,2,Dusk/Dawn,1,2,0,1,0,1,1,5,Not at intersection,3,60,268604,N,2279745.291,2481187.12,NORTHERN GRAMPIANS,WESTERN REGION,SMALL_TOWNS,-37.14369,142.52023,3381,Grampians National Park
1293,T20130008079,18/04/13,04.30.00,3,Struck animal,5,Thursday,167,STRUCK ANIMAL                        ,MEL,40,319,G,6,5,Dark No street lights,1,1,0,1,0,0,2,5,Not at intersection,3,100,268688,N,2551125.641,2381048.427,CARDINIA,METROPOLITAN SOUTH EAST REGION,RURAL_VICTORIA,-38.07045,145.58263,3812,Dandenong Ranges National Park
1294,T20130008225,21/04/13,05.45.00,3,Struck animal,1,Sunday,167,STRUCK ANIMAL                        ,MEL,40,334,C,4,5,Dark No street lights,1,2,1,1,0,0,1,5,Not at intersection,2,110,259858,N,2451913.538,2425899.148,MOORABOOL,WESTERN REGION,RURAL_VICTORIA,-37.66652,144.45493,3340,Brisbane Ranges National Park
1295,T20130008260,20/04/13,23.45.00,3,Struck animal,7,Saturday,167,STRUCK ANIMAL                        ,VCS,9,429,C,3,5,Dark No street lights,1,1,1,0,0,0,1,5,Not at intersection,2,100,268712,N,2537047.077,2444767.873,MURRINDINDI,NORTH EASTERN REGION,RURAL_VICTORIA,-37.497,145.419,3763,Kinglake National Park
1296,T20130008279,20/04/13,11.45.00,3,Struck animal,7,Saturday,167,STRUCK ANIMAL                        ,VCS,9,63,G,4,1,Day,1,1,1,0,0,0,1,5,Not at intersection,2,999,268715,N,2619272.375,2478794.538,MANSFIELD,NORTH EASTERN REGION,RURAL_VICTORIA,-37.18352,146.34344,3723,Lake Eildon National Park
1297,T20130008347,23/04/13,01.25.00,3,Struck animal,3,Tuesday,167,STRUCK ANIMAL                        ,VCS,9,46,E,3,5,Dark No street lights,1,1,1,0,0,0,1,1,Cross intersection,2,100,268730,I,2520159.936,2544827.757,SHEPPARTON,NORTH EASTERN REGION,RURAL_VICTORIA,-36.59578,145.22533,3610,Heathcote-Graytown National Park
1298,T20130008377,02/04/13,07.15.00,3,Struck animal,3,Tuesday,167,STRUCK ANIMAL                        ,VCS,9,93,F,7,1,Day,1,1,0,1,0,0,1,5,Not at intersection,3,80,260613,N,2436391.366,2349145.941,SURF COAST,SOUTH WESTERN REGION,RURAL_VICTORIA,-38.35705,144.27234,3228,Point Nepean National Park
1299,T20130008823,15/04/13,05.40.00,3,Struck animal,2,Monday,167,STRUCK ANIMAL                        ,MEL,40,646,E,12,5,Dark No street lights,1,2,0,1,0,1,2,5,Not at intersection,3,110,268790,N,2499443.283,2453464.282,MITCHELL,NORTHERN REGION,RURAL_VICTORIA,-37.41937,144.99371,3756,Kinglake National Park
1300,T20130008832,28/04/13,03.45.00,3,Struck animal,1,Sunday,167,STRUCK ANIMAL                        ,VCS,9,76,G,7,5,Dark No street lights,1,1,0,1,0,0,2,5,Not at intersection,3,100,268792,N,2402090.275,2407771.637,GOLDEN PLAINS,SOUTH WESTERN REGION,RURAL_VICTORIA,-37.82594,143.88781,3352,Brisbane Ranges National Park
1301,T20130008844,27/04/13,14.00.00,3,Struck animal,7,Saturday,167,STRUCK ANIMAL                        ,MEL,40,185,E,2,1,Day,1,2,0,2,0,0,2,5,Not at intersection,3,999,259961,N,2515343.064,2431635.935,NILLUMBIK,METROPOLITAN NORTH WEST REGION,RURAL_VICTORIA,-37.61594,145.1738,3754,Kinglake National Park
1302,T20130008952,29/04/13,18.30.00,3,Struck animal,2,Monday,167,STRUCK ANIMAL                        ,VCS,9,76,G,4,5,Dark No street lights,1,1,1,0,0,0,2,5,Not at intersection,2,80,268806,N,2403203.193,2426841.472,BALLARAT,WESTERN REGION,RURAL_VICTORIA,-37.65424,143.90295,3357,Brisbane Ranges National Park
1303,T20130009047,02/05/13,06.50.00,3,Struck animal,5,Thursday,167,STRUCK ANIMAL                        ,VCS,9,72,H,5,2,Dusk/Dawn,1,1,1,0,0,0,1,1,Cross intersection,2,100,268822,I,2231716.094,2419422.567,SOUTHERN GRAMPIANS,SOUTH WESTERN REGION,RURAL_VICTORIA,-37.68749,141.9576,3301,Mount Eccles National Park
1304,T20130009409,07/05/13,06.40.00,3,Struck animal,3,Tuesday,167,STRUCK ANIMAL                        ,VCS,9,552,J,2,2,Dusk/Dawn,1,1,1,0,0,0,1,5,Not at intersection,2,100,268867,N,2281428.832,2482942.795,NORTHERN GRAMPIANS,WESTERN REGION,RURAL_VICTORIA,-37.12827,142.53969,3381,Grampians National Park
1305,T20130009708,10/05/13,04.45.00,3,Struck animal,6,Friday,167,STRUCK ANIMAL                        ,VCS,9,102,C,2,5,Dark No street lights,1,3,2,0,0,1,2,5,Not at intersection,2,100,268914,N,2551717.179,2327951.997,BASS COAST,EASTERN REGION,RURAL_VICTORIA,-38.54869,145.59314,3992,French Island National Park
1306,T20130009815,11/05/13,19.45.00,3,Struck animal,7,Saturday,167,STRUCK ANIMAL                        ,VCS,9,42,F,3,5,Dark No street lights,1,2,0,1,0,1,1,5,Not at intersection,3,100,268931,N,2346183.377,2540616.639,NORTHERN GRAMPIANS,WESTERN REGION,RURAL_VICTORIA,-36.62142,143.28012,3477,Kara Kara National Park
1307,T20130010150,15/05/13,23.00.00,3,Struck animal,4,Wednesday,167,STRUCK ANIMAL                        ,MEL,40,353,J,2,5,Dark No street lights,1,1,1,0,0,0,1,1,Cross intersection,2,100,55844,I,2473771.03,2426902.375,MELTON,METROPOLITAN NORTH WEST REGION,RURAL_VICTORIA,-37.65835,144.70272,3427,Organ Pipes National Park
1308,T20130010381,18/05/13,18.00.00,3,Struck animal,7,Saturday,167,STRUCK ANIMAL                        ,VCS,9,34,F,3,5,Dark No street lights,1,2,0,1,0,1,1,5,Not at intersection,3,100,268996,N,2614853.133,2601621.774,INDIGO,NORTH EASTERN REGION,RURAL_VICTORIA,-36.0772,146.27514,3685,Warby-Ovens National Park
1309,T20130010440,19/05/13,12.30.00,3,Struck animal,1,Sunday,167,STRUCK ANIMAL                        ,VCS,9,87,D,3,1,Day,1,1,0,1,0,0,1,5,Not at intersection,3,100,269001,N,2165549.23,2374727.878,GLENELG,SOUTH WESTERN REGION,RURAL_VICTORIA,-38.06846,141.18769,3292,Lower Glenelg National Park
1310,T20130010473,20/05/13,06.40.00,3,Struck animal,2,Monday,167,STRUCK ANIMAL                        ,VCS,9,47,G,3,2,Dusk/Dawn,1,1,1,0,0,0,1,5,Not at intersection,2,100,269004,N,2579789.009,2546270.001,BENALLA,NORTH EASTERN REGION,RURAL_VICTORIA,-36.57963,145.89163,3670,Warby-Ovens National Park
1311,T20130010608,22/05/13,06.55.00,3,Struck animal,4,Wednesday,167,STRUCK ANIMAL                        ,VCS,9,57,G,5,5,Dark No street lights,1,1,0,1,0,0,1,5,Not at intersection,3,100,269024,N,2355638.712,2477401.178,PYRENEES,WESTERN REGION,RURAL_VICTORIA,-37.19255,143.37375,3468,Kara Kara National Park
1312,T20130010638,26/03/13,17.00.00,3,Struck animal,3,Tuesday,167,STRUCK ANIMAL                        ,MEL,40,291,A,11,9,Unknown,1,1,0,1,0,0,2,5,Not at intersection,3,999,269027,N,2564284.762,2416513.291,YARRA RANGES,METROPOLITAN SOUTH EAST REGION,SMALL_TOWNS,-37.75011,145.72949,3799,Yarra Ranges National Park
1313,T20130010725,21/05/13,08.20.00,3,Struck animal,3,Tuesday,167,STRUCK ANIMAL                        ,VCS,9,93,F,7,1,Day,1,1,0,1,0,0,2,2,T intersection,3,80,260728,I,2435070.734,2349953.718,SURF COAST,SOUTH WESTERN REGION,RURAL_VICTORIA,-38.34968,144.2573,3228,Point Nepean National Park
1314,T20130010785,23/05/13,19.45.00,3,Struck animal,5,Thursday,167,STRUCK ANIMAL                        ,VCS,9,31,D,4,5,Dark No street lights,1,1,0,1,0,0,2,5,Not at intersection,3,100,269044,N,2474355.86,2590686.473,CAMPASPE,NORTHERN REGION,RURAL_VICTORIA,-36.18234,144.71491,3564,Greater Bendigo National Park
1315,T20130010870,25/05/13,06.50.00,3,Struck animal,7,Saturday,167,STRUCK ANIMAL                        ,VCS,9,21,E,6,2,Dusk/Dawn,1,1,1,0,0,0,1,2,T intersection,2,100,19627,I,2428144.173,2633781.557,GANNAWARRA,NORTHERN REGION,RURAL_VICTORIA,-35.7916,144.20518,3568,Gunbower National Park
1316,T20130010999,27/05/13,23.26.00,3,Struck animal,2,Monday,167,STRUCK ANIMAL                        ,VCS,9,84,C,7,5,Dark No street lights,1,1,0,1,0,0,1,5,Not at intersection,3,100,269072,N,2732854.956,2402387.906,EAST GIPPSLAND,EASTERN REGION,RURAL_VICTORIA,-37.85044,147.64621,3875,The Lakes National Park
1317,T20130011356,29/05/13,20.50.00,3,Struck animal,4,Wednesday,167,STRUCK ANIMAL                        ,MEL,40,287,J,6,3,Dark Street lights on,1,4,0,1,0,3,1,5,Not at intersection,3,80,269115,N,2551850.022,2413758.747,YARRA RANGES,METROPOLITAN SOUTH EAST REGION,RURAL_VICTORIA,-37.7757,145.58858,3139,Dandenong Ranges National Park
1318,T20130011423,24/03/13,00.59.00,3,Struck animal,0,Sunday,167,STRUCK ANIMAL                        ,MEL,43,385,J,7,5,Dark No street lights,1,3,0,1,0,2,1,1,Cross intersection,3,80,330623,I,2489375.195,2434538.389,HUME,METROPOLITAN NORTH WEST REGION,RURAL_VICTORIA,-37.58985,144.87969,3064,Organ Pipes National Park