,ACCIDENT_NO,ACCIDENT_DATE,ACCIDENT_TIME,ACCIDENT_TYPE,ACCIDENT_TYPE_DESC,DAY_OF_WEEK,DAY_WEEK_DESC,DCA_CODE,DCA_DESC,DIRECTORY,EDITION,PAGE,GRID_REFERENCE_X,GRID_REFERENCE_Y,LIGHT_CONDITION,LIGHT_CONDITION_DESC,NO_OF_VEHICLES,NO_PERSONS,NO_PERSONS_INJ_2,NO_PERSONS_INJ_3,NO_PERSONS_KILLED,NO_PERSONS_NOT_INJ,POLICE_ATTEND,ROAD_GEOMETRY,ROAD_GEOMETRY_DESC,SEVERITY,SPEED_ZONE,NODE_ID,NODE_TYPE,AMG_X,AMG_Y,LG_AREA_NAME,REGION_NAME,DEG_URBAN_NAME,LATITUDE,LONGITUDE,POSTCODE,NEAREST_NATIONAL_PARK_NAME
1319,T20130011938,09/06/13,02.40.00,3,Struck animal,1,Sunday,167,STRUCK ANIMAL                        ,MEL,40,658,K,11,5,Dark No street lights,1,1,1,0,0,0,1,5,Not at intersection,2,100,261387,N,2466406.667,2447330.37,MACEDON RANGES,NORTHERN REGION,RURAL_VICTORIA,-37.47404,144.62018,3438,Organ Pipes National Park
1320,T20130012017,10/06/13,10.00.00,3,Struck animal,1,Monday,167,STRUCK ANIMAL                        ,VCS,9,35,E,7,1,Day,1,1,1,0,0,0,2,5,Not at intersection,2,100,331507,N,2657892.91,2571180.868,INDIGO,NORTH EASTERN REGION,RURAL_VICTORIA,-36.34534,146.75913,3747,Chiltern-Mt Pilot National Park
1321,T20130012082,22/05/13,00.30.00,3,Struck animal,4,Wednesday,167,STRUCK ANIMAL                        ,MEL,40,388,F,11,5,Dark No street lights,1,1,0,1,0,0,2,5,Not at intersection,3,100,269215,N,2499959.387,2432809.67,WHITTLESEA,METROPOLITAN NORTH WEST REGION,RURAL_VICTORIA,-37.60549,144.99954,3750,Organ Pipes National Park
1322,T20130013189,25/06/13,00.50.00,3,Struck animal,3,Tuesday,167,STRUCK ANIMAL                        ,VCS,9,424,J,4,5,Dark No street lights,1,1,0,1,0,0,1,2,T intersection,3,100,261363,I,2455797.456,2444823.539,MACEDON RANGES,NORTHERN REGION,RURAL_VICTORIA,-37.49619,144.50008,3437,Organ Pipes National Park
1323,T20130013347,18/06/13,12.30.00,3,Struck animal,3,Tuesday,167,STRUCK ANIMAL                        ,VCS,9,44,E,7,1,Day,1,1,0,1,0,0,2,5,Not at intersection,3,100,261417,N,2430841.479,2515456.58,BENDIGO,NORTHERN REGION,RURAL_VICTORIA,-36.85816,144.22435,3453,Greater Bendigo National Park
1324,T20130013577,30/06/13,14.30.00,3,Struck animal,1,Sunday,167,STRUCK ANIMAL                        ,VCS,9,44,G,3,1,Day,1,1,1,0,0,0,1,5,Not at intersection,2,100,269416,N,2440746.581,2548192.779,BENDIGO,NORTHERN REGION,RURAL_VICTORIA,-36.56381,144.33799,3551,Greater Bendigo National Park
1325,T20130013621,01/07/13,04.45.00,3,Struck animal,2,Monday,167,STRUCK ANIMAL                        ,VCS,9,44,D,6,5,Dark No street lights,1,1,0,1,0,0,1,5,Not at intersection,3,100,261715,N,2426894.2,2520974.972,BENDIGO,NORTHERN REGION,RURAL_VICTORIA,-36.80813,144.18062,3551,Greater Bendigo National Park
1326,T20130013773,03/07/13,06.10.00,3,Struck animal,4,Wednesday,167,STRUCK ANIMAL                        ,VCS,9,97,G,4,5,Dark No street lights,1,1,0,1,0,0,1,5,Not at intersection,3,100,261665,N,2617965.588,2369012.577,LATROBE,EASTERN REGION,RURAL_VICTORIA,-38.17277,146.34621,3825,Morwell National Park
1327,T20130013806,22/06/13,19.00.00,3,Struck animal,7,Saturday,167,STRUCK ANIMAL                        ,VCS,9,594,C,8,5,Dark No street lights,1,1,0,1,0,0,2,5,Not at intersection,3,100,269427,N,2405067.771,2544268.006,LODDON,NORTHERN REGION,RURAL_VICTORIA,-36.59627,143.93891,3516,Greater Bendigo National Park
1328,T20130013983,05/07/13,15.50.00,3,Struck animal,6,Friday,167,STRUCK ANIMAL                        ,VCS,9,50,E,2,1,Day,1,1,0,1,0,0,1,5,Not at intersection,3,100,261673,N,2699511.887,2552647.445,TOWONG,NORTH EASTERN REGION,RURAL_VICTORIA,-36.50448,147.2275,3701,Mount Buffalo National Park
1329,T20130014115,08/07/13,07.22.00,3,Struck animal,2,Monday,167,STRUCK ANIMAL                        ,VCS,9,89,H,5,2,Dusk/Dawn,1,1,0,1,0,0,1,5,Not at intersection,3,100,261739,N,2274120.669,2362755.878,MOYNE,SOUTH WESTERN REGION,RURAL_VICTORIA,-38.20908,142.42082,3276,Mount Eccles National Park
1330,T20130014293,06/06/13,17.25.00,3,Struck animal,5,Thursday,167,STRUCK ANIMAL                        ,VCS,9,60,H,4,2,Dusk/Dawn,1,3,0,1,0,2,2,5,Not at intersection,3,100,269437,N,2499702.862,2479491.919,MITCHELL,NORTHERN REGION,RURAL_VICTORIA,-37.18482,144.99665,3658,Kinglake National Park
1331,T20130014835,16/07/13,21.21.00,3,Struck animal,3,Tuesday,167,STRUCK ANIMAL                        ,MEL,40,198,C,3,5,Dark No street lights,1,2,1,0,0,1,1,5,Not at intersection,2,80,262088,N,2475600.076,2397157.823,WYNDHAM,METROPOLITAN NORTH WEST REGION,RURAL_VICTORIA,-37.9264,144.72247,3030,Organ Pipes National Park
1332,T20130014838,17/07/13,19.10.00,3,Struck animal,4,Wednesday,167,STRUCK ANIMAL                        ,VCS,9,37,C,5,5,Dark No street lights,1,1,0,1,0,0,1,5,Not at intersection,3,100,262049,N,2739753.566,2582750.992,TOWONG,NORTH EASTERN REGION,RURAL_VICTORIA,-36.22394,147.66716,3691,Burrowa - Pine Mountain National Park
1333,T20130014874,18/07/13,21.55.00,3,Struck animal,5,Thursday,167,STRUCK ANIMAL                        ,VCS,9,89,G,4,5,Dark No street lights,1,1,0,1,0,0,2,5,Not at intersection,3,100,262366,N,2265996.752,2370083.161,MOYNE,SOUTH WESTERN REGION,RURAL_VICTORIA,-38.14108,142.33045,3287,Mount Eccles National Park
1334,T20130015138,15/09/12,19.00.00,3,Struck animal,7,Saturday,167,STRUCK ANIMAL                        ,MEL,40,108,G,2,5,Dark No street lights,1,1,0,1,0,0,2,2,T intersection,3,80,273132,N,2527863.09,2392583.965,CASEY,METROPOLITAN SOUTH EAST REGION,RURAL_VICTORIA,-37.96751,145.31709,3804,Churchill National Park
1335,T20130015245,24/07/13,05.30.00,3,Struck animal,4,Wednesday,167,STRUCK ANIMAL                        ,VCS,9,459,C,3,5,Dark No street lights,1,1,1,0,0,0,1,5,Not at intersection,2,100,262100,N,2534998.788,2373081.612,CASEY,METROPOLITAN SOUTH EAST REGION,SMALL_TOWNS,-38.14297,145.39923,3978,French Island National Park
1336,T20130015590,28/07/13,01.45.00,3,Struck animal,1,Sunday,167,STRUCK ANIMAL                        ,VCS,9,674,E,5,5,Dark No street lights,1,2,0,2,0,0,1,5,Not at intersection,3,100,262286,N,2530919.768,2564854.034,SHEPPARTON,NORTH EASTERN REGION,RURAL_VICTORIA,-36.415,145.34478,3629,Lower Goulburn National Park
1337,T20130016389,09/07/13,23.40.00,3,Struck animal,3,Tuesday,167,STRUCK ANIMAL                        ,VCS,9,84,D,7,5,Dark No street lights,1,2,0,1,0,1,1,5,Not at intersection,3,70,262559,N,2741979.128,2406005.67,EAST GIPPSLAND,EASTERN REGION,RURAL_VICTORIA,-37.81553,147.74866,3882,The Lakes National Park
1338,T20130016778,14/08/13,20.10.00,3,Struck animal,4,Wednesday,167,STRUCK ANIMAL                        ,MEL,40,389,J,9,5,Dark No street lights,1,1,1,0,0,0,1,5,Not at intersection,2,100,263129,N,2505238.162,2433807.146,WHITTLESEA,METROPOLITAN NORTH WEST REGION,RURAL_VICTORIA,-37.59649,145.05932,3754,Kinglake National Park
1339,T20130016984,17/08/13,00.25.00,3,Struck animal,7,Saturday,167,STRUCK ANIMAL                        ,VCS,9,32,E,4,5,Dark No street lights,1,1,1,0,0,0,1,5,Not at intersection,2,100,264974,N,2517125.467,2596012.891,MOIRA,NORTH EASTERN REGION,RURAL_VICTORIA,-36.13453,145.19027,3638,Lower Goulburn National Park
1340,T20130017100,18/08/13,13.45.00,3,Struck animal,1,Sunday,167,STRUCK ANIMAL                        ,VCS,9,82,C,3,1,Day,1,1,0,1,0,0,2,5,Not at intersection,3,999,262815,N,2644888.8,2432035.854,WELLINGTON,EASTERN REGION,RURAL_VICTORIA,-37.60121,146.641,3858,Baw Baw National Park
1341,T20130017222,20/08/13,19.05.00,3,Struck animal,3,Tuesday,167,STRUCK ANIMAL                        ,VCS,9,47,H,9,5,Dark No street lights,1,1,0,1,0,0,1,5,Not at intersection,3,100,263254,N,2588804.045,2503437.4,MANSFIELD,NORTH EASTERN REGION,RURAL_VICTORIA,-36.96483,145.99738,3723,Lake Eildon National Park
1342,T20130017315,11/05/13,05.45.00,3,Struck animal,6,Saturday,167,STRUCK ANIMAL                        ,VCS,9,97,G,6,2,Dusk/Dawn,2,2,0,1,0,1,2,5,Not at intersection,3,100,277428,N,2615571.444,2357283.421,LATROBE,EASTERN REGION,RURAL_VICTORIA,-38.27872,146.32075,3840,Morwell National Park
1343,T20130017388,09/07/13,06.40.00,3,Struck animal,3,Tuesday,167,STRUCK ANIMAL                        ,VCS,9,613,S,9,5,Dark No street lights,1,1,0,1,0,0,2,5,Not at intersection,3,100,262907,N,2435484.513,2519008.562,BENDIGO,NORTHERN REGION,RURAL_VICTORIA,-36.82648,144.27673,3551,Greater Bendigo National Park
1344,T20130017838,27/05/13,00.20.00,3,Struck animal,2,Monday,167,STRUCK ANIMAL                        ,MEL,40,211,K,3,5,Dark No street lights,1,1,0,1,0,0,2,5,Not at intersection,3,90,269481,N,2540668.318,2392229.675,CARDINIA,METROPOLITAN SOUTH EAST REGION,RURAL_VICTORIA,-37.97023,145.46284,3808,Dandenong Ranges National Park
1345,T20130018029,31/08/13,21.00.00,3,Struck animal,7,Saturday,167,STRUCK ANIMAL                        ,VCS,9,36,B,4,3,Dark Street lights on,1,1,1,0,0,0,1,5,Not at intersection,2,40,263220,N,2680411.083,2594261.504,WODONGA,NORTH EASTERN REGION,RURAL_VICTORIA,-36.13335,147.00453,3691,Chiltern-Mt Pilot National Park
1346,T20130018058,31/08/13,19.25.00,3,Struck animal,7,Saturday,167,STRUCK ANIMAL                        ,VCS,9,32,H,3,5,Dark No street lights,1,2,1,0,0,1,1,5,Not at intersection,2,100,263439,N,2538901.176,2603305.942,MOIRA,NORTH EASTERN REGION,RURAL_VICTORIA,-36.06816,145.43183,3636,Lower Goulburn National Park
1347,T20130018227,03/09/13,18.50.00,3,Struck animal,3,Tuesday,167,STRUCK ANIMAL                        ,VCS,9,84,G,5,5,Dark No street lights,2,4,0,1,0,3,1,5,Not at intersection,3,100,263177,N,2754074.121,2415766.039,EAST GIPPSLAND,EASTERN REGION,RURAL_VICTORIA,-37.7244,147.88261,3885,The Lakes National Park
1348,T20130018614,08/09/13,15.30.00,3,Struck animal,1,Sunday,167,STRUCK ANIMAL                        ,VCS,9,101,E,3,1,Day,1,1,0,1,0,0,2,5,Not at intersection,3,999,263543,N,2395655.512,2322288.12,COLAC OTWAY,SOUTH WESTERN REGION,RURAL_VICTORIA,-38.59524,143.80251,3249,Great Otway National Park
1349,T20130018772,11/09/13,21.05.00,3,Struck animal,4,Wednesday,167,STRUCK ANIMAL                        ,MEL,40,182,C,2,5,Dark No street lights,2,3,1,0,0,2,1,5,Not at intersection,2,80,263328,N,2502651.752,2431653.983,WHITTLESEA,METROPOLITAN NORTH WEST REGION,RURAL_VICTORIA,-37.6159,145.03004,3750,Kinglake National Park
1350,T20130018853,13/09/13,00.01.00,3,Struck animal,6,Friday,167,STRUCK ANIMAL                        ,VCS,9,35,F,7,5,Dark No street lights,1,1,0,1,0,0,1,5,Not at intersection,3,100,263490,N,2667578.098,2572981.496,INDIGO,NORTH EASTERN REGION,RURAL_VICTORIA,-36.32745,146.86662,3749,Chiltern-Mt Pilot National Park
1351,T20130019231,11/09/13,18.30.00,3,Struck animal,4,Wednesday,167,STRUCK ANIMAL                        ,VCS,9,45,A,6,5,Dark No street lights,1,1,0,1,0,0,2,5,Not at intersection,3,100,263506,N,2459216.268,2522831.176,BENDIGO,NORTHERN REGION,RURAL_VICTORIA,-36.79336,144.54298,3551,Greater Bendigo National Park
1352,T20130020064,29/09/13,18.45.00,3,Struck animal,1,Sunday,167,STRUCK ANIMAL                        ,VCS,9,427,D,2,5,Dark No street lights,1,1,1,0,0,0,1,5,Not at intersection,2,100,264850,N,2502108.575,2447360.857,WHITTLESEA,METROPOLITAN NORTH WEST REGION,RURAL_VICTORIA,-37.47437,145.02384,3753,Kinglake National Park
1353,T20130020143,22/09/13,15.00.00,3,Struck animal,1,Sunday,167,STRUCK ANIMAL                        ,MEL,40,289,G,4,1,Day,1,1,0,1,0,0,2,5,Not at intersection,3,80,264288,N,2559055.002,2416090.225,YARRA RANGES,METROPOLITAN SOUTH EAST REGION,RURAL_VICTORIA,-37.75427,145.67018,3799,Yarra Ranges National Park
1354,T20130020232,22/09/13,19.00.00,3,Struck animal,1,Sunday,167,STRUCK ANIMAL                        ,MEL,40,227,F,7,5,Dark No street lights,1,1,0,1,0,0,2,5,Not at intersection,3,100,264289,N,2465066.266,2410094.495,WYNDHAM,METROPOLITAN NORTH WEST REGION,RURAL_VICTORIA,-37.80951,144.60327,3024,Organ Pipes National Park
1355,T20130020366,03/10/13,01.00.00,3,Struck animal,5,Thursday,167,STRUCK ANIMAL                        ,VCS,9,91,E,6,5,Dark No street lights,1,1,0,1,0,0,2,5,Not at intersection,3,100,264443,N,2346879.706,2359467.797,CORANGAMITE,SOUTH WESTERN REGION,RURAL_VICTORIA,-38.25359,143.25069,3260,Port Campbell National Park
1356,T20130020967,09/09/13,19.10.00,3,Struck animal,2,Monday,167,STRUCK ANIMAL                        ,VCS,9,55,E,4,5,Dark No street lights,1,2,0,1,0,1,2,5,Not at intersection,3,100,264197,N,2253947.281,2475891.87,SOUTHERN GRAMPIANS,SOUTH WESTERN REGION,RURAL_VICTORIA,-37.18498,142.2282,3314,Grampians National Park
1357,T20130021144,13/10/13,00.30.00,3,Struck animal,1,Sunday,167,STRUCK ANIMAL                        ,VCS,9,73,H,3,5,Dark No street lights,1,2,0,2,0,0,1,5,Not at intersection,3,100,264641,N,2268939.803,2433120.626,ARARAT,WESTERN REGION,RURAL_VICTORIA,-37.57408,142.38377,3379,Grampians National Park
1358,T20130021235,21/09/13,02.50.00,3,Struck animal,7,Saturday,167,STRUCK ANIMAL                        ,MEL,40,358,A,2,5,Dark No street lights,1,1,1,0,0,0,2,5,Not at intersection,2,100,263879,N,2474655.832,2416912.827,MELTON,METROPOLITAN NORTH WEST REGION,RURAL_VICTORIA,-37.74838,144.71241,3335,Organ Pipes National Park
1359,T20130021274,15/10/13,06.30.00,3,Struck animal,3,Tuesday,167,STRUCK ANIMAL                        ,MEL,40,332,F,5,2,Dusk/Dawn,2,2,1,0,0,1,1,5,Not at intersection,2,100,263964,N,2468999.288,2430502.868,MELTON,METROPOLITAN NORTH WEST REGION,RURAL_VICTORIA,-37.62576,144.64879,3337,Organ Pipes National Park
1360,T20130021440,16/10/13,18.00.00,3,Struck animal,4,Wednesday,167,STRUCK ANIMAL                        ,VCS,9,68,B,8,1,Day,1,1,0,1,0,0,2,5,Not at intersection,3,100,264711,N,2821014.56,2451132.91,EAST GIPPSLAND,EASTERN REGION,RURAL_VICTORIA,-37.38528,148.62615,3888,Snowy River National Park
1361,T20130021585,18/10/13,21.10.00,3,Struck animal,6,Friday,167,STRUCK ANIMAL                        ,VCS,9,97,G,5,5,Dark No street lights,1,3,0,1,0,2,1,5,Not at intersection,3,110,264735,N,2615646.617,2364999.622,LATROBE,EASTERN REGION,RURAL_VICTORIA,-38.20921,146.32038,3825,Morwell National Park
1362,T20130021732,19/10/13,13.30.00,3,Struck animal,7,Saturday,167,STRUCK ANIMAL                        ,VCS,9,34,E,3,1,Day,1,1,1,0,0,0,2,5,Not at intersection,2,999,264129,N,2607152.613,2601582.474,MOIRA,NORTH EASTERN REGION,RURAL_VICTORIA,-36.07845,146.18966,3730,Warby-Ovens National Park
1363,T20130022046,11/09/13,17.30.00,3,Struck animal,4,Wednesday,167,STRUCK ANIMAL                        ,VCS,9,61,G,3,2,Dusk/Dawn,1,1,1,0,0,0,2,5,Not at intersection,2,999,264105,N,2532152.93,2492865.857,MITCHELL,NORTHERN REGION,RURAL_VICTORIA,-37.06374,145.36158,3660,Kinglake National Park
1364,T20130022242,08/03/13,19.05.00,3,Struck animal,6,Friday,167,STRUCK ANIMAL                        ,MEL,40,153,J,9,2,Dusk/Dawn,1,1,0,1,0,0,1,5,Not at intersection,3,90,107277,N,2512737.382,2355802.905,MORNINGTON PENINSULA,METROPOLITAN SOUTH EAST REGION,RURAL_VICTORIA,-38.29919,145.1456,3915,French Island National Park
1365,T20130022317,12/09/13,22.30.00,3,Struck animal,5,Thursday,167,STRUCK ANIMAL                        ,VCS,9,424,G,6,5,Dark No street lights,1,1,0,1,0,0,2,4,Multiple intersection,3,100,264246,N,2452882.529,2439107.617,MOORABOOL,WESTERN REGION,RURAL_VICTORIA,-37.54755,144.46675,3340,Organ Pipes National Park
1366,T20130022353,29/10/13,05.45.00,3,Struck animal,3,Tuesday,167,STRUCK ANIMAL                        ,VCS,9,97,B,3,2,Dusk/Dawn,1,1,0,1,0,0,1,5,Not at intersection,3,100,265049,N,2591031.271,2377673.625,BAW BAW,EASTERN REGION,RURAL_VICTORIA,-38.09779,146.03779,3821,Baw Baw National Park
1367,T20130022817,05/11/13,10.36.00,3,Struck animal,3,Tuesday,167,STRUCK ANIMAL                        ,VCS,9,7,F,4,1,Day,1,1,0,1,0,0,1,2,T intersection,3,100,272691,N,2301339.409,2757776.504,SWAN HILL,NORTHERN REGION,RURAL_VICTORIA,-34.65669,142.83409,3549,Hattah - Kulkyne National Park
1368,T20130022949,06/11/13,20.30.00,3,Struck animal,4,Wednesday,167,STRUCK ANIMAL                        ,VCS,9,419,A,5,5,Dark No street lights,1,2,2,0,0,0,1,2,T intersection,2,100,264355,I,2531839.432,2464978.407,MURRINDINDI,NORTH EASTERN REGION,RURAL_VICTORIA,-37.31507,145.35924,3717,Kinglake National Park
1369,T20130023035,08/11/13,05.30.00,3,Struck animal,6,Friday,167,STRUCK ANIMAL                        ,VCS,9,59,E,2,2,Dusk/Dawn,1,1,1,0,0,0,1,5,Not at intersection,2,100,264395,N,2432571.755,2498050.974,MOUNT ALEXANDER,NORTHERN REGION,RURAL_VICTORIA,-37.01515,144.24221,3451,Greater Bendigo National Park
1370,T20130023247,10/11/13,11.59.00,3,Struck animal,0,Sunday,167,STRUCK ANIMAL                        ,VCS,9,427,D,4,9,Unknown,3,4,1,1,0,2,2,5,Not at intersection,2,100,279293,N,2502403.79,2442400.009,WHITTLESEA,METROPOLITAN NORTH WEST REGION,RURAL_VICTORIA,-37.51907,145.02719,3753,Kinglake National Park
1371,T20130023342,12/11/13,08.10.00,3,Struck animal,3,Tuesday,167,STRUCK ANIMAL                        ,MEL,40,685,J,4,1,Day,1,1,0,1,0,0,1,5,Not at intersection,3,110,265340,N,2497343.035,2446636.974,MITCHELL,NORTHERN REGION,RURAL_VICTORIA,-37.48089,144.96996,3753,Kinglake National Park
1372,T20130023723,16/11/13,03.35.00,3,Struck animal,7,Saturday,167,STRUCK ANIMAL                        ,VCS,9,82,E,9,5,Dark No street lights,1,2,0,1,0,1,1,5,Not at intersection,3,100,264773,N,2658306.832,2389665.464,WELLINGTON,EASTERN REGION,RURAL_VICTORIA,-37.98072,146.80202,3858,Baw Baw National Park
1373,T20130023784,15/11/13,22.05.00,3,Struck animal,6,Friday,167,STRUCK ANIMAL                        ,VCS,9,415,J,2,5,Dark No street lights,1,3,0,1,0,2,1,5,Not at intersection,3,100,265413,N,2476624.534,2470978.346,MACEDON RANGES,NORTHERN REGION,RURAL_VICTORIA,-37.26125,144.73645,3435,Organ Pipes National Park
1374,T20130023867,18/11/13,06.05.00,3,Struck animal,2,Monday,167,STRUCK ANIMAL                        ,VCS,9,92,F,7,2,Dusk/Dawn,1,1,0,1,0,0,1,5,Not at intersection,3,100,265462,N,2399452.1,2351963.765,COLAC OTWAY,SOUTH WESTERN REGION,RURAL_VICTORIA,-38.32839,143.85019,3242,Great Otway National Park
1375,T20130024439,27/11/13,04.30.00,3,Struck animal,4,Wednesday,167,STRUCK ANIMAL                        ,VCS,9,98,H,2,5,Dark No street lights,1,1,0,1,0,0,1,5,Not at intersection,3,100,265806,N,2670982.469,2382024.285,WELLINGTON,EASTERN REGION,RURAL_VICTORIA,-38.0473,146.94805,3858,Tarra-Bulga National Park
1376,T20130024867,02/12/13,16.15.00,3,Struck animal,2,Monday,167,STRUCK ANIMAL                        ,VCS,9,87,J,7,1,Day,1,1,1,0,0,0,1,5,Not at intersection,2,100,266019,N,2193702.845,2344913.827,GLENELG,SOUTH WESTERN REGION,RURAL_VICTORIA,-38.34658,141.4958,3305,Mount Richmond National Park
1377,T20130025394,05/12/12,07.30.00,3,Struck animal,4,Wednesday,167,STRUCK ANIMAL                        ,VCS,9,443,G,2,2,Dusk/Dawn,1,1,0,1,0,0,2,5,Not at intersection,3,80,269639,N,2434491.594,2400657.652,GEELONG,SOUTH WESTERN REGION,RURAL_VICTORIA,-37.89288,144.25522,3213,Brisbane Ranges National Park
1378,T20130025593,07/12/13,18.00.00,3,Struck animal,7,Saturday,167,STRUCK ANIMAL                        ,VCS,9,66,A,4,1,Day,1,1,1,0,0,0,2,2,T intersection,2,80,265284,I,2724263.569,2482459.205,EAST GIPPSLAND,EASTERN REGION,RURAL_VICTORIA,-37.13128,147.5245,3898,Alpine National Park
1379,T20130025659,06/12/13,00.30.00,3,Struck animal,6,Friday,167,STRUCK ANIMAL                        ,VCS,9,42,F,9,5,Dark No street lights,1,2,0,1,0,1,2,2,T intersection,3,100,265965,I,2349392.656,2500994.407,PYRENEES,WESTERN REGION,RURAL_VICTORIA,-36.97898,143.30812,3478,Kara Kara National Park
1380,T20130026120,19/12/13,07.00.00,3,Struck animal,5,Thursday,167,STRUCK ANIMAL                        ,MEL,40,385,D,6,1,Day,1,1,1,0,0,0,1,5,Not at intersection,2,100,265506,N,2487560.215,2434815.141,HUME,METROPOLITAN NORTH WEST REGION,RURAL_VICTORIA,-37.58734,144.85914,3063,Organ Pipes National Park
1381,T20130026418,23/12/13,03.56.00,3,Struck animal,2,Monday,167,STRUCK ANIMAL                        ,VCS,9,48,B,7,5,Dark No street lights,1,1,0,1,0,0,1,5,Not at intersection,3,100,266342,N,2589916.361,2519092.714,BENALLA,NORTH EASTERN REGION,RURAL_VICTORIA,-36.82364,146.00801,3673,Lake Eildon National Park
1382,T20130026506,24/12/13,08.20.00,3,Struck animal,3,Tuesday,167,STRUCK ANIMAL                        ,VCS,9,96,C,9,1,Day,1,1,1,0,0,0,1,5,Not at intersection,2,100,265650,N,2556447.87,2338415.218,BASS COAST,EASTERN REGION,RURAL_VICTORIA,-38.45417,145.64658,3945,French Island National Park
1383,T20130026688,26/12/13,22.30.00,3,Struck animal,5,Thursday,167,STRUCK ANIMAL                        ,VCS,9,98,D,6,5,Dark No street lights,1,1,0,1,0,0,1,5,Not at intersection,3,100,266393,N,2648880.707,2355032.994,WELLINGTON,EASTERN REGION,RURAL_VICTORIA,-38.29423,146.70179,3873,Tarra-Bulga National Park
1384,T20130026871,22/12/13,06.00.00,3,Struck animal,1,Sunday,167,STRUCK ANIMAL                        ,VCS,9,35,F,9,9,Unknown,1,1,0,1,0,0,2,5,Not at intersection,3,100,266935,N,2664323.517,2554612.297,ALPINE,NORTH EASTERN REGION,RURAL_VICTORIA,-36.49354,146.83432,3737,Mount Buffalo National Park
1385,T20140000273,04/01/14,13.00.00,3,Struck animal,7,Saturday,167,STRUCK ANIMAL                        ,VCS,9,98,F,6,1,Day,1,1,0,1,0,0,2,5,Not at intersection,3,100,267061,N,2661462.465,2356684.637,WELLINGTON,EASTERN REGION,RURAL_VICTORIA,-38.27724,146.84521,3847,Tarra-Bulga National Park
1386,T20140000371,15/12/13,19.00.00,3,Struck animal,1,Sunday,167,STRUCK ANIMAL                        ,VCS,9,57,G,8,1,Day,1,3,2,0,0,1,2,5,Not at intersection,2,100,265830,N,2353929.721,2451694.613,PYRENEES,WESTERN REGION,RURAL_VICTORIA,-37.42391,143.34948,3373,Kara Kara National Park
1387,T20140000387,05/12/13,05.00.00,3,Struck animal,5,Thursday,167,STRUCK ANIMAL                        ,VCS,9,57,G,8,2,Dusk/Dawn,1,1,0,1,0,0,2,5,Not at intersection,3,100,267677,N,2354585.901,2451512.263,PYRENEES,WESTERN REGION,RURAL_VICTORIA,-37.42565,143.35686,3373,Kara Kara National Park
1388,T20140000761,12/01/14,18.50.00,3,Struck animal,1,Sunday,167,STRUCK ANIMAL                        ,VCS,9,57,F,6,1,Day,1,1,1,0,0,0,1,5,Not at intersection,2,100,270547,N,2349123.943,2468043.286,PYRENEES,WESTERN REGION,RURAL_VICTORIA,-37.27584,143.29849,3469,Kara Kara National Park
1389,T20140000782,15/12/13,09.00.00,3,Struck animal,1,Sunday,167,STRUCK ANIMAL                        ,VCS,9,97,F,7,1,Day,1,1,1,0,0,0,2,5,Not at intersection,2,60,265954,N,2611062.046,2348893.107,LATROBE,EASTERN REGION,RURAL_VICTORIA,-38.35484,146.2705,3871,Morwell National Park
1390,T20140001479,21/01/14,11.30.00,3,Struck animal,3,Tuesday,167,STRUCK ANIMAL                        ,VCS,9,98,F,6,1,Day,1,1,1,0,0,0,2,2,T intersection,2,100,266055,N,2661456.015,2356655.831,WELLINGTON,EASTERN REGION,RURAL_VICTORIA,-38.2775,146.84514,3847,Tarra-Bulga National Park
1391,T20140001488,27/03/13,06.45.00,3,Struck animal,4,Wednesday,167,STRUCK ANIMAL                        ,VCS,9,42,J,3,2,Dusk/Dawn,1,1,1,0,0,0,2,5,Not at intersection,2,100,266170,N,2365080.948,2540830.013,LODDON,NORTHERN REGION,RURAL_VICTORIA,-36.62239,143.49142,3475,Kara Kara National Park
1392,T20140001601,24/01/14,21.40.00,3,Struck animal,6,Friday,167,STRUCK ANIMAL                        ,VCS,9,32,E,7,5,Dark No street lights,1,4,0,1,0,3,1,5,Not at intersection,3,100,266938,N,2519903.738,2576133.563,SHEPPARTON,NORTH EASTERN REGION,RURAL_VICTORIA,-36.31364,145.22165,3629,Lower Goulburn National Park
1393,T20140001804,27/01/14,23.15.00,3,Struck animal,2,Monday,167,STRUCK ANIMAL                        ,VCS,9,415,J,5,5,Dark No street lights,1,1,1,0,0,0,1,5,Not at intersection,2,100,266095,N,2476987.336,2465004.92,MACEDON RANGES,NORTHERN REGION,RURAL_VICTORIA,-37.31509,144.74035,3434,Organ Pipes National Park
1394,T20140001832,17/07/13,05.45.00,3,Struck animal,4,Wednesday,167,STRUCK ANIMAL                        ,VCS,9,59,B,9,5,Dark No street lights,1,1,0,1,0,0,2,5,Not at intersection,3,100,266096,N,2413679.202,2445767.477,HEPBURN,WESTERN REGION,RURAL_VICTORIA,-37.48474,144.02387,3352,Brisbane Ranges National Park
1395,T20140001896,27/01/14,21.20.00,3,Struck animal,2,Monday,167,STRUCK ANIMAL                        ,VCS,9,2,H,5,5,Dark No street lights,1,1,1,0,0,0,1,5,Not at intersection,2,80,266134,N,2222942.26,2807735.617,MILDURA,WESTERN REGION,RURAL_VICTORIA,-34.1877,141.99703,3505,Hattah - Kulkyne National Park