,ACCIDENT_NO,ACCIDENT_DATE,ACCIDENT_TIME,ACCIDENT_TYPE,ACCIDENT_TYPE_DESC,DAY_OF_WEEK,DAY_WEEK_DESC,DCA_CODE,DCA_DESC,DIRECTORY,EDITION,PAGE,GRID_REFERENCE_X,GRID_REFERENCE_Y,LIGHT_CONDITION,LIGHT_CONDITION_DESC,NO_OF_VEHICLES,NO_PERSONS,NO_PERSONS_INJ_2,NO_PERSONS_INJ_3,NO_PERSONS_KILLED,NO_PERSONS_NOT_INJ,POLICE_ATTEND,ROAD_GEOMETRY,ROAD_GEOMETRY_DESC,SEVERITY,SPEED_ZONE,NODE_ID,NODE_TYPE,AMG_X,AMG_Y,LG_AREA_NAME,REGION_NAME,DEG_URBAN_NAME,LATITUDE,LONGITUDE,POSTCODE,NEAREST_NATIONAL_PARK_NAME
1396,T20140002241,30/01/14,08.20.00,3,Struck animal,5,Thursday,167,STRUCK ANIMAL                        ,VCS,9,61,B,5,1,Day,1,1,0,1,0,0,2,5,Not at intersection,3,110,267038,N,2504789.722,2473415.119,MITCHELL,NORTHERN REGION,RURAL_VICTORIA,-37.23957,145.05399,3658,Kinglake National Park
1397,T20140002281,19/12/13,09.00.00,3,Struck animal,5,Thursday,167,STRUCK ANIMAL                        ,VCS,9,57,J,6,1,Day,1,3,0,1,0,2,2,5,Not at intersection,3,100,270768,N,2364029.392,2464306.976,PYRENEES,WESTERN REGION,RURAL_VICTORIA,-37.31179,143.46588,3373,Kara Kara National Park
1398,T20140002574,06/02/14,06.10.00,3,Struck animal,5,Thursday,167,STRUCK ANIMAL                        ,VCS,9,47,E,6,5,Dark No street lights,1,1,1,0,0,0,2,5,Not at intersection,2,100,267362,N,2570793.017,2522889.477,STRATHBOGIE,NORTH EASTERN REGION,RURAL_VICTORIA,-36.79105,145.79328,3669,Lake Eildon National Park
1399,T20140002729,01/02/14,20.30.00,3,Struck animal,7,Saturday,167,STRUCK ANIMAL                        ,VCS,9,104,C,2,2,Dusk/Dawn,1,1,1,0,0,0,2,5,Not at intersection,2,100,266886,N,2640047.427,2330102.632,WELLINGTON,EASTERN REGION,RURAL_VICTORIA,-38.52013,146.60565,3971,Tarra-Bulga National Park
1400,T20140002798,10/02/14,03.30.00,3,Struck animal,2,Monday,167,STRUCK ANIMAL                        ,VCS,9,700,H,6,5,Dark No street lights,2,2,0,1,0,1,1,5,Not at intersection,3,110,267319,N,2611923.298,2367668.971,LATROBE,EASTERN REGION,RURAL_VICTORIA,-38.18562,146.27747,3825,Morwell National Park
1401,T20140003009,13/02/14,20.55.00,3,Struck animal,5,Thursday,167,STRUCK ANIMAL                        ,MEL,40,645,C,5,5,Dark No street lights,1,1,0,1,0,0,1,5,Not at intersection,3,100,267454,N,2495092.423,2456044.067,MITCHELL,NORTHERN REGION,RURAL_VICTORIA,-37.39611,144.94457,3756,Kinglake National Park
1402,T20140003178,15/02/14,18.47.00,3,Struck animal,7,Saturday,167,STRUCK ANIMAL                        ,MEL,40,182,B,4,1,Day,1,1,1,0,0,0,1,5,Not at intersection,2,60,269763,N,2502342.689,2430887.855,WHITTLESEA,METROPOLITAN NORTH WEST REGION,RURAL_VICTORIA,-37.6228,145.02654,3750,Organ Pipes National Park
1403,T20140003323,17/02/14,16.30.00,3,Struck animal,2,Monday,167,STRUCK ANIMAL                        ,VCS,9,50,H,2,1,Day,1,1,0,1,0,0,2,5,Not at intersection,3,100,272493,N,2714964.48,2547916.397,TOWONG,NORTH EASTERN REGION,RURAL_VICTORIA,-36.54372,147.40129,3701,Alpine National Park
1404,T20140003351,18/02/14,08.45.00,3,Struck animal,3,Tuesday,167,STRUCK ANIMAL                        ,VCS,9,76,B,4,1,Day,1,1,0,1,0,0,1,5,Not at intersection,3,80,266736,N,2374507.569,2423486.35,GOLDEN PLAINS,SOUTH WESTERN REGION,SMALL_TOWNS,-37.68105,143.5772,3360,Brisbane Ranges National Park
1405,T20140003448,18/02/14,17.45.00,3,Struck animal,3,Tuesday,167,STRUCK ANIMAL                        ,VCS,9,77,B,4,1,Day,1,1,0,1,0,0,2,5,Not at intersection,3,100,269941,N,2414494.05,2424470.598,MOORABOOL,WESTERN REGION,RURAL_VICTORIA,-37.67671,144.03063,3352,Brisbane Ranges National Park
1406,T20140003513,20/02/14,06.00.00,3,Struck animal,5,Thursday,167,STRUCK ANIMAL                        ,VCS,9,3,D,8,2,Dusk/Dawn,1,1,1,0,0,0,1,5,Not at intersection,2,110,267373,N,2241111.235,2785356.208,MILDURA,WESTERN REGION,RURAL_VICTORIA,-34.39416,142.18668,3494,Hattah - Kulkyne National Park
1407,T20140003827,23/02/14,21.00.00,3,Struck animal,1,Sunday,167,STRUCK ANIMAL                        ,VCS,9,40,B,7,5,Dark No street lights,1,1,0,1,0,0,1,5,Not at intersection,3,100,267703,N,2232815.618,2515313.13,HORSHAM,WESTERN REGION,RURAL_VICTORIA,-36.8241,142.00427,3409,Little Desert National Park
1408,T20140004521,27/02/14,06.55.00,3,Struck animal,5,Thursday,167,STRUCK ANIMAL                        ,VCS,9,510,B,11,2,Dusk/Dawn,1,1,0,1,0,0,2,2,T intersection,3,80,270011,N,2268467.835,2351647.43,MOYNE,SOUTH WESTERN REGION,RURAL_VICTORIA,-38.30771,142.35278,3282,Mount Eccles National Park
1409,T20140004595,11/02/14,16.00.00,3,Struck animal,3,Tuesday,167,STRUCK ANIMAL                        ,VCS,9,59,E,7,1,Day,1,1,1,0,0,0,2,5,Not at intersection,2,80,267576,N,2431954.405,2463504.514,HEPBURN,WESTERN REGION,RURAL_VICTORIA,-37.32642,144.23214,3461,Brisbane Ranges National Park
1410,T20140004641,06/03/14,07.00.00,3,Struck animal,5,Thursday,167,STRUCK ANIMAL                        ,VCS,9,44,D,7,2,Dusk/Dawn,1,1,1,0,0,0,1,2,T intersection,2,100,267485,I,2424683.23,2516514.326,BENDIGO,NORTHERN REGION,RURAL_VICTORIA,-36.84816,144.1554,3551,Greater Bendigo National Park
1411,T20140004729,07/03/14,09.41.00,3,Struck animal,5,Friday,167,STRUCK ANIMAL                        ,VCS,9,65,D,8,1,Day,1,1,1,0,0,0,2,5,Not at intersection,2,999,267390,N,2693535.991,2456021.04,WELLINGTON,EASTERN REGION,RURAL_VICTORIA,-37.37631,147.18557,3862,Mitchell River National Park
1412,T20140004884,08/03/14,21.45.00,3,Struck animal,7,Saturday,167,STRUCK ANIMAL                        ,VCS,9,419,A,4,5,Dark No street lights,1,3,0,2,0,1,1,5,Not at intersection,3,100,270279,N,2533100.722,2466503.783,MURRINDINDI,NORTH EASTERN REGION,RURAL_VICTORIA,-37.30128,145.3734,3717,Kinglake National Park
1413,T20140005106,06/03/14,20.55.00,3,Struck animal,5,Thursday,167,STRUCK ANIMAL                        ,VCS,9,48,H,5,2,Dusk/Dawn,1,1,0,1,0,0,2,5,Not at intersection,3,100,270104,N,2626646.158,2532398.946,WANGARATTA,NORTH EASTERN REGION,RURAL_VICTORIA,-36.69951,146.41749,3678,Mount Buffalo National Park
1414,T20140005175,13/03/14,00.10.00,3,Struck animal,5,Thursday,167,STRUCK ANIMAL                        ,MEL,40,23,D,2,5,Dark No street lights,1,1,0,1,0,0,1,2,T intersection,3,80,30411,I,2518711.115,2422043.942,NILLUMBIK,METROPOLITAN NORTH WEST REGION,RURAL_VICTORIA,-37.70231,145.21219,3097,Dandenong Ranges National Park
1415,T20140005269,14/03/14,02.00.00,3,Struck animal,6,Friday,167,STRUCK ANIMAL                        ,VCS,9,414,E,5,5,Dark No street lights,1,1,1,0,0,0,1,5,Not at intersection,2,100,267556,N,2447978.498,2465598.25,MACEDON RANGES,NORTHERN REGION,RURAL_VICTORIA,-37.30858,144.4131,3444,Organ Pipes National Park
1416,T20140005357,15/03/14,06.55.00,3,Struck animal,7,Saturday,167,STRUCK ANIMAL                        ,VCS,9,30,C,3,2,Dusk/Dawn,1,2,0,2,0,0,1,5,Not at intersection,3,100,270347,N,2421320.61,2598641.531,LODDON,NORTHERN REGION,RURAL_VICTORIA,-36.10774,144.12614,3575,Terrick Terrick National Park
1417,T20140005502,17/03/14,12.30.00,3,Struck animal,2,Monday,167,STRUCK ANIMAL                        ,VCS,9,31,G,6,9,Unknown,1,1,0,1,0,0,2,5,Not at intersection,3,100,270298,N,2489418.945,2580561.435,CAMPASPE,NORTHERN REGION,RURAL_VICTORIA,-36.27388,144.88223,3622,Lower Goulburn National Park
1418,T20140005550,18/03/14,04.30.00,3,Struck animal,3,Tuesday,167,STRUCK ANIMAL                        ,VCS,9,459,C,4,5,Dark No street lights,2,2,0,0,1,1,1,5,Not at intersection,1,80,269760,N,2535299.204,2369722.942,CARDINIA,METROPOLITAN SOUTH EAST REGION,RURAL_VICTORIA,-38.17321,145.40282,3981,French Island National Park
1419,T20140005634,18/03/14,22.45.00,3,Struck animal,3,Tuesday,167,STRUCK ANIMAL                        ,VCS,9,97,G,8,5,Dark No street lights,1,1,1,0,0,0,1,5,Not at intersection,2,80,269774,N,2618626.392,2345827.976,LATROBE,EASTERN REGION,RURAL_VICTORIA,-38.38151,146.35752,3869,Morwell National Park
1420,T20140005746,20/03/14,00.00.00,3,Struck animal,5,Thursday,167,STRUCK ANIMAL                        ,VCS,9,21,B,5,5,Dark No street lights,1,1,0,1,0,0,1,5,Not at intersection,3,100,270338,N,2411239.905,2643404.667,GANNAWARRA,NORTHERN REGION,RURAL_VICTORIA,-35.70346,144.01931,3579,Gunbower National Park
1421,T20140005856,21/03/14,17.30.00,3,Struck animal,6,Friday,167,STRUCK ANIMAL                        ,VCS,9,62,C,8,2,Dusk/Dawn,1,1,1,0,0,0,2,5,Not at intersection,2,100,269780,N,2559282.725,2452933.662,MURRINDINDI,NORTH EASTERN REGION,RURAL_VICTORIA,-37.42227,145.66982,3717,Lake Eildon National Park
1422,T20140006042,23/03/14,15.30.00,3,Struck animal,1,Sunday,167,STRUCK ANIMAL                        ,MEL,40,285,H,10,1,Day,1,2,0,1,0,1,2,5,Not at intersection,3,90,270404,N,2543858.375,2413823.076,YARRA RANGES,METROPOLITAN SOUTH EAST REGION,RURAL_VICTORIA,-37.77553,145.49786,3139,Dandenong Ranges National Park
1423,T20140006116,20/03/14,19.40.00,3,Struck animal,5,Thursday,167,STRUCK ANIMAL                        ,MEL,40,37,G,1,2,Dusk/Dawn,1,1,0,1,0,0,2,5,Not at intersection,3,50,270344,N,2527843.596,2417256.15,YARRA RANGES,METROPOLITAN SOUTH EAST REGION,RURAL_VICTORIA,-37.74522,145.31594,3116,Dandenong Ranges National Park
1424,T20140006806,27/03/14,18.50.00,3,Struck animal,5,Thursday,167,STRUCK ANIMAL                        ,VCS,9,55,H,3,2,Dusk/Dawn,1,1,1,0,0,0,2,5,Not at intersection,2,100,269737,N,2268409.085,2485706.326,NORTHERN GRAMPIANS,WESTERN REGION,RURAL_VICTORIA,-37.10025,142.39406,3401,Grampians National Park
1425,T20140006831,02/04/14,16.30.00,3,Struck animal,4,Wednesday,167,STRUCK ANIMAL                        ,VCS,9,44,J,4,9,Unknown,1,1,0,1,0,0,2,5,Not at intersection,3,100,270587,N,2454758.781,2538091.054,BENDIGO,NORTHERN REGION,RURAL_VICTORIA,-36.65562,144.49394,3557,Greater Bendigo National Park
1426,T20140006854,02/04/14,20.05.00,3,Struck animal,4,Wednesday,167,STRUCK ANIMAL                        ,VCS,9,703,L,11,5,Dark No street lights,1,1,1,0,0,0,1,5,Not at intersection,2,100,269829,N,2592358.328,2365123.419,BAW BAW,EASTERN REGION,RURAL_VICTORIA,-38.21071,146.0545,3823,Morwell National Park
1427,T20140007105,06/04/14,06.00.00,3,Struck animal,1,Sunday,167,STRUCK ANIMAL                        ,VCS,9,93,D,7,5,Dark No street lights,1,2,2,0,0,0,1,5,Not at intersection,2,100,270764,N,2425779.725,2352250.221,SURF COAST,SOUTH WESTERN REGION,RURAL_VICTORIA,-38.3283,144.15127,3240,Great Otway National Park
1428,T20140007194,04/04/14,19.50.00,3,Struck animal,6,Friday,167,STRUCK ANIMAL                        ,VCS,9,20,H,7,2,Dusk/Dawn,1,1,0,1,0,0,1,5,Not at intersection,3,100,270672,N,2405615.225,2631228.895,GANNAWARRA,NORTHERN REGION,RURAL_VICTORIA,-35.81264,143.95569,3579,Gunbower National Park
1429,T20140007418,10/04/14,05.30.00,3,Struck animal,5,Thursday,167,STRUCK ANIMAL                        ,MEL,40,308,E,6,5,Dark No street lights,1,1,0,1,0,0,2,5,Not at intersection,3,100,270912,N,2546445.146,2405766.378,YARRA RANGES,METROPOLITAN SOUTH EAST REGION,RURAL_VICTORIA,-37.848,145.52773,3139,Dandenong Ranges National Park
1430,T20140007455,10/04/14,10.30.00,3,Struck animal,5,Thursday,167,STRUCK ANIMAL                        ,VCS,9,77,B,2,1,Day,1,1,0,1,0,0,1,5,Not at intersection,3,100,271425,N,2412021.562,2441824.935,MOORABOOL,WESTERN REGION,RURAL_VICTORIA,-37.52011,144.00466,3352,Brisbane Ranges National Park
1431,T20140007497,02/04/14,05.30.00,3,Struck animal,4,Wednesday,167,STRUCK ANIMAL                        ,VCS,9,59,J,5,2,Dusk/Dawn,1,1,0,1,0,0,2,5,Not at intersection,3,100,270618,N,2452846.245,2475706.144,MACEDON RANGES,NORTHERN REGION,RURAL_VICTORIA,-37.21775,144.46865,3444,Organ Pipes National Park
1432,T20140007660,12/04/14,21.55.00,3,Struck animal,7,Saturday,167,STRUCK ANIMAL                        ,VCS,9,3,F,8,5,Dark No street lights,1,1,0,1,0,0,1,5,Not at intersection,3,100,270780,N,2250283.542,2783941.662,MILDURA,WESTERN REGION,RURAL_VICTORIA,-34.40929,142.28586,3494,Hattah - Kulkyne National Park
1433,T20140007939,17/04/14,00.23.00,3,Struck animal,5,Thursday,167,STRUCK ANIMAL                        ,MEL,40,277,D,9,5,Dark No street lights,1,2,0,1,0,1,1,5,Not at intersection,3,100,108840,N,2542308.45,2423897.021,YARRA RANGES,METROPOLITAN SOUTH EAST REGION,RURAL_VICTORIA,-37.68484,145.47969,3770,Dandenong Ranges National Park
1434,T20140008022,18/04/14,01.20.00,3,Struck animal,6,Friday,167,STRUCK ANIMAL                        ,VCS,9,43,D,3,5,Dark No street lights,1,3,1,0,0,2,1,5,Not at intersection,2,100,270062,N,2382862.353,2541196.466,LODDON,NORTHERN REGION,RURAL_VICTORIA,-36.62146,143.69027,3517,Kara Kara National Park
1435,T20140008035,09/04/14,14.00.00,3,Struck animal,4,Wednesday,167,STRUCK ANIMAL                        ,VCS,9,76,E,7,1,Day,1,1,0,1,0,0,2,5,Not at intersection,3,100,270753,N,2390599.785,2408310.251,GOLDEN PLAINS,SOUTH WESTERN REGION,RURAL_VICTORIA,-37.81981,143.75738,3352,Brisbane Ranges National Park
1436,T20140008103,19/04/14,00.05.00,3,Struck animal,7,Saturday,167,STRUCK ANIMAL                        ,VCS,9,50,E,5,5,Dark No street lights,1,2,0,1,0,1,1,5,Not at intersection,3,100,270887,N,2697524.752,2530599.925,ALPINE,NORTH EASTERN REGION,RURAL_VICTORIA,-36.70355,147.21104,3697,Alpine National Park
1437,T20140008143,19/04/14,22.10.00,3,Struck animal,7,Saturday,167,STRUCK ANIMAL                        ,VCS,9,37,A,4,5,Dark No street lights,1,1,0,1,0,0,1,5,Not at intersection,3,100,270898,N,2726741,2590339.595,TOWONG,NORTH EASTERN REGION,RURAL_VICTORIA,-36.15876,147.52024,3704,Burrowa - Pine Mountain National Park
1438,T20140008154,19/04/14,14.30.00,3,Struck animal,7,Saturday,167,STRUCK ANIMAL                        ,VCS,9,50,J,4,1,Day,1,1,1,0,0,0,1,5,Not at intersection,2,100,270077,N,2718025.875,2533904.896,TOWONG,NORTH EASTERN REGION,RURAL_VICTORIA,-36.66926,147.43948,3701,Alpine National Park
1439,T20140008280,22/04/14,13.36.00,3,Struck animal,3,Tuesday,167,STRUCK ANIMAL                        ,MEL,40,278,A,6,1,Day,1,1,0,1,0,0,1,5,Not at intersection,3,80,108860,N,2544926.712,2425110.571,YARRA RANGES,METROPOLITAN SOUTH EAST REGION,RURAL_VICTORIA,-37.67378,145.5093,3777,Dandenong Ranges National Park
1440,T20140008559,16/03/14,10.00.00,3,Struck animal,1,Sunday,167,STRUCK ANIMAL                        ,VCS,9,59,H,4,1,Day,1,1,0,1,0,0,2,5,Not at intersection,3,100,270369,N,2445926.747,2484932.591,MOUNT ALEXANDER,NORTHERN REGION,RURAL_VICTORIA,-37.13423,144.39135,3448,Greater Bendigo National Park
1441,T20140008850,27/04/14,16.30.00,3,Struck animal,1,Sunday,167,STRUCK ANIMAL                        ,VCS,9,46,C,7,1,Day,1,1,0,1,0,0,2,5,Not at intersection,3,100,270999,N,2508543.051,2515880.528,STRATHBOGIE,NORTH EASTERN REGION,RURAL_VICTORIA,-36.85684,145.09581,3608,Heathcote-Graytown National Park
1442,T20140009156,03/05/14,22.30.00,3,Struck animal,7,Saturday,167,STRUCK ANIMAL                        ,MEL,40,389,H,8,5,Dark No street lights,1,2,0,2,0,0,1,5,Not at intersection,3,80,204351,N,2504641.239,2433856.089,WHITTLESEA,METROPOLITAN NORTH WEST REGION,RURAL_VICTORIA,-37.59605,145.05256,3750,Kinglake National Park
1443,T20140009173,03/05/14,10.00.00,3,Struck animal,6,Saturday,167,STRUCK ANIMAL                        ,VCS,9,57,G,3,1,Day,1,1,1,0,0,0,1,5,Not at intersection,2,100,301942,O,2352265.058,2488901.224,PYRENEES,WESTERN REGION,RURAL_VICTORIA,-37.0884,143.33801,3478,Kara Kara National Park
1444,T20140009189,01/05/14,17.45.00,3,Struck animal,5,Thursday,167,STRUCK ANIMAL                        ,VCS,9,50,B,6,5,Dark No street lights,1,1,1,0,0,0,2,5,Not at intersection,2,100,270819,N,2680332.175,2525272.629,ALPINE,NORTH EASTERN REGION,RURAL_VICTORIA,-36.75499,147.01992,3741,Mount Buffalo National Park
1445,T20140009472,06/05/14,18.20.00,3,Struck animal,3,Tuesday,167,STRUCK ANIMAL                        ,VCS,9,21,C,8,2,Dusk/Dawn,1,2,0,1,0,1,1,5,Not at intersection,3,100,271612,N,2418812.353,2618962.059,GANNAWARRA,NORTHERN REGION,RURAL_VICTORIA,-35.9244,144.10042,3568,Gunbower National Park
1446,T20140009647,10/05/14,01.18.00,3,Struck animal,7,Saturday,167,STRUCK ANIMAL                        ,MEL,40,344,D,5,5,Dark No street lights,1,2,0,1,0,1,1,5,Not at intersection,3,90,271717,N,2468056.064,2420650.934,MELTON,METROPOLITAN NORTH WEST REGION,RURAL_VICTORIA,-37.7145,144.63768,3335,Organ Pipes National Park
1447,T20140009957,18/04/14,06.45.00,3,Struck animal,6,Friday,167,STRUCK ANIMAL                        ,VCS,9,428,E,2,2,Dusk/Dawn,1,1,1,0,0,0,2,5,Not at intersection,2,80,271035,N,2519354.723,2445655.332,WHITTLESEA,METROPOLITAN NORTH WEST REGION,RURAL_VICTORIA,-37.48954,145.21888,3757,Kinglake National Park
1448,T20140010043,15/05/14,10.45.00,3,Struck animal,5,Thursday,167,STRUCK ANIMAL                        ,VCS,9,73,G,3,1,Day,1,1,1,0,0,0,1,5,Not at intersection,2,100,271204,N,2265378.629,2427664.867,SOUTHERN GRAMPIANS,SOUTH WESTERN REGION,RURAL_VICTORIA,-37.62233,142.34174,3294,Grampians National Park
1449,T20140010558,22/05/14,09.14.00,3,Struck animal,5,Thursday,167,STRUCK ANIMAL                        ,MEL,40,393,E,3,1,Day,1,1,0,1,0,0,1,5,Not at intersection,3,100,271924,N,2519205.844,2436075.993,NILLUMBIK,METROPOLITAN NORTH WEST REGION,RURAL_VICTORIA,-37.57586,145.21744,3099,Kinglake National Park
1450,T20140010769,16/04/14,17.02.00,3,Struck animal,4,Wednesday,167,STRUCK ANIMAL                        ,MEL,40,388,B,11,2,Dusk/Dawn,1,1,0,1,0,0,2,5,Not at intersection,3,80,271995,N,2498346.209,2433005.679,WHITTLESEA,METROPOLITAN NORTH WEST REGION,RURAL_VICTORIA,-37.60372,144.98127,3750,Organ Pipes National Park
1451,T20140011039,23/05/14,18.30.00,3,Struck animal,6,Friday,167,STRUCK ANIMAL                        ,VCS,9,37,C,5,2,Dusk/Dawn,1,1,1,0,0,0,2,5,Not at intersection,2,100,272421,N,2738617.907,2583247.348,TOWONG,NORTH EASTERN REGION,RURAL_VICTORIA,-36.21975,147.65438,3691,Burrowa - Pine Mountain National Park
1452,T20140011083,29/05/14,06.56.00,3,Struck animal,5,Thursday,167,STRUCK ANIMAL                        ,VCS,9,45,D,5,2,Dusk/Dawn,1,2,1,0,1,0,1,5,Not at intersection,1,100,271707,N,2472276.476,2528478.922,CAMPASPE,NORTHERN REGION,RURAL_VICTORIA,-36.74293,144.68954,3551,Heathcote-Graytown National Park
1453,T20140011560,04/06/14,18.35.00,3,Struck animal,4,Wednesday,167,STRUCK ANIMAL                        ,MEL,40,211,F,6,5,Dark No street lights,1,1,0,1,0,0,1,2,T intersection,3,90,277435,I,2538832.094,2390814.564,CARDINIA,METROPOLITAN SOUTH EAST REGION,RURAL_VICTORIA,-37.98306,145.44202,3808,Dandenong Ranges National Park
1454,T20140011746,06/06/14,19.50.00,3,Struck animal,6,Friday,167,STRUCK ANIMAL                        ,MEL,40,646,J,12,5,Dark No street lights,1,1,1,0,0,0,9,2,T intersection,2,100,271655,I,2501108.94,2453383.3,MITCHELL,NORTHERN REGION,RURAL_VICTORIA,-37.4201,145.01253,3756,Kinglake National Park
1455,T20140011932,09/06/14,18.00.00,3,Struck animal,2,Monday,167,STRUCK ANIMAL                        ,VCS,9,22,G,8,2,Dusk/Dawn,2,2,0,1,0,1,1,5,Not at intersection,3,100,272803,N,2529157.187,2619176.495,MOIRA,NORTH EASTERN REGION,RURAL_VICTORIA,-35.92548,145.32307,3637,Barmah National Park
1456,T20140012058,09/06/14,21.00.00,3,Struck animal,2,Monday,167,STRUCK ANIMAL                        ,VCS,9,61,D,5,5,Dark No street lights,1,1,1,0,0,0,2,5,Not at intersection,2,100,271688,N,2511978.059,2474727.396,MITCHELL,NORTHERN REGION,RURAL_VICTORIA,-37.22768,145.13499,3658,Kinglake National Park
1457,T20140012480,07/04/14,18.40.00,3,Struck animal,2,Monday,167,STRUCK ANIMAL                        ,VCS,9,30,C,3,5,Dark No street lights,1,2,0,1,0,1,2,5,Not at intersection,3,100,272031,N,2421008.235,2599005.796,LODDON,NORTHERN REGION,RURAL_VICTORIA,-36.10443,144.12271,3575,Terrick Terrick National Park
1458,T20140012963,29/05/14,22.00.00,3,Struck animal,5,Thursday,167,STRUCK ANIMAL                        ,VCS,9,83,H,8,5,Dark No street lights,1,1,0,1,0,0,2,5,Not at intersection,3,100,272204,N,2712543.415,2399384.045,EAST GIPPSLAND,EASTERN REGION,RURAL_VICTORIA,-37.88236,147.41636,3875,Mitchell River National Park
1459,T20140013128,26/06/14,06.40.00,3,Struck animal,5,Thursday,167,STRUCK ANIMAL                        ,MEL,40,697,F,10,5,Dark No street lights,1,2,1,0,0,1,1,5,Not at intersection,2,80,272655,N,2469004.891,2438268.367,MACEDON RANGES,NORTHERN REGION,RURAL_VICTORIA,-37.55579,144.64918,3437,Organ Pipes National Park
1460,T20140013874,06/07/14,03.15.00,3,Struck animal,1,Sunday,167,STRUCK ANIMAL                        ,MEL,40,337,C,12,5,Dark No street lights,5,5,1,1,0,3,1,5,Not at intersection,2,110,272792,N,2463566.004,2422833.638,MELTON,METROPOLITAN NORTH WEST REGION,RURAL_VICTORIA,-37.69467,144.58686,3338,Organ Pipes National Park
1461,T20140014206,16/06/14,07.15.00,3,Struck animal,2,Monday,167,STRUCK ANIMAL                        ,VCS,9,60,B,5,2,Dusk/Dawn,1,1,0,1,0,0,2,5,Not at intersection,3,100,272988,N,2462568.841,2476297.53,MACEDON RANGES,NORTHERN REGION,RURAL_VICTORIA,-37.21286,144.57824,3444,Organ Pipes National Park
1462,T20140014229,10/07/14,17.55.00,3,Struck animal,5,Thursday,167,STRUCK ANIMAL                        ,VCS,9,92,E,6,2,Dusk/Dawn,1,4,0,3,0,1,1,5,Not at intersection,3,100,272996,N,2395140.709,2355408.321,COLAC OTWAY,SOUTH WESTERN REGION,RURAL_VICTORIA,-38.29689,143.80139,3242,Great Otway National Park
1463,T20140014551,10/07/14,05.10.00,3,Struck animal,5,Thursday,167,STRUCK ANIMAL                        ,MEL,40,215,E,9,5,Dark No street lights,1,1,0,1,0,0,1,5,Not at intersection,3,100,273044,N,2538717.276,2379868.854,CARDINIA,METROPOLITAN SOUTH EAST REGION,RURAL_VICTORIA,-38.08167,145.44129,3810,Churchill National Park
1464,T20140014651,08/05/14,18.30.00,3,Struck animal,5,Thursday,167,STRUCK ANIMAL                        ,VCS,9,85,B,4,2,Dusk/Dawn,1,1,0,1,0,0,2,5,Not at intersection,3,999,273298,N,2769317.785,2420246.082,EAST GIPPSLAND,EASTERN REGION,RURAL_VICTORIA,-37.67977,148.05381,3887,The Lakes National Park
1465,T20140015030,21/07/14,18.27.00,3,Struck animal,2,Monday,167,STRUCK ANIMAL                        ,VCS,9,21,E,7,2,Dusk/Dawn,1,2,2,0,0,0,1,5,Not at intersection,2,100,273594,N,2430104.896,2626309.565,GANNAWARRA,NORTHERN REGION,RURAL_VICTORIA,-35.85908,144.2262,3568,Gunbower National Park
1466,T20140015307,19/03/14,07.30.00,3,Struck animal,4,Wednesday,167,STRUCK ANIMAL                        ,VCS,9,424,K,3,2,Dusk/Dawn,1,1,0,1,0,0,1,5,Not at intersection,3,100,273676,N,2458143.689,2446717.195,MACEDON RANGES,NORTHERN REGION,RURAL_VICTORIA,-37.47923,144.52672,3437,Organ Pipes National Park
1467,T20140015368,26/07/14,06.35.00,3,Struck animal,7,Saturday,167,STRUCK ANIMAL                        ,MEL,40,315,D,11,2,Dusk/Dawn,1,1,0,1,0,0,1,5,Not at intersection,3,80,273785,N,2542232.264,2384059.129,CARDINIA,METROPOLITAN SOUTH EAST REGION,RURAL_VICTORIA,-38.04377,145.48111,3810,Dandenong Ranges National Park
1468,T20140015370,26/07/14,08.10.00,3,Struck animal,7,Saturday,167,STRUCK ANIMAL                        ,VCS,9,59,C,7,2,Dusk/Dawn,1,1,0,1,0,0,1,5,Not at intersection,3,80,273786,N,2421832.943,2460708.522,HEPBURN,WESTERN REGION,RURAL_VICTORIA,-37.35083,144.11763,3461,Brisbane Ranges National Park
1469,T20140015695,25/07/14,22.00.00,3,Struck animal,6,Friday,167,STRUCK ANIMAL                        ,VCS,9,89,F,4,5,Dark No street lights,1,1,0,1,0,0,2,2,T intersection,3,100,274183,I,2259435.784,2368599.097,MOYNE,SOUTH WESTERN REGION,RURAL_VICTORIA,-38.15276,142.25516,3283,Mount Eccles National Park
1470,T20140015725,06/07/14,13.00.00,3,Struck animal,1,Sunday,167,STRUCK ANIMAL                        ,VCS,9,417,H,4,1,Day,1,1,1,0,0,0,2,2,T intersection,2,999,274047,I,2510254.576,2466921.727,MITCHELL,NORTHERN REGION,RURAL_VICTORIA,-37.29804,145.11567,3658,Kinglake National Park
1471,T20140015957,02/08/14,18.20.00,3,Struck animal,7,Saturday,167,STRUCK ANIMAL                        ,VCS,9,100,F,5,5,Dark No street lights,1,3,1,0,0,2,1,5,Not at intersection,2,100,274168,N,2352575.142,2306087.665,COLAC OTWAY,SOUTH WESTERN REGION,RURAL_VICTORIA,-38.73523,143.30489,3237,Port Campbell National Park
1472,T20140016035,01/08/14,05.10.00,3,Struck animal,6,Friday,167,STRUCK ANIMAL                        ,VCS,9,58,D,5,5,Dark No street lights,1,1,0,1,0,0,1,5,Not at intersection,3,100,274114,N,2388081.755,2477245.933,CENTRAL GOLDFIELDS,WESTERN REGION,RURAL_VICTORIA,-37.19838,143.73915,3371,Kara Kara National Park