,ACCIDENT_NO,ACCIDENT_DATE,ACCIDENT_TIME,ACCIDENT_TYPE,ACCIDENT_TYPE_DESC,DAY_OF_WEEK,DAY_WEEK_DESC,DCA_CODE,DCA_DESC,DIRECTORY,EDITION,PAGE,GRID_REFERENCE_X,GRID_REFERENCE_Y,LIGHT_CONDITION,LIGHT_CONDITION_DESC,NO_OF_VEHICLES,NO_PERSONS,NO_PERSONS_INJ_2,NO_PERSONS_INJ_3,NO_PERSONS_KILLED,NO_PERSONS_NOT_INJ,POLICE_ATTEND,ROAD_GEOMETRY,ROAD_GEOMETRY_DESC,SEVERITY,SPEED_ZONE,NODE_ID,NODE_TYPE,AMG_X,AMG_Y,LG_AREA_NAME,REGION_NAME,DEG_URBAN_NAME,LATITUDE,LONGITUDE,POSTCODE,NEAREST_NATIONAL_PARK_NAME
1473,T20140016123,05/08/14,09.00.00,3,Struck animal,3,Tuesday,167,STRUCK ANIMAL                        ,MEL,40,277,D,9,1,Day,1,1,0,1,0,0,1,5,Not at intersection,3,100,275560,N,2542289.924,2423899.201,YARRA RANGES,METROPOLITAN SOUTH EAST REGION,RURAL_VICTORIA,-37.68482,145.47948,3770,Dandenong Ranges National Park
1474,T20140016264,05/08/14,06.20.00,3,Struck animal,3,Tuesday,167,STRUCK ANIMAL                        ,VCS,9,83,G,8,2,Dusk/Dawn,2,2,2,0,0,0,1,5,Not at intersection,2,100,274870,N,2704131.747,2396704.195,EAST GIPPSLAND,EASTERN REGION,RURAL_VICTORIA,-37.90838,147.32151,3864,Mitchell River National Park
1475,T20140016347,07/08/14,20.20.00,3,Struck animal,5,Thursday,167,STRUCK ANIMAL                        ,VCS,9,90,C,7,5,Dark No street lights,1,3,1,0,0,2,1,5,Not at intersection,2,100,274478,N,2295382.418,2347428.661,MOYNE,SOUTH WESTERN REGION,RURAL_VICTORIA,-38.35205,142.65919,3265,Port Campbell National Park
1476,T20140016642,27/07/14,17.50.00,3,Struck animal,1,Sunday,167,STRUCK ANIMAL                        ,VCS,9,84,E,6,5,Dark No street lights,1,1,0,1,0,0,2,5,Not at intersection,3,100,274882,N,2746886.647,2410114.824,EAST GIPPSLAND,EASTERN REGION,RURAL_VICTORIA,-37.77723,147.803,3885,The Lakes National Park
1477,T20140016665,07/08/14,18.00.00,3,Struck animal,5,Thursday,167,STRUCK ANIMAL                        ,VCS,9,58,H,6,5,Dark No street lights,2,2,0,1,0,1,1,5,Not at intersection,3,100,274515,N,2407641.363,2470189.276,HEPBURN,WESTERN REGION,RURAL_VICTORIA,-37.2641,143.95862,3364,Brisbane Ranges National Park
1478,T20140016854,14/08/14,18.30.00,3,Struck animal,5,Thursday,167,STRUCK ANIMAL                        ,VCS,9,50,C,3,5,Dark No street lights,1,1,1,0,0,0,1,5,Not at intersection,2,100,274508,N,2688292.008,2542503.601,ALPINE,NORTH EASTERN REGION,RURAL_VICTORIA,-36.59818,147.10478,3691,Mount Buffalo National Park
1479,T20140017459,23/08/14,13.45.00,3,Struck animal,7,Saturday,167,STRUCK ANIMAL                        ,VCS,9,61,G,5,1,Day,1,1,0,1,0,0,1,5,Not at intersection,3,100,277978,N,2531839.35,2477283.905,MURRINDINDI,NORTH EASTERN REGION,RURAL_VICTORIA,-37.20418,145.35871,3717,Kinglake National Park
1480,T20140017576,21/08/14,18.35.00,3,Struck animal,5,Thursday,167,STRUCK ANIMAL                        ,VCS,9,80,D,2,9,Unknown,1,1,1,0,0,0,2,5,Not at intersection,2,100,275552,N,2562506.046,2440538.602,MURRINDINDI,NORTH EASTERN REGION,RURAL_VICTORIA,-37.53375,145.70728,3779,Yarra Ranges National Park
1481,T20140017765,24/08/14,13.30.00,3,Struck animal,1,Sunday,167,STRUCK ANIMAL                        ,VCS,9,97,G,7,1,Day,1,1,0,1,0,0,2,5,Not at intersection,3,999,274803,N,2615601.53,2348086.694,LATROBE,EASTERN REGION,RURAL_VICTORIA,-38.36155,146.32255,3869,Morwell National Park
1482,T20140017826,26/08/14,21.45.00,3,Struck animal,3,Tuesday,167,STRUCK ANIMAL                        ,MEL,40,263,E,5,5,Dark No street lights,1,1,0,1,0,0,2,5,Not at intersection,3,100,274807,N,2519007.66,2430524.465,NILLUMBIK,METROPOLITAN NORTH WEST REGION,RURAL_VICTORIA,-37.62589,145.21534,3099,Kinglake National Park
1483,T20140018457,05/09/14,18.40.00,3,Struck animal,6,Friday,167,STRUCK ANIMAL                        ,VCS,9,414,C,2,5,Dark No street lights,1,4,0,1,0,3,1,5,Not at intersection,3,100,275079,N,2445812.923,2472081.586,MACEDON RANGES,NORTHERN REGION,RURAL_VICTORIA,-37.25003,144.38914,3444,Organ Pipes National Park
1484,T20140018541,06/09/14,23.00.00,3,Struck animal,7,Saturday,167,STRUCK ANIMAL                        ,VCS,9,414,B,1,5,Dark No street lights,1,1,1,0,0,0,2,2,T intersection,2,80,275083,I,2443341.652,2473635.091,MACEDON RANGES,NORTHERN REGION,RURAL_VICTORIA,-37.23589,144.3614,3444,Organ Pipes National Park
1485,T20140018974,13/09/14,06.40.00,3,Struck animal,7,Saturday,167,STRUCK ANIMAL                        ,VCS,9,427,F,6,3,Dark Street lights on,1,1,1,0,0,0,1,5,Not at intersection,2,100,275724,N,2507133.542,2438453.359,WHITTLESEA,METROPOLITAN NORTH WEST REGION,RURAL_VICTORIA,-37.55461,145.08074,3751,Kinglake National Park
1486,T20140019460,19/09/14,19.00.00,3,Struck animal,6,Friday,167,STRUCK ANIMAL                        ,VCS,9,82,E,9,5,Dark No street lights,1,1,1,0,0,0,2,5,Not at intersection,2,100,275391,N,2658141.43,2392701.874,WELLINGTON,EASTERN REGION,RURAL_VICTORIA,-37.9534,146.79948,3858,Baw Baw National Park
1487,T20140019729,23/09/14,21.00.00,3,Struck animal,3,Tuesday,167,STRUCK ANIMAL                        ,VCS,9,417,E,5,5,Dark No street lights,2,2,1,0,0,1,1,5,Not at intersection,2,110,286241,N,2504255.658,2464891.081,MITCHELL,NORTHERN REGION,RURAL_VICTORIA,-37.31639,145.04802,3658,Kinglake National Park
1488,T20140019867,06/01/13,10.30.00,3,Struck animal,0,Sunday,167,STRUCK ANIMAL                        ,VCS,9,80,D,8,1,Day,1,1,0,1,0,0,2,5,Not at intersection,3,999,277486,N,2563672.964,2400801.627,CARDINIA,METROPOLITAN SOUTH EAST REGION,RURAL_VICTORIA,-37.89171,145.7239,3797,Yarra Ranges National Park
1489,T20140020220,24/09/14,21.51.00,3,Struck animal,4,Wednesday,167,STRUCK ANIMAL                        ,VCS,9,47,H,4,5,Dark No street lights,1,1,0,1,0,0,1,5,Not at intersection,3,100,277866,N,2586942.133,2537577.981,BENALLA,NORTH EASTERN REGION,RURAL_VICTORIA,-36.65733,145.97255,3672,Warby-Ovens National Park
1490,T20140020289,24/08/14,20.00.00,3,Struck animal,0,Sunday,167,STRUCK ANIMAL                        ,VCS,9,59,F,3,5,Dark No street lights,1,2,0,1,0,1,2,5,Not at intersection,3,100,278140,N,2437520.355,2488356.133,MOUNT ALEXANDER,NORTHERN REGION,RURAL_VICTORIA,-37.10286,144.29701,3451,Greater Bendigo National Park
1491,T20140020311,02/10/14,08.00.00,3,Struck animal,5,Thursday,167,STRUCK ANIMAL                        ,VCS,9,89,G,7,1,Day,1,1,0,1,0,0,2,5,Not at intersection,3,30,275678,N,2269566.378,2350408.328,MOYNE,SOUTH WESTERN REGION,RURAL_VICTORIA,-38.31914,142.36494,3283,Mount Eccles National Park
1492,T20140020471,04/10/14,11.00.00,3,Struck animal,7,Saturday,167,STRUCK ANIMAL                        ,VCS,9,89,E,7,1,Day,1,1,1,0,0,0,1,5,Not at intersection,2,100,275687,N,2258140.329,2347341.001,MOYNE,SOUTH WESTERN REGION,RURAL_VICTORIA,-38.34384,142.23334,3284,Mount Eccles National Park
1493,T20140020923,10/10/14,08.48.00,3,Struck animal,6,Friday,167,STRUCK ANIMAL                        ,MEL,40,323,A,7,1,Day,1,3,2,1,0,0,1,5,Not at intersection,2,100,277676,N,2540833.374,2375989.508,CARDINIA,METROPOLITAN SOUTH EAST REGION,RURAL_VICTORIA,-38.11653,145.46562,3810,French Island National Park
1494,T20140020971,10/10/14,20.05.00,3,Struck animal,6,Friday,167,STRUCK ANIMAL                        ,VCS,9,710,H,1,2,Dusk/Dawn,2,3,2,0,0,1,1,5,Not at intersection,2,100,277239,N,2602014.71,2345257.595,SOUTH GIPPSLAND,EASTERN REGION,RURAL_VICTORIA,-38.38863,146.16752,3871,Morwell National Park
1495,T20140021058,12/10/14,00.45.00,3,Struck animal,1,Sunday,167,STRUCK ANIMAL                        ,VCS,9,63,C,2,5,Dark No street lights,1,5,0,2,0,3,2,5,Not at intersection,3,100,275852,N,2597225.748,2496179.644,MANSFIELD,NORTH EASTERN REGION,RURAL_VICTORIA,-37.0294,146.09289,3722,Lake Eildon National Park
1496,T20140021476,03/10/14,22.45.00,3,Struck animal,6,Friday,167,STRUCK ANIMAL                        ,VCS,9,444,K,7,3,Dark Street lights on,1,1,0,1,0,0,2,5,Not at intersection,3,100,275955,N,2456563.756,2389353.341,GEELONG,SOUTH WESTERN REGION,RURAL_VICTORIA,-37.99602,144.50549,3212,Brisbane Ranges National Park
1497,T20140021490,17/10/14,10.00.00,3,Struck animal,6,Friday,167,STRUCK ANIMAL                        ,VCS,9,86,A,3,1,Day,1,1,0,1,0,0,2,5,Not at intersection,3,80,275990,N,2813090.536,2430164.896,EAST GIPPSLAND,EASTERN REGION,RURAL_VICTORIA,-37.57678,148.54554,3888,Snowy River National Park
1498,T20140021497,18/10/14,12.30.00,3,Struck animal,7,Saturday,167,STRUCK ANIMAL                        ,VCS,9,81,C,8,1,Day,1,1,1,0,0,0,1,5,Not at intersection,2,100,277329,N,2597887.566,2395985.013,BAW BAW,EASTERN REGION,RURAL_VICTORIA,-37.93213,146.1135,3825,Baw Baw National Park
1499,T20140021755,21/10/14,15.00.00,3,Struck animal,3,Tuesday,167,STRUCK ANIMAL                        ,VCS,9,1,F,6,1,Day,1,1,0,1,0,0,1,5,Not at intersection,3,110,277707,N,2158891.393,2795720.203,MILDURA,WESTERN REGION,RURAL_VICTORIA,-34.27554,141.29837,3496,Murray - Sunset National Park
1500,T20140021943,23/10/14,22.05.00,3,Struck animal,5,Thursday,167,STRUCK ANIMAL                        ,VCS,9,84,F,7,5,Dark No street lights,1,1,0,1,0,0,1,1,Cross intersection,3,100,277609,I,2747789.046,2405509.589,EAST GIPPSLAND,EASTERN REGION,RURAL_VICTORIA,-37.81847,147.81478,3902,The Lakes National Park
1501,T20140024428,31/10/14,09.30.00,3,Struck animal,6,Friday,167,STRUCK ANIMAL                        ,VCS,9,90,D,3,1,Day,1,1,0,1,0,0,2,2,T intersection,3,100,278282,I,2299882.01,2378549.826,MOYNE,SOUTH WESTERN REGION,RURAL_VICTORIA,-38.07277,142.71917,3272,Port Campbell National Park
1502,T20140024472,25/11/14,22.00.00,3,Struck animal,3,Tuesday,167,STRUCK ANIMAL                        ,VCS,9,98,F,4,5,Dark No street lights,1,1,0,1,0,0,1,5,Not at intersection,3,100,278449,N,2664369.306,2369425.752,WELLINGTON,EASTERN REGION,RURAL_VICTORIA,-38.16197,146.87555,3847,Tarra-Bulga National Park
1503,T20140024508,26/11/14,07.30.00,3,Struck animal,4,Wednesday,167,STRUCK ANIMAL                        ,VCS,9,88,A,5,2,Dusk/Dawn,1,1,1,0,0,0,2,5,Not at intersection,2,100,278369,N,2195690.978,2356695.389,GLENELG,SOUTH WESTERN REGION,RURAL_VICTORIA,-38.24118,141.52345,3305,Mount Richmond National Park
1504,T20140024611,26/11/14,21.30.00,3,Struck animal,4,Wednesday,167,STRUCK ANIMAL                        ,VCS,9,439,K,11,5,Dark No street lights,1,1,0,1,0,0,2,5,Not at intersection,3,999,278426,N,2549330.157,2403385.888,YARRA RANGES,METROPOLITAN SOUTH EAST REGION,RURAL_VICTORIA,-37.8693,145.56067,3139,Dandenong Ranges National Park
1505,T20140024746,29/11/14,09.10.00,3,Struck animal,7,Saturday,167,STRUCK ANIMAL                        ,VCS,9,76,H,2,1,Day,1,1,0,1,0,0,1,5,Not at intersection,3,100,279290,N,2409299.899,2441491.969,MOORABOOL,WESTERN REGION,RURAL_VICTORIA,-37.52285,143.97383,3352,Brisbane Ranges National Park
1506,T20140025042,18/11/14,07.45.00,3,Struck animal,3,Tuesday,167,STRUCK ANIMAL                        ,VCS,9,35,C,5,2,Dusk/Dawn,1,1,0,1,0,0,2,5,Not at intersection,3,100,279619,N,2646527.808,2583387.837,INDIGO,NORTH EASTERN REGION,RURAL_VICTORIA,-36.23716,146.63021,3683,Chiltern-Mt Pilot National Park
1507,T20140025199,02/12/14,03.30.00,3,Struck animal,3,Tuesday,167,STRUCK ANIMAL                        ,VCS,9,33,D,8,5,Dark No street lights,1,1,0,1,0,0,2,5,Not at intersection,3,100,280451,N,2563680.112,2564415.708,SHEPPARTON,NORTH EASTERN REGION,RURAL_VICTORIA,-36.41731,145.71011,3646,Lower Goulburn National Park
1508,T20140025335,07/12/14,09.00.00,3,Struck animal,1,Sunday,167,STRUCK ANIMAL                        ,VCS,9,673,L,10,1,Day,2,2,1,0,0,1,1,5,Not at intersection,2,80,280223,N,2534293.734,2568013.356,SHEPPARTON,NORTH EASTERN REGION,RURAL_VICTORIA,-36.38641,145.38226,3629,Lower Goulburn National Park
1509,T20140025778,12/12/14,21.50.00,3,Struck animal,6,Friday,167,STRUCK ANIMAL                        ,VCS,9,43,A,6,5,Dark No street lights,1,1,1,0,0,0,1,5,Not at intersection,2,100,280113,N,2371642.106,2521062.198,CENTRAL GOLDFIELDS,WESTERN REGION,RURAL_VICTORIA,-36.80144,143.56143,3475,Kara Kara National Park
1510,T20140026060,02/10/14,04.20.00,3,Struck animal,4,Thursday,167,STRUCK ANIMAL                        ,VCS,9,609,M,9,5,Dark No street lights,1,1,0,1,0,0,2,5,Not at intersection,3,100,19747,N,2442543.506,2525033.324,BENDIGO,NORTHERN REGION,RURAL_VICTORIA,-36.77264,144.35632,3551,Greater Bendigo National Park
1511,T20140026703,20/12/14,15.00.00,3,Struck animal,6,Saturday,167,STRUCK ANIMAL                        ,VCS,9,71,H,7,1,Day,1,1,1,0,0,0,2,5,Not at intersection,2,100,281762,N,2184030.336,2397080.754,GLENELG,SOUTH WESTERN REGION,RURAL_VICTORIA,-37.8737,141.40776,3304,Lower Glenelg National Park
1512,T20140026866,26/12/14,08.00.00,3,Struck animal,6,Friday,167,STRUCK ANIMAL                        ,VCS,9,36,H,6,1,Day,1,1,0,1,0,0,2,2,T intersection,3,100,280380,I,2715116.804,2575399.158,TOWONG,NORTH EASTERN REGION,RURAL_VICTORIA,-36.29607,147.39527,3701,Burrowa - Pine Mountain National Park
1513,T20140026926,28/12/14,12.20.00,3,Struck animal,1,Sunday,167,STRUCK ANIMAL                        ,VCS,9,60,H,4,1,Day,1,1,0,1,0,0,1,5,Not at intersection,3,100,280916,N,2495243.159,2484003.603,MITCHELL,NORTHERN REGION,RURAL_VICTORIA,-37.14415,144.94645,3764,Heathcote-Graytown National Park
1514,T20150000041,01/01/15,19.30.00,3,Struck animal,5,Thursday,167,STRUCK ANIMAL                        ,VCS,9,92,A,8,2,Dusk/Dawn,1,1,1,0,0,0,1,5,Not at intersection,2,100,280618,N,2372860.721,2341281.939,COLAC OTWAY,SOUTH WESTERN REGION,RURAL_VICTORIA,-38.42132,143.54428,3249,Great Otway National Park
1515,T20150000153,03/01/15,14.55.00,3,Struck animal,7,Saturday,167,STRUCK ANIMAL                        ,VCS,9,48,E,9,1,Day,1,2,0,2,0,0,1,5,Not at intersection,3,100,280401,N,2607039.42,2505207.32,MANSFIELD,NORTH EASTERN REGION,RURAL_VICTORIA,-36.94698,146.20191,3723,Lake Eildon National Park
1516,T20150000258,03/01/15,23.00.00,3,Struck animal,7,Saturday,167,STRUCK ANIMAL                        ,VCS,9,34,H,2,5,Dark No street lights,1,1,0,1,0,0,1,5,Not at intersection,3,100,281734,N,2628995.483,2605215.994,INDIGO,NORTH EASTERN REGION,RURAL_VICTORIA,-36.043,146.43153,3685,Chiltern-Mt Pilot National Park
1517,T20150000278,07/12/14,03.00.00,3,Struck animal,1,Sunday,167,STRUCK ANIMAL                        ,VCS,9,34,J,7,5,Dark No street lights,1,2,0,1,0,1,1,5,Not at intersection,3,100,280412,N,2631499.38,2573491.698,WANGARATTA,NORTH EASTERN REGION,RURAL_VICTORIA,-36.32854,146.46473,3678,Chiltern-Mt Pilot National Park
1518,T20150000655,10/01/15,15.15.00,3,Struck animal,7,Saturday,167,STRUCK ANIMAL                        ,VCS,9,415,E,5,1,Day,1,1,1,0,0,0,1,5,Not at intersection,2,100,280890,N,2468962.033,2465082.412,MACEDON RANGES,NORTHERN REGION,RURAL_VICTORIA,-37.31416,144.64981,3442,Organ Pipes National Park
1519,T20150000731,12/01/15,04.50.00,3,Struck animal,1,Monday,167,STRUCK ANIMAL                        ,VCS,9,48,J,3,2,Dusk/Dawn,1,1,0,1,0,0,1,5,Not at intersection,3,100,281297,N,2629745.403,2544681.117,WANGARATTA,NORTH EASTERN REGION,RURAL_VICTORIA,-36.58841,146.45008,3678,Mount Buffalo National Park
1520,T20150000859,28/11/14,21.22.00,3,Struck animal,6,Friday,167,STRUCK ANIMAL                        ,VCS,9,62,D,8,5,Dark No street lights,1,3,2,1,0,0,1,5,Not at intersection,2,100,292202,N,2562980.322,2457147.397,MURRINDINDI,NORTH EASTERN REGION,RURAL_VICTORIA,-37.38406,145.71124,3714,Lake Eildon National Park
1521,T20150000902,13/01/15,22.37.00,3,Struck animal,3,Tuesday,167,STRUCK ANIMAL                        ,VCS,9,561,T,4,5,Dark No street lights,1,1,0,1,0,0,1,5,Not at intersection,3,100,282813,N,2396678.1,2444863.468,BALLARAT,WESTERN REGION,RURAL_VICTORIA,-37.49116,143.83151,3352,Brisbane Ranges National Park
1522,T20150001142,16/01/15,23.05.00,3,Struck animal,6,Friday,167,STRUCK ANIMAL                        ,VCS,9,26,J,5,5,Dark No street lights,1,1,0,1,0,0,1,5,Not at intersection,3,100,282635,N,2270188.623,2580583.572,YARRIAMBIACK,WESTERN REGION,RURAL_VICTORIA,-36.24592,142.44274,3393,Wyperfeld National Park
1523,T20150001600,22/01/15,23.00.00,3,Struck animal,4,Thursday,167,STRUCK ANIMAL                        ,VCS,9,609,Q,7,5,Dark No street lights,1,2,0,1,0,1,2,5,Not at intersection,3,60,281246,N,2444649.672,2525687.62,BENDIGO,NORTHERN REGION,RURAL_VICTORIA,-36.76687,144.37996,3551,Greater Bendigo National Park
1524,T20150001789,26/01/15,08.30.00,3,Struck animal,2,Monday,167,STRUCK ANIMAL                        ,VCS,9,56,G,5,1,Day,1,1,1,0,0,0,1,5,Not at intersection,2,100,281319,N,2314378.923,2471148.793,ARARAT,WESTERN REGION,RURAL_VICTORIA,-37.24162,142.90754,3377,Grampians National Park
1525,T20150001847,29/12/14,04.00.00,3,Struck animal,2,Monday,167,STRUCK ANIMAL                        ,VCS,9,8,C,5,5,Dark No street lights,1,1,0,1,0,0,2,5,Not at intersection,3,100,281859,N,2327526.74,2751268.977,SWAN HILL,NORTHERN REGION,RURAL_VICTORIA,-34.72031,143.11812,3599,Hattah - Kulkyne National Park
1526,T20150001895,16/09/14,21.00.00,3,Struck animal,3,Tuesday,167,STRUCK ANIMAL                        ,VCS,9,21,F,7,5,Dark No street lights,1,2,0,1,0,1,2,5,Not at intersection,3,100,281917,N,2434317.691,2627076.4,GANNAWARRA,NORTHERN REGION,RURAL_VICTORIA,-35.85247,144.2729,3568,Gunbower National Park
1527,T20150002133,30/01/15,23.20.00,3,Struck animal,6,Friday,167,STRUCK ANIMAL                        ,VCS,9,89,G,7,5,Dark No street lights,1,1,0,1,0,0,1,5,Not at intersection,3,100,281575,N,2269828.201,2349413.386,MOYNE,SOUTH WESTERN REGION,RURAL_VICTORIA,-38.32817,142.36762,3283,Mount Eccles National Park
1528,T20150002285,02/02/15,13.30.00,3,Struck animal,1,Monday,167,STRUCK ANIMAL                        ,VCS,9,93,B,3,1,Day,1,1,1,0,0,0,2,5,Not at intersection,2,999,281710,N,2414069.58,2381497.253,GOLDEN PLAINS,SOUTH WESTERN REGION,RURAL_VICTORIA,-38.06383,144.02081,3321,Brisbane Ranges National Park
1529,T20150002353,01/02/15,10.00.00,3,Struck animal,1,Sunday,167,STRUCK ANIMAL                        ,VCS,9,49,D,4,1,Day,1,1,0,1,0,0,2,5,Not at intersection,3,100,281788,N,2651374.814,2536604.763,ALPINE,NORTH EASTERN REGION,RURAL_VICTORIA,-36.65797,146.69338,3737,Mount Buffalo National Park
1530,T20150002518,06/01/15,05.30.00,3,Struck animal,3,Tuesday,167,STRUCK ANIMAL                        ,VCS,9,90,E,7,9,Unknown,1,1,1,0,0,0,2,5,Not at intersection,2,999,287494,N,2304167.03,2346621.738,MOYNE,SOUTH WESTERN REGION,RURAL_VICTORIA,-38.36122,142.75943,3265,Port Campbell National Park
1531,T20150002833,08/02/15,08.30.00,3,Struck animal,0,Sunday,167,STRUCK ANIMAL                        ,VCS,9,55,F,8,1,Day,1,1,0,1,0,0,2,5,Not at intersection,3,100,282236,N,2259478.088,2454783.428,SOUTHERN GRAMPIANS,SOUTH WESTERN REGION,RURAL_VICTORIA,-37.37656,142.28369,3314,Grampians National Park
1532,T20150003108,12/02/15,23.30.00,3,Struck animal,5,Thursday,167,STRUCK ANIMAL                        ,VCS,9,416,B,12,5,Dark No street lights,1,1,1,0,0,0,1,5,Not at intersection,2,100,282121,N,2477538.588,2451574.48,MACEDON RANGES,NORTHERN REGION,RURAL_VICTORIA,-37.43613,144.74617,3432,Organ Pipes National Park
1533,T20150003153,01/02/15,17.00.00,3,Struck animal,1,Sunday,167,STRUCK ANIMAL                        ,VCS,9,59,G,4,1,Day,1,1,0,1,0,0,2,5,Not at intersection,3,100,282329,N,2442575.467,2485399.919,MOUNT ALEXANDER,NORTHERN REGION,RURAL_VICTORIA,-37.12982,144.35366,3447,Greater Bendigo National Park
1534,T20150003213,14/02/15,10.30.00,3,Struck animal,7,Saturday,167,STRUCK ANIMAL                        ,VCS,9,55,J,4,1,Day,1,1,0,1,0,0,1,5,Not at intersection,3,80,282132,N,2277890.006,2482370.551,NORTHERN GRAMPIANS,WESTERN REGION,RURAL_VICTORIA,-37.13259,142.4997,3381,Grampians National Park
1535,T20150003216,07/02/15,15.00.00,3,Struck animal,7,Saturday,167,STRUCK ANIMAL                        ,VCS,9,29,B,9,1,Day,1,1,0,1,0,0,2,5,Not at intersection,3,100,282754,N,2374652.728,2559316.226,LODDON,NORTHERN REGION,RURAL_VICTORIA,-36.45712,143.60147,3518,Kara Kara National Park
1536,T20150003986,10/02/15,06.10.00,3,Struck animal,2,Tuesday,167,STRUCK ANIMAL                        ,VCS,9,609,U,8,2,Dusk/Dawn,1,1,0,1,0,0,2,2,T intersection,3,90,282515,I,2446405.266,2525226.329,BENDIGO,NORTHERN REGION,RURAL_VICTORIA,-36.77113,144.3996,3551,Greater Bendigo National Park
1537,T20150004025,24/02/15,06.45.00,3,Struck animal,3,Tuesday,167,STRUCK ANIMAL                        ,VCS,9,508,E,4,2,Dusk/Dawn,1,1,1,0,0,0,2,5,Not at intersection,2,60,282855,I,2262374.658,2399221.567,SOUTHERN GRAMPIANS,SOUTH WESTERN REGION,SMALL_TOWNS,-37.87775,142.29858,3289,Mount Eccles National Park
1538,T20150004263,12/02/15,06.00.00,3,Struck animal,5,Thursday,167,STRUCK ANIMAL                        ,VCS,9,46,D,3,2,Dusk/Dawn,1,2,0,1,0,1,2,5,Not at intersection,3,100,287153,N,2512615.353,2544296.561,SHEPPARTON,NORTH EASTERN REGION,RURAL_VICTORIA,-36.6007,145.14101,3610,Heathcote-Graytown National Park
1539,T20150004349,28/02/15,17.10.00,3,Struck animal,7,Saturday,167,STRUCK ANIMAL                        ,VCS,9,613,S,12,1,Day,1,2,2,0,0,0,1,5,Not at intersection,2,80,282808,N,2435773.105,2517593.699,BENDIGO,NORTHERN REGION,RURAL_VICTORIA,-36.83925,144.27984,3551,Greater Bendigo National Park
1540,T20150004417,01/03/15,19.45.00,3,Struck animal,1,Sunday,167,STRUCK ANIMAL                        ,VCS,9,59,E,2,2,Dusk/Dawn,1,1,1,0,0,0,1,5,Not at intersection,2,80,282751,N,2432136.728,2495873.183,MOUNT ALEXANDER,NORTHERN REGION,RURAL_VICTORIA,-37.03474,144.23712,3451,Greater Bendigo National Park
1541,T20150004533,03/03/15,07.00.00,3,Struck animal,3,Tuesday,167,STRUCK ANIMAL                        ,VCS,9,424,J,4,2,Dusk/Dawn,1,1,0,1,0,0,2,2,T intersection,3,100,286074,N,2455801.547,2444826.937,MACEDON RANGES,NORTHERN REGION,RURAL_VICTORIA,-37.49616,144.50013,3437,Organ Pipes National Park
1542,T20150004544,31/01/15,11.50.00,3,Struck animal,7,Saturday,167,STRUCK ANIMAL                        ,VCS,9,98,C,7,1,Day,1,1,0,1,0,0,2,5,Not at intersection,3,999,282853,N,2642599.017,2347653.319,WELLINGTON,EASTERN REGION,RURAL_VICTORIA,-38.36168,146.63145,3844,Tarra-Bulga National Park
1543,T20150004645,04/03/15,00.50.00,3,Struck animal,3,Wednesday,167,STRUCK ANIMAL                        ,VCS,9,60,A,2,5,Dark No street lights,1,1,0,1,0,0,2,5,Not at intersection,3,100,286303,N,2456042.188,2499181.183,BENDIGO,NORTHERN REGION,RURAL_VICTORIA,-37.00635,144.50604,3444,Greater Bendigo National Park
1544,T20150004914,07/03/15,11.15.00,3,Struck animal,6,Saturday,167,STRUCK ANIMAL                        ,VCS,9,609,P,9,1,Day,1,1,0,1,0,0,1,5,Not at intersection,3,100,286434,N,2443818.234,2525032.995,BENDIGO,NORTHERN REGION,RURAL_VICTORIA,-36.77272,144.3706,3551,Greater Bendigo National Park
1545,T20150005439,25/02/15,05.45.00,3,Struck animal,4,Wednesday,167,STRUCK ANIMAL                        ,VCS,9,104,D,2,2,Dusk/Dawn,1,1,1,0,0,0,2,5,Not at intersection,2,100,287518,N,2643794.94,2330627.092,WELLINGTON,EASTERN REGION,RURAL_VICTORIA,-38.51483,146.6485,3971,Tarra-Bulga National Park
1546,T20150005838,18/03/15,23.50.00,3,Struck animal,4,Wednesday,167,STRUCK ANIMAL                        ,VCS,9,49,E,3,5,Dark No street lights,1,1,0,1,0,0,2,2,T intersection,3,100,287118,I,2657879.68,2543855.255,ALPINE,NORTH EASTERN REGION,RURAL_VICTORIA,-36.59157,146.76463,3738,Mount Buffalo National Park
1547,T20150005841,04/03/15,21.50.00,3,Struck animal,4,Wednesday,167,STRUCK ANIMAL                        ,VCS,9,672,D,6,5,Dark No street lights,1,3,1,2,0,0,2,5,Not at intersection,2,80,286868,N,2530687.702,2570143.042,SHEPPARTON,NORTH EASTERN REGION,RURAL_VICTORIA,-36.36734,145.34198,3629,Lower Goulburn National Park
1548,T20150005879,19/03/15,06.10.00,3,Struck animal,5,Thursday,167,STRUCK ANIMAL                        ,VCS,9,664,K,4,5,Dark No street lights,1,1,0,1,0,0,1,5,Not at intersection,3,80,286883,N,2620302.875,2572601.198,WANGARATTA,NORTH EASTERN REGION,RURAL_VICTORIA,-36.33805,146.34017,3678,Warby-Ovens National Park
1549,T20150006344,12/02/15,20.30.00,3,Struck animal,4,Thursday,167,STRUCK ANIMAL                        ,VCS,9,90,E,6,2,Dusk/Dawn,1,1,0,1,0,0,2,5,Not at intersection,3,100,287074,N,2306997.796,2353315.011,MOYNE,SOUTH WESTERN REGION,RURAL_VICTORIA,-38.30154,142.79358,3265,Port Campbell National Park
1550,T20150006393,26/03/15,06.30.00,3,Struck animal,5,Thursday,167,STRUCK ANIMAL                        ,VCS,9,30,G,9,5,Dark No street lights,1,1,1,0,0,0,1,5,Not at intersection,2,100,287126,N,2439320.912,2556671.059,LODDON,NORTHERN REGION,RURAL_VICTORIA,-36.48731,144.32274,3570,Greater Bendigo National Park