,ACCIDENT_NO,ACCIDENT_DATE,ACCIDENT_TIME,ACCIDENT_TYPE,ACCIDENT_TYPE_DESC,DAY_OF_WEEK,DAY_WEEK_DESC,DCA_CODE,DCA_DESC,DIRECTORY,EDITION,PAGE,GRID_REFERENCE_X,GRID_REFERENCE_Y,LIGHT_CONDITION,LIGHT_CONDITION_DESC,NO_OF_VEHICLES,NO_PERSONS,NO_PERSONS_INJ_2,NO_PERSONS_INJ_3,NO_PERSONS_KILLED,NO_PERSONS_NOT_INJ,POLICE_ATTEND,ROAD_GEOMETRY,ROAD_GEOMETRY_DESC,SEVERITY,SPEED_ZONE,NODE_ID,NODE_TYPE,AMG_X,AMG_Y,LG_AREA_NAME,REGION_NAME,DEG_URBAN_NAME,LATITUDE,LONGITUDE,POSTCODE,NEAREST_NATIONAL_PARK_NAME
1551,T20150006537,12/03/15,15.00.00,3,Struck animal,5,Thursday,167,STRUCK ANIMAL                        ,VCS,9,88,F,5,1,Day,1,1,0,1,0,0,2,2,T intersection,3,100,287197,I,2225301.119,2357831.779,GLENELG,SOUTH WESTERN REGION,RURAL_VICTORIA,-38.24021,141.86189,3285,Mount Eccles National Park
1552,T20150006656,29/03/15,08.14.00,3,Struck animal,1,Sunday,167,STRUCK ANIMAL                        ,VCS,9,35,B,8,1,Day,1,2,1,0,0,1,1,5,Not at intersection,2,100,287241,N,2643049.863,2567293.979,WANGARATTA,NORTH EASTERN REGION,RURAL_VICTORIA,-36.38272,146.59452,3678,Chiltern-Mt Pilot National Park
1553,T20150006781,30/03/15,23.20.00,3,Struck animal,2,Monday,167,STRUCK ANIMAL                        ,VCS,9,44,D,7,5,Dark No street lights,2,2,1,0,0,1,1,5,Not at intersection,2,100,287372,N,2424658.778,2516327.328,BENDIGO,NORTHERN REGION,RURAL_VICTORIA,-36.84984,144.1551,3551,Greater Bendigo National Park
1554,T20150006867,31/03/15,22.00.00,3,Struck animal,3,Tuesday,167,STRUCK ANIMAL                        ,MEL,40,390,B,9,5,Dark No street lights,1,3,0,3,0,0,1,5,Not at intersection,3,80,287588,N,2506071.649,2433694.367,WHITTLESEA,METROPOLITAN NORTH WEST REGION,RURAL_VICTORIA,-37.5975,145.06876,3754,Kinglake National Park
1555,T20150007015,26/03/15,07.00.00,3,Struck animal,5,Thursday,167,STRUCK ANIMAL                        ,VCS,9,417,C,6,2,Dusk/Dawn,1,1,0,1,0,0,2,5,Not at intersection,3,80,287478,N,2501604.328,2462778.757,MITCHELL,NORTHERN REGION,RURAL_VICTORIA,-37.33543,145.01811,3758,Kinglake National Park
1556,T20150007019,02/04/15,20.08.00,3,Struck animal,5,Thursday,167,STRUCK ANIMAL                        ,VCS,9,92,A,7,5,Dark No street lights,1,3,3,0,0,0,1,2,T intersection,2,100,288482,I,2370600.045,2350728.216,COLAC OTWAY,SOUTH WESTERN REGION,RURAL_VICTORIA,-38.33593,143.52008,3249,Great Otway National Park
1557,T20150007195,05/04/15,18.35.00,3,Struck animal,1,Sunday,167,STRUCK ANIMAL                        ,VCS,9,56,B,4,2,Dusk/Dawn,1,1,0,1,0,0,1,5,Not at intersection,3,100,290899,N,2289111.949,2478047.113,ARARAT,WESTERN REGION,RURAL_VICTORIA,-37.17413,142.62476,3381,Grampians National Park
1558,T20150007688,31/03/15,06.30.00,3,Struck animal,3,Tuesday,167,STRUCK ANIMAL                        ,VCS,9,33,F,8,2,Dusk/Dawn,1,1,0,1,0,0,2,5,Not at intersection,3,100,287810,N,2577656.003,2564205.566,BENALLA,NORTH EASTERN REGION,RURAL_VICTORIA,-36.41817,145.86597,3725,Warby-Ovens National Park
1559,T20150007721,04/04/15,08.35.00,3,Struck animal,7,Saturday,167,STRUCK ANIMAL                        ,VCS,9,56,G,5,1,Day,1,1,0,1,0,0,2,5,Not at intersection,3,999,287838,N,2312434.434,2472293.566,ARARAT,WESTERN REGION,RURAL_VICTORIA,-37.23092,142.88591,3377,Grampians National Park
1560,T20150007748,13/04/15,16.30.00,3,Struck animal,2,Monday,167,STRUCK ANIMAL                        ,VCS,9,43,C,9,1,Day,1,1,0,1,0,0,1,5,Not at intersection,3,100,287847,N,2380637.558,2503156.038,CENTRAL GOLDFIELDS,WESTERN REGION,RURAL_VICTORIA,-36.96398,143.65941,3465,Kara Kara National Park
1561,T20150008094,10/03/15,20.10.00,3,Struck animal,3,Tuesday,167,STRUCK ANIMAL                        ,VCS,9,59,C,3,5,Dark No street lights,1,1,0,1,0,0,2,5,Not at intersection,3,100,288191,N,2417029.406,2488616.761,MOUNT ALEXANDER,NORTHERN REGION,RURAL_VICTORIA,-37.09892,144.0665,3462,Greater Bendigo National Park
1562,T20150008283,19/04/15,18.36.00,3,Struck animal,1,Sunday,171,LEFT OFF CARRIAGEWAY INTO OBJECT/PARKED VEHICLE       ,MEL,40,658,J,2,5,Dark No street lights,1,1,1,0,0,0,1,5,Not at intersection,2,90,288564,N,2462486.952,2449737.775,MACEDON RANGES,NORTHERN REGION,RURAL_VICTORIA,-37.4522,144.57598,3440,Organ Pipes National Park
1563,T20150008323,20/04/15,13.30.00,3,Struck animal,1,Monday,167,STRUCK ANIMAL                        ,VCS,9,63,D,6,1,Day,1,1,0,1,0,0,1,5,Not at intersection,3,999,289253,O,2601852.82,2467673.747,MANSFIELD,NORTH EASTERN REGION,RURAL_VICTORIA,-37.28578,146.14876,3723,Lake Eildon National Park
1564,T20150008336,20/04/15,10.05.00,3,Struck animal,2,Monday,167,STRUCK ANIMAL                        ,VCS,9,45,E,9,1,Day,1,2,0,1,0,1,1,5,Not at intersection,3,100,291779,N,2477870.979,2504296.411,BENDIGO,NORTHERN REGION,RURAL_VICTORIA,-36.96102,144.75148,3523,Heathcote-Graytown National Park
1565,T20150008445,21/04/15,19.15.00,3,Struck animal,3,Tuesday,167,STRUCK ANIMAL                        ,VCS,9,6,F,7,5,Dark No street lights,1,2,2,0,0,0,1,5,Not at intersection,2,110,288289,N,2252772.688,2734941.628,MILDURA,WESTERN REGION,RURAL_VICTORIA,-34.85115,142.29779,3490,Hattah - Kulkyne National Park
1566,T20150008457,11/04/15,18.00.00,3,Struck animal,7,Saturday,167,STRUCK ANIMAL                        ,VCS,9,76,E,6,2,Dusk/Dawn,1,2,0,2,0,0,2,5,Not at intersection,3,100,288533,N,2391628.907,2410771.772,GOLDEN PLAINS,SOUTH WESTERN REGION,RURAL_VICTORIA,-37.79775,143.76943,3352,Brisbane Ranges National Park
1567,T20150008819,26/04/15,18.45.00,3,Struck animal,1,Sunday,167,STRUCK ANIMAL                        ,MEL,40,160,C,9,5,Dark No street lights,1,2,0,1,0,1,1,5,Not at intersection,3,80,288709,N,2498920.323,2350679.634,MORNINGTON PENINSULA,METROPOLITAN SOUTH EAST REGION,RURAL_VICTORIA,-38.34543,144.98765,3936,Mornington Peninsula National Park
1568,T20150008868,30/03/15,17.00.00,3,Struck animal,2,Monday,167,STRUCK ANIMAL                        ,VCS,9,57,H,7,9,Unknown,1,1,1,0,0,0,2,5,Not at intersection,2,100,288453,I,2359970.509,2461243.648,PYRENEES,WESTERN REGION,RURAL_VICTORIA,-37.33879,143.41952,3373,Kara Kara National Park
1569,T20150008908,27/04/15,21.10.00,3,Struck animal,2,Monday,167,STRUCK ANIMAL                        ,VCS,9,72,G,5,5,Dark No street lights,1,1,1,0,0,0,1,5,Not at intersection,2,100,288454,N,2226241.779,2418717.389,SOUTHERN GRAMPIANS,SOUTH WESTERN REGION,RURAL_VICTORIA,-37.69224,141.89531,3301,Mount Eccles National Park
1570,T20150008922,01/02/15,05.00.00,3,Struck animal,1,Sunday,167,STRUCK ANIMAL                        ,VCS,9,702,D,2,3,Dark Street lights on,1,1,0,1,0,0,2,5,Not at intersection,3,80,288643,N,2624380.882,2354629.582,LATROBE,EASTERN REGION,RURAL_VICTORIA,-38.30148,146.42186,3842,Morwell National Park
1571,T20150009425,05/05/15,01.56.00,3,Struck animal,3,Tuesday,167,STRUCK ANIMAL                        ,VCS,9,98,C,2,5,Dark No street lights,1,1,1,0,0,0,1,5,Not at intersection,2,100,288864,N,2646672.678,2385700.634,WELLINGTON,EASTERN REGION,RURAL_VICTORIA,-38.01835,146.67041,3857,Baw Baw National Park
1572,T20150009791,09/05/15,17.33.00,3,Struck animal,7,Saturday,167,STRUCK ANIMAL                        ,VCS,9,59,J,5,5,Dark No street lights,1,2,1,0,0,1,1,5,Not at intersection,2,100,289080,N,2453155.747,2477878.471,MACEDON RANGES,NORTHERN REGION,RURAL_VICTORIA,-37.19819,144.47228,3444,Organ Pipes National Park
1573,T20150010136,13/04/15,21.30.00,3,Struck animal,1,Monday,167,STRUCK ANIMAL                        ,VCS,9,92,E,8,5,Dark No street lights,1,1,0,1,0,0,2,5,Not at intersection,3,100,289175,N,2395305.257,2344777.087,COLAC OTWAY,SOUTH WESTERN REGION,RURAL_VICTORIA,-38.39266,143.80174,3243,Great Otway National Park
1574,T20150010436,17/05/15,15.40.00,3,Struck animal,1,Sunday,167,STRUCK ANIMAL                        ,MEL,40,394,D,11,1,Day,1,1,0,1,0,0,1,5,Not at intersection,3,60,289191,N,2522821.975,2432850.955,NILLUMBIK,METROPOLITAN NORTH WEST REGION,RURAL_VICTORIA,-37.60484,145.25848,3761,Kinglake National Park
1575,T20150010466,06/04/15,11.45.00,3,Struck animal,2,Monday,167,STRUCK ANIMAL                        ,VCS,9,61,C,5,9,Unknown,1,1,0,1,0,0,2,5,Not at intersection,3,100,291151,N,2508568.072,2478651.911,MITCHELL,NORTHERN REGION,RURAL_VICTORIA,-37.19235,145.09652,3658,Kinglake National Park
1576,T20150010751,21/05/15,05.00.00,3,Struck animal,5,Thursday,167,STRUCK ANIMAL                        ,VCS,9,76,G,3,5,Dark No street lights,1,1,0,1,0,0,1,5,Not at intersection,3,100,290443,N,2403893.816,2431781.923,MOORABOOL,WESTERN REGION,RURAL_VICTORIA,-37.6098,143.91142,3352,Brisbane Ranges National Park
1577,T20150010779,27/04/15,17.30.00,3,Struck animal,2,Monday,167,STRUCK ANIMAL                        ,VCS,9,417,B,4,2,Dusk/Dawn,1,1,0,1,0,0,2,5,Not at intersection,3,100,289880,N,2499463.768,2466444.745,MITCHELL,NORTHERN REGION,RURAL_VICTORIA,-37.3024,144.99395,3764,Kinglake National Park
1578,T20150010955,23/05/15,18.30.00,3,Struck animal,6,Saturday,167,STRUCK ANIMAL                        ,MEL,40,331,J,2,5,Dark No street lights,1,1,0,1,0,0,1,5,Not at intersection,3,100,290031,N,2466110.154,2431658.594,MELTON,METROPOLITAN NORTH WEST REGION,RURAL_VICTORIA,-37.61525,144.61611,3337,Organ Pipes National Park
1579,T20150011202,26/05/15,18.59.00,3,Struck animal,3,Tuesday,167,STRUCK ANIMAL                        ,MEL,40,351,J,5,5,Dark No street lights,1,2,0,2,0,0,1,5,Not at intersection,3,80,291816,N,2473918.602,2430188.387,MELTON,METROPOLITAN NORTH WEST REGION,RURAL_VICTORIA,-37.62874,144.70451,3427,Organ Pipes National Park
1580,T20150011323,27/05/15,20.20.00,3,Struck animal,4,Wednesday,167,STRUCK ANIMAL                        ,VCS,9,83,F,8,5,Dark No street lights,3,5,0,3,0,2,1,5,Not at intersection,3,100,291094,N,2700423.1,2395381.799,EAST GIPPSLAND,EASTERN REGION,RURAL_VICTORIA,-37.9211,147.27971,3864,Mitchell River National Park
1581,T20150011765,03/06/15,03.10.00,3,Struck animal,3,Wednesday,167,STRUCK ANIMAL                        ,VCS,9,80,D,2,5,Dark No street lights,1,1,0,1,0,0,2,5,Not at intersection,3,100,290486,N,2563953.245,2441181.738,MURRINDINDI,NORTH EASTERN REGION,RURAL_VICTORIA,-37.52786,145.7236,3779,Yarra Ranges National Park
1582,T20150012152,18/05/15,18.20.00,3,Struck animal,1,Monday,167,STRUCK ANIMAL                        ,VCS,9,76,B,3,5,Dark No street lights,1,2,0,2,0,0,2,5,Not at intersection,3,999,291215,N,2377386.267,2430839.932,PYRENEES,WESTERN REGION,RURAL_VICTORIA,-37.61518,143.61105,3351,Brisbane Ranges National Park
1583,T20150012162,05/06/15,06.30.00,3,Struck animal,6,Friday,167,STRUCK ANIMAL                        ,VCS,9,97,E,5,5,Dark No street lights,1,1,0,1,0,0,2,5,Not at intersection,3,110,290155,N,2606208.967,2367011.479,BAW BAW,EASTERN REGION,RURAL_VICTORIA,-38.19222,146.21235,3824,Morwell National Park
1584,T20150012482,09/02/13,14.00.00,3,Struck animal,6,Saturday,167,STRUCK ANIMAL                        ,VCS,9,97,H,8,1,Day,1,1,0,1,0,0,2,5,Not at intersection,3,100,291554,N,2623291.924,2344667.537,LATROBE,EASTERN REGION,RURAL_VICTORIA,-38.39135,146.4111,3869,Morwell National Park
1585,T20150012491,19/05/15,23.15.00,3,Struck animal,2,Tuesday,167,STRUCK ANIMAL                        ,VCS,9,417,C,7,5,Dark No street lights,1,1,0,1,0,0,2,5,Not at intersection,3,100,290375,N,2499979.523,2461516.211,MITCHELL,NORTHERN REGION,RURAL_VICTORIA,-37.34681,144.99977,3758,Kinglake National Park
1586,T20150012501,10/06/15,13.00.00,3,Struck animal,4,Wednesday,167,STRUCK ANIMAL                        ,VCS,9,55,D,7,1,Day,1,1,0,1,0,0,2,5,Not at intersection,3,50,291171,N,2250861.739,2456679.02,SOUTHERN GRAMPIANS,SOUTH WESTERN REGION,RURAL_VICTORIA,-37.35723,142.18707,3314,Grampians National Park
1587,T20150012687,11/06/15,19.00.00,3,Struck animal,5,Thursday,167,STRUCK ANIMAL                        ,VCS,9,63,H,3,5,Dark No street lights,1,1,0,1,0,0,2,5,Not at intersection,3,60,290474,N,2624120.204,2486876.387,(MOUNT BULLER),NORTH EASTERN REGION,SMALL_TOWNS,-37.11007,146.3967,3722,Lake Eildon National Park
1588,T20150012758,25/05/15,22.30.00,3,Struck animal,1,Monday,167,STRUCK ANIMAL                        ,VCS,9,417,E,11,5,Dark No street lights,1,1,0,1,0,0,9,5,Not at intersection,3,80,290531,N,2505047.687,2452793.671,MITCHELL,NORTHERN REGION,RURAL_VICTORIA,-37.4254,145.05703,3756,Kinglake National Park
1589,T20150013257,22/06/15,17.15.00,3,Struck animal,2,Monday,167,STRUCK ANIMAL                        ,VCS,9,99,F,5,5,Dark No street lights,2,5,0,5,0,0,1,5,Not at intersection,3,100,290742,N,2699857.272,2365464.621,WELLINGTON,EASTERN REGION,RURAL_VICTORIA,-38.19067,147.28143,3851,The Lakes National Park
1590,T20150013491,12/06/15,18.00.00,3,Struck animal,5,Friday,167,STRUCK ANIMAL                        ,VCS,9,42,G,8,5,Dark No street lights,1,1,0,1,0,0,2,1,Cross intersection,3,100,292283,N,2351322.521,2506082.091,PYRENEES,WESTERN REGION,RURAL_VICTORIA,-36.93344,143.3308,3477,Kara Kara National Park
1591,T20150013565,24/06/15,05.30.00,3,Struck animal,4,Wednesday,167,STRUCK ANIMAL                        ,VCS,9,46,G,2,5,Dark No street lights,1,2,1,0,0,1,1,5,Not at intersection,2,100,291563,N,2532090.347,2549192.061,SHEPPARTON,NORTH EASTERN REGION,RURAL_VICTORIA,-36.55612,145.35849,3631,Lower Goulburn National Park
1592,T20150013590,27/04/15,19.30.00,3,Struck animal,1,Monday,167,STRUCK ANIMAL                        ,VCS,9,59,F,2,2,Dusk/Dawn,1,1,0,1,0,0,2,5,Not at intersection,3,110,290928,N,2436190.709,2494829.749,MOUNT ALEXANDER,NORTHERN REGION,RURAL_VICTORIA,-37.04443,144.2826,3451,Greater Bendigo National Park
1593,T20150014017,03/07/15,18.20.00,3,Struck animal,6,Friday,167,STRUCK ANIMAL                        ,VCS,9,424,H,5,5,Dark No street lights,1,2,1,0,0,1,1,5,Not at intersection,2,100,291336,N,2453819.41,2442261.338,MACEDON RANGES,NORTHERN REGION,RURAL_VICTORIA,-37.51918,144.47755,3437,Organ Pipes National Park
1594,T20150014020,03/07/15,18.30.00,3,Struck animal,6,Friday,167,STRUCK ANIMAL                        ,MEL,40,646,G,12,3,Dark Street lights on,1,1,0,1,0,0,2,5,Not at intersection,3,60,291204,N,2500190.351,2453466.516,MITCHELL,NORTHERN REGION,RURAL_VICTORIA,-37.41935,145.00215,3756,Kinglake National Park
1595,T20150014069,28/06/15,19.10.00,3,Struck animal,1,Sunday,167,STRUCK ANIMAL                        ,VCS,9,74,E,7,5,Dark No street lights,1,2,1,0,0,1,2,5,Not at intersection,2,100,291210,N,2305808.06,2401749.236,MOYNE,SOUTH WESTERN REGION,RURAL_VICTORIA,-37.86507,142.79282,3272,Grampians National Park
1596,T20150014428,05/09/14,23.00.00,3,Struck animal,5,Friday,167,STRUCK ANIMAL                        ,VCS,9,77,F,2,5,Dark No street lights,1,1,0,1,0,0,2,5,Not at intersection,3,80,292589,N,2438207.153,2440447.56,MOORABOOL,WESTERN REGION,RURAL_VICTORIA,-37.53462,144.30078,3458,Brisbane Ranges National Park
1597,T20150014788,29/05/15,23.00.00,3,Struck animal,6,Friday,167,STRUCK ANIMAL                        ,VCS,9,76,H,4,5,Dark No street lights,1,1,1,0,0,0,2,5,Not at intersection,2,100,292309,N,2408472.159,2429623.722,MOORABOOL,WESTERN REGION,RURAL_VICTORIA,-37.62971,143.963,3352,Brisbane Ranges National Park
1598,T20150014843,16/07/15,18.30.00,3,Struck animal,5,Thursday,167,STRUCK ANIMAL                        ,VCS,9,98,F,3,5,Dark No street lights,1,1,0,1,0,0,1,5,Not at intersection,3,100,291725,N,2662139.498,2376385.989,WELLINGTON,EASTERN REGION,RURAL_VICTORIA,-38.09968,146.84857,3847,Tarra-Bulga National Park
1599,T20150015291,22/07/15,18.45.00,3,Struck animal,4,Wednesday,167,STRUCK ANIMAL                        ,VCS,9,31,G,6,5,Dark No street lights,2,2,0,1,0,1,1,5,Not at intersection,3,100,292161,N,2493979.704,2577808.826,CAMPASPE,NORTHERN REGION,RURAL_VICTORIA,-36.29873,144.93297,3621,Lower Goulburn National Park
1600,T20150015426,18/07/15,17.15.00,3,Struck animal,6,Saturday,167,STRUCK ANIMAL                        ,VCS,9,60,E,3,9,Unknown,1,1,1,0,0,0,2,5,Not at intersection,2,100,292002,N,2478713.962,2486743.344,MITCHELL,NORTHERN REGION,RURAL_VICTORIA,-37.11923,144.76045,3522,Heathcote-Graytown National Park
1601,T20150015589,26/07/15,18.05.00,3,Struck animal,1,Sunday,167,STRUCK ANIMAL                        ,VCS,9,61,E,3,2,Dusk/Dawn,1,2,0,1,0,1,1,5,Not at intersection,3,100,292059,N,2518691.679,2487238.641,MITCHELL,NORTHERN REGION,RURAL_VICTORIA,-37.11482,145.21034,3660,Kinglake National Park
1602,T20150015628,26/07/15,20.15.00,3,Struck animal,1,Sunday,167,STRUCK ANIMAL                        ,VCS,9,83,C,6,5,Dark No street lights,1,1,1,0,0,0,2,5,Not at intersection,2,100,293129,N,2685986.097,2410233.015,WELLINGTON,EASTERN REGION,RURAL_VICTORIA,-37.79033,147.11181,3860,Mitchell River National Park
1603,T20150015676,06/06/15,07.50.00,3,Struck animal,7,Saturday,167,STRUCK ANIMAL                        ,VCS,9,35,B,8,2,Dusk/Dawn,1,1,0,1,0,0,2,5,Not at intersection,3,100,292172,N,2643377.702,2567311.315,WANGARATTA,NORTH EASTERN REGION,RURAL_VICTORIA,-36.38251,146.59817,3678,Chiltern-Mt Pilot National Park
1604,T20150015760,02/03/15,08.30.00,3,Struck animal,2,Monday,167,STRUCK ANIMAL                        ,VCS,9,45,D,8,1,Day,1,1,0,1,0,0,2,5,Not at intersection,3,100,292268,N,2472269.699,2510979.754,BENDIGO,NORTHERN REGION,RURAL_VICTORIA,-36.90064,144.68882,3523,Heathcote-Graytown National Park
1605,T20150015825,29/07/15,23.55.00,3,Struck animal,4,Wednesday,167,STRUCK ANIMAL                        ,VCS,9,41,B,9,5,Dark No street lights,1,1,1,0,0,0,1,5,Not at intersection,2,100,292266,N,2284449.756,2502385.847,NORTHERN GRAMPIANS,WESTERN REGION,RURAL_VICTORIA,-36.9538,142.57924,3385,Grampians National Park
1606,T20150015832,30/07/15,06.40.00,3,Struck animal,5,Thursday,167,STRUCK ANIMAL                        ,VCS,9,91,E,4,5,Dark No street lights,1,1,1,0,0,0,1,5,Not at intersection,2,100,293158,N,2343675.133,2368908.067,CORANGAMITE,SOUTH WESTERN REGION,RURAL_VICTORIA,-38.16803,143.21611,3260,Port Campbell National Park
1607,T20150015833,30/07/15,07.13.00,3,Struck animal,5,Thursday,167,STRUCK ANIMAL                        ,VCS,9,34,E,8,2,Dusk/Dawn,1,1,1,0,0,0,1,5,Not at intersection,2,100,292450,N,2611983.986,2566088.907,WANGARATTA,NORTH EASTERN REGION,RURAL_VICTORIA,-36.39776,146.24846,3678,Warby-Ovens National Park
1608,T20150016142,30/07/15,07.20.00,3,Struck animal,4,Thursday,167,STRUCK ANIMAL                        ,VCS,9,57,G,7,2,Dusk/Dawn,1,1,0,1,0,0,2,5,Not at intersection,3,100,292696,N,2355546.282,2457359.137,PYRENEES,WESTERN REGION,RURAL_VICTORIA,-37.37312,143.36884,3373,Kara Kara National Park
1609,T20150016149,30/07/15,16.00.00,3,Struck animal,5,Thursday,167,STRUCK ANIMAL                        ,MEL,40,335,B,9,2,Dusk/Dawn,1,1,0,1,0,0,2,5,Not at intersection,3,60,292518,N,2455408.837,2423972.614,MOORABOOL,WESTERN REGION,SMALL_TOWNS,-37.68405,144.49443,3340,Organ Pipes National Park
1610,T20150016562,09/08/15,11.20.00,3,Struck animal,0,Sunday,167,STRUCK ANIMAL                        ,VCS,9,56,A,5,1,Day,1,1,1,0,0,0,1,5,Not at intersection,2,100,292810,N,2281643.803,2471882.212,NORTHERN GRAMPIANS,WESTERN REGION,RURAL_VICTORIA,-37.22796,142.53889,3381,Grampians National Park
1611,T20150016632,15/06/15,01.00.00,3,Struck animal,2,Monday,167,STRUCK ANIMAL                        ,VCS,9,80,B,4,5,Dark No street lights,1,1,0,1,0,0,1,5,Not at intersection,3,999,292694,N,2551494.734,2429346.894,YARRA RANGES,METROPOLITAN SOUTH EAST REGION,RURAL_VICTORIA,-37.63527,145.58346,3777,Dandenong Ranges National Park
1612,T20150016647,10/08/15,18.50.00,3,Struck animal,2,Monday,167,STRUCK ANIMAL                        ,VCS,9,102,F,3,2,Dusk/Dawn,1,3,1,2,0,0,1,5,Not at intersection,2,100,292732,N,2567867.675,2322189.603,BASS COAST,EASTERN REGION,RURAL_VICTORIA,-38.59953,145.7789,3996,French Island National Park
1613,T20150016688,08/08/15,18.20.00,3,Struck animal,7,Saturday,167,STRUCK ANIMAL                        ,VCS,9,44,G,4,5,Dark No street lights,1,1,0,1,0,0,2,5,Not at intersection,3,100,292727,N,2444048.75,2535215.844,BENDIGO,NORTHERN REGION,RURAL_VICTORIA,-36.68096,144.37393,3551,Greater Bendigo National Park
1614,T20150016709,11/08/15,06.55.00,3,Struck animal,3,Tuesday,167,STRUCK ANIMAL                        ,VCS,9,102,G,3,2,Dusk/Dawn,1,1,0,1,0,0,1,5,Not at intersection,3,100,292890,N,2573146.821,2325454.311,SOUTH GIPPSLAND,EASTERN REGION,RURAL_VICTORIA,-38.56973,145.83916,3996,French Island National Park
1615,T20150016806,12/08/15,19.30.00,3,Struck animal,4,Wednesday,167,STRUCK ANIMAL                        ,VCS,9,50,B,6,5,Dark No street lights,1,2,0,2,0,0,1,5,Not at intersection,3,100,293503,N,2680362.426,2525229.741,ALPINE,NORTH EASTERN REGION,RURAL_VICTORIA,-36.75537,147.02027,3741,Mount Buffalo National Park
1616,T20150016917,14/08/15,09.40.00,3,Struck animal,6,Friday,167,STRUCK ANIMAL                        ,VCS,9,60,G,2,1,Day,1,2,0,1,0,1,1,5,Not at intersection,3,100,295772,N,2494359.318,2498616.235,MITCHELL,NORTHERN REGION,RURAL_VICTORIA,-37.01245,144.93661,3522,Heathcote-Graytown National Park
1617,T20150016975,09/08/15,16.30.00,3,Struck animal,0,Sunday,167,STRUCK ANIMAL                        ,VCS,9,425,G,3,2,Dusk/Dawn,1,1,0,1,0,0,2,5,Not at intersection,3,100,292921,N,2472020.267,2444630.943,HUME,METROPOLITAN NORTH WEST REGION,RURAL_VICTORIA,-37.49855,144.68355,3429,Organ Pipes National Park
1618,T20150017040,16/08/15,02.30.00,3,Struck animal,1,Sunday,167,STRUCK ANIMAL                        ,VCS,9,71,F,8,5,Dark No street lights,1,1,0,1,0,0,1,5,Not at intersection,3,100,292877,N,2174331.926,2390218.387,GLENELG,SOUTH WESTERN REGION,RURAL_VICTORIA,-37.93213,141.29457,3304,Lower Glenelg National Park
1619,T20150017051,16/08/15,06.00.00,3,Struck animal,1,Sunday,167,STRUCK ANIMAL                        ,VCS,9,98,G,3,5,Dark No street lights,5,8,0,1,0,7,1,5,Not at intersection,3,100,293346,N,2666109.424,2375318.889,WELLINGTON,EASTERN REGION,RURAL_VICTORIA,-38.10858,146.89406,3851,Tarra-Bulga National Park
1620,T20150017099,11/08/15,05.20.00,3,Struck animal,3,Tuesday,167,STRUCK ANIMAL                        ,VCS,9,608,H,12,5,Dark No street lights,1,1,0,1,0,0,1,5,Not at intersection,3,80,292953,N,2440480.586,2523239.245,BENDIGO,NORTHERN REGION,RURAL_VICTORIA,-36.78868,144.33307,3551,Greater Bendigo National Park
1621,T20150017557,09/05/15,20.30.00,3,Struck animal,7,Saturday,167,STRUCK ANIMAL                        ,MEL,40,260,A,9,5,Dark No street lights,1,1,0,1,0,0,2,5,Not at intersection,3,100,293119,N,2493976.179,2336187.836,MORNINGTON PENINSULA,METROPOLITAN SOUTH EAST REGION,RURAL_VICTORIA,-38.47594,144.93098,3939,Mornington Peninsula National Park
1622,T20150018118,21/08/15,17.45.00,3,Struck animal,6,Friday,167,STRUCK ANIMAL                        ,VCS,9,45,H,3,2,Dusk/Dawn,1,3,0,1,0,2,2,2,T intersection,3,100,19511,I,2497808.939,2546631.474,CAMPASPE,NORTHERN REGION,RURAL_VICTORIA,-36.57973,144.97552,3612,Heathcote-Graytown National Park
1623,T20150018222,01/09/15,23.30.00,3,Struck animal,3,Tuesday,167,STRUCK ANIMAL                        ,VCS,9,417,D,11,5,Dark No street lights,1,1,0,1,0,0,1,5,Not at intersection,3,80,293600,N,2502020.15,2453384.111,MITCHELL,NORTHERN REGION,RURAL_VICTORIA,-37.42009,145.02282,3756,Kinglake National Park
1624,T20150019163,13/09/15,09.30.00,3,Struck animal,1,Sunday,167,STRUCK ANIMAL                        ,VCS,9,57,G,3,1,Day,1,1,0,1,0,0,2,5,Not at intersection,3,999,294028,N,2355532.526,2488715.91,PYRENEES,WESTERN REGION,RURAL_VICTORIA,-37.09058,143.37473,3478,Kara Kara National Park
1625,T20150019276,02/09/15,12.00.00,3,Struck animal,3,Wednesday,167,STRUCK ANIMAL                        ,VCS,9,62,C,9,1,Day,1,1,0,1,0,0,2,5,Not at intersection,3,100,294051,N,2559893.631,2450510.731,MURRINDINDI,NORTH EASTERN REGION,RURAL_VICTORIA,-37.44407,145.67692,3711,Lake Eildon National Park
1626,T20150019478,19/09/15,04.15.00,3,Struck animal,7,Saturday,167,STRUCK ANIMAL                        ,VCS,9,76,B,4,5,Dark No street lights,1,1,0,1,0,0,2,5,Not at intersection,3,100,294080,N,2374676.089,2423489.32,GOLDEN PLAINS,SOUTH WESTERN REGION,SMALL_TOWNS,-37.68104,143.57911,3360,Brisbane Ranges National Park
1627,T20150019513,19/09/15,19.57.00,3,Struck animal,7,Saturday,167,STRUCK ANIMAL                        ,MEL,40,391,H,7,3,Dark Street lights on,1,1,1,0,0,0,1,5,Not at intersection,2,80,294184,N,2512414.816,2434285.438,WHITTLESEA,METROPOLITAN NORTH WEST REGION,RURAL_VICTORIA,-37.59211,145.14059,3754,Kinglake National Park