,ACCIDENT_NO,ACCIDENT_DATE,ACCIDENT_TIME,ACCIDENT_TYPE,ACCIDENT_TYPE_DESC,DAY_OF_WEEK,DAY_WEEK_DESC,DCA_CODE,DCA_DESC,DIRECTORY,EDITION,PAGE,GRID_REFERENCE_X,GRID_REFERENCE_Y,LIGHT_CONDITION,LIGHT_CONDITION_DESC,NO_OF_VEHICLES,NO_PERSONS,NO_PERSONS_INJ_2,NO_PERSONS_INJ_3,NO_PERSONS_KILLED,NO_PERSONS_NOT_INJ,POLICE_ATTEND,ROAD_GEOMETRY,ROAD_GEOMETRY_DESC,SEVERITY,SPEED_ZONE,NODE_ID,NODE_TYPE,AMG_X,AMG_Y,LG_AREA_NAME,REGION_NAME,DEG_URBAN_NAME,LATITUDE,LONGITUDE,POSTCODE,NEAREST_NATIONAL_PARK_NAME
1628,T20150019535,20/09/15,08.00.00,3,Struck animal,1,Sunday,167,STRUCK ANIMAL                        ,VCS,9,35,C,4,1,Day,1,1,1,0,0,0,1,5,Not at intersection,2,110,294489,N,2648412.367,2595190.706,INDIGO,NORTH EASTERN REGION,RURAL_VICTORIA,-36.13051,146.6489,3688,Chiltern-Mt Pilot National Park
1629,T20150019537,20/09/15,06.00.00,3,Struck animal,1,Sunday,167,STRUCK ANIMAL                        ,VCS,9,47,F,3,2,Dusk/Dawn,1,1,1,0,0,0,1,5,Not at intersection,2,110,295189,N,2573078.452,2543506.391,STRATHBOGIE,NORTH EASTERN REGION,RURAL_VICTORIA,-36.60508,145.81691,3670,Warby-Ovens National Park
1630,T20150019748,19/08/15,18.15.00,3,Struck animal,4,Wednesday,167,STRUCK ANIMAL                        ,VCS,9,67,F,4,2,Dusk/Dawn,2,2,0,1,0,1,2,5,Not at intersection,3,100,294626,N,2789383.802,2477425.48,EAST GIPPSLAND,EASTERN REGION,RURAL_VICTORIA,-37.1588,148.25898,3885,Snowy River National Park
1631,T20150019863,24/09/15,23.50.00,3,Struck animal,5,Thursday,167,STRUCK ANIMAL                        ,MEL,40,466,D,9,5,Dark No street lights,2,3,0,2,0,1,1,5,Not at intersection,3,80,294337,N,2444715.801,2365498.213,GEELONG,SOUTH WESTERN REGION,RURAL_VICTORIA,-38.21029,144.36881,3217,Point Nepean National Park
1632,T20150019991,26/09/15,19.45.00,3,Struck animal,6,Saturday,167,STRUCK ANIMAL                        ,MEL,40,272,G,2,5,Dark No street lights,1,2,0,1,0,1,1,5,Not at intersection,3,80,294441,N,2523934.307,2426861.358,NILLUMBIK,METROPOLITAN NORTH WEST REGION,RURAL_VICTORIA,-37.65878,145.27127,3775,Dandenong Ranges National Park
1633,T20150020004,19/09/15,16.00.00,3,Struck animal,7,Saturday,167,STRUCK ANIMAL                        ,VCS,9,97,F,2,1,Day,1,1,0,1,0,0,2,5,Not at intersection,3,999,294433,N,2613090.218,2385883.502,BAW BAW,EASTERN REGION,RURAL_VICTORIA,-38.0214,146.28797,3825,Baw Baw National Park
1634,T20150020041,27/09/15,18.45.00,3,Struck animal,1,Sunday,167,STRUCK ANIMAL                        ,VCS,9,96,G,4,5,Dark No street lights,1,1,0,1,0,0,1,5,Not at intersection,3,80,294500,N,2581426.325,2374373.683,BAW BAW,EASTERN REGION,RURAL_VICTORIA,-38.12841,145.92866,3820,Yarra Ranges National Park
1635,T20150020244,14/09/15,18.55.00,3,Struck animal,1,Monday,167,STRUCK ANIMAL                        ,VCS,9,415,J,5,5,Dark No street lights,1,1,0,1,0,0,2,5,Not at intersection,3,100,297642,N,2476741.449,2466087.329,MACEDON RANGES,NORTHERN REGION,RURAL_VICTORIA,-37.30533,144.73761,3435,Organ Pipes National Park
1636,T20150020299,01/10/15,10.00.00,3,Struck animal,5,Thursday,167,STRUCK ANIMAL                        ,VCS,9,93,D,8,1,Day,1,1,1,0,0,0,1,5,Not at intersection,2,999,294646,N,2427719.174,2346159.999,SURF COAST,SOUTH WESTERN REGION,RURAL_VICTORIA,-38.38331,144.17284,3230,Great Otway National Park
1637,T20150020371,18/05/15,18.10.00,3,Struck animal,1,Monday,167,STRUCK ANIMAL                        ,VCS,9,32,G,3,5,Dark No street lights,1,1,0,1,0,0,1,5,Not at intersection,3,100,296278,N,2528268.912,2602687.639,MOIRA,NORTH EASTERN REGION,RURAL_VICTORIA,-36.07411,145.31383,3637,Lower Goulburn National Park
1638,T20150021098,26/09/15,14.30.00,3,Struck animal,7,Saturday,167,STRUCK ANIMAL                        ,VCS,9,57,F,5,1,Day,1,1,0,1,0,0,2,5,Not at intersection,3,999,295697,O,2345218.754,2473393.299,ARARAT,WESTERN REGION,RURAL_VICTORIA,-37.227,143.25557,3469,Kara Kara National Park
1639,T20150021358,14/10/15,06.15.00,3,Struck animal,4,Wednesday,167,STRUCK ANIMAL                        ,VCS,9,40,D,6,2,Dusk/Dawn,1,1,1,0,0,0,1,5,Not at intersection,2,100,295064,N,2244282.844,2522927.812,HORSHAM,WESTERN REGION,RURAL_VICTORIA,-36.75869,142.13533,3401,Grampians National Park
1640,T20150021569,19/10/15,00.05.00,3,Struck animal,1,Monday,167,STRUCK ANIMAL                        ,VCS,9,429,B,5,3,Dark Street lights on,1,1,1,0,0,0,1,2,T intersection,2,80,49524,I,2534432.242,2440019.915,MURRINDINDI,NORTH EASTERN REGION,RURAL_VICTORIA,-37.53988,145.38964,3775,Kinglake National Park
1641,T20150021699,16/10/15,15.45.00,3,Struck animal,5,Friday,167,STRUCK ANIMAL                        ,VCS,9,88,H,2,1,Day,1,1,1,0,0,0,2,5,Not at intersection,2,100,295201,N,2233559.02,2379950.903,MOYNE,SOUTH WESTERN REGION,RURAL_VICTORIA,-38.04347,141.96422,3286,Mount Eccles National Park
1642,T20150021753,20/10/15,22.10.00,3,Struck animal,3,Tuesday,167,STRUCK ANIMAL                        ,MEL,40,352,F,11,5,Dark No street lights,1,1,0,1,0,0,1,5,Not at intersection,3,100,295244,N,2476748.061,2428021.991,MELTON,METROPOLITAN NORTH WEST REGION,RURAL_VICTORIA,-37.64834,144.7365,3427,Organ Pipes National Park
1643,T20150022294,28/10/15,06.40.00,3,Struck animal,4,Wednesday,167,STRUCK ANIMAL                        ,VCS,9,76,E,6,2,Dusk/Dawn,1,1,1,0,0,0,1,5,Not at intersection,2,100,295525,N,2391106.761,2412497.742,GOLDEN PLAINS,SOUTH WESTERN REGION,RURAL_VICTORIA,-37.78214,143.76376,3352,Brisbane Ranges National Park
1644,T20150022437,29/10/15,21.05.00,3,Struck animal,5,Thursday,167,STRUCK ANIMAL                        ,VCS,9,96,D,9,5,Dark No street lights,1,2,0,2,0,0,1,5,Not at intersection,3,100,295783,N,2563945.923,2333589.143,SOUTH GIPPSLAND,EASTERN REGION,RURAL_VICTORIA,-38.49715,145.73289,3951,French Island National Park
1645,T20150023088,07/11/15,20.06.00,3,Struck animal,6,Saturday,167,STRUCK ANIMAL                        ,VCS,9,61,C,3,2,Dusk/Dawn,1,1,1,0,0,0,1,5,Not at intersection,2,100,295984,N,2507573.801,2489153.367,MITCHELL,NORTHERN REGION,RURAL_VICTORIA,-37.09772,145.08521,3659,Heathcote-Graytown National Park
1646,T20150023345,09/11/15,05.40.00,3,Struck animal,2,Monday,167,STRUCK ANIMAL                        ,VCS,9,414,B,9,5,Dark No street lights,1,1,0,1,0,0,2,5,Not at intersection,3,100,296307,N,2441946.853,2457572.207,HEPBURN,WESTERN REGION,RURAL_VICTORIA,-37.38055,144.34443,3458,Brisbane Ranges National Park
1647,T20150023641,30/10/15,02.00.00,3,Struck animal,5,Friday,167,STRUCK ANIMAL                        ,MEL,40,387,J,10,5,Dark No street lights,1,1,0,1,0,0,2,5,Not at intersection,3,100,296138,N,2497470.31,2433139.904,WHITTLESEA,METROPOLITAN NORTH WEST REGION,RURAL_VICTORIA,-37.60251,144.97135,3750,Organ Pipes National Park
1648,T20150023867,13/11/15,10.30.00,3,Struck animal,6,Friday,167,STRUCK ANIMAL                        ,VCS,9,50,B,3,1,Day,1,1,1,0,0,0,2,5,Not at intersection,2,100,296675,N,2680087.563,2540496.983,ALPINE,NORTH EASTERN REGION,RURAL_VICTORIA,-36.61786,147.01357,3691,Mount Buffalo National Park
1649,T20150024105,21/11/15,22.30.00,3,Struck animal,7,Saturday,167,STRUCK ANIMAL                        ,VCS,9,35,E,3,5,Dark No street lights,1,1,0,1,0,0,1,5,Not at intersection,3,100,296672,N,2658730.534,2600532.415,WODONGA,NORTH EASTERN REGION,RURAL_VICTORIA,-36.08071,146.76241,3691,Chiltern-Mt Pilot National Park
1650,T20150024580,27/11/15,21.15.00,3,Struck animal,6,Friday,167,STRUCK ANIMAL                        ,VCS,9,98,B,2,5,Dark No street lights,1,1,0,1,0,0,1,5,Not at intersection,3,100,296810,N,2642703.916,2383506.776,LATROBE,EASTERN REGION,RURAL_VICTORIA,-38.03873,146.62564,3856,Baw Baw National Park
1651,T20150024847,01/12/15,14.30.00,3,Struck animal,3,Tuesday,167,STRUCK ANIMAL                        ,VCS,9,32,C,6,1,Day,1,1,0,1,0,0,2,5,Not at intersection,3,80,296867,N,2510198.699,2579437.784,CAMPASPE,NORTHERN REGION,RURAL_VICTORIA,-36.28401,145.11353,3620,Lower Goulburn National Park
1652,T20150025206,29/11/15,13.00.00,3,Struck animal,1,Sunday,167,STRUCK ANIMAL                        ,VCS,9,424,A,5,1,Day,1,1,1,0,0,0,2,5,Not at intersection,2,999,296972,N,2440046.541,2441969.015,MOORABOOL,WESTERN REGION,RURAL_VICTORIA,-37.52103,144.32172,3341,Brisbane Ranges National Park
1653,T20150025495,08/12/15,20.20.00,3,Struck animal,2,Tuesday,167,STRUCK ANIMAL                        ,MEL,40,331,F,10,2,Dusk/Dawn,1,1,0,1,0,0,2,5,Not at intersection,3,100,297126,N,2464883.671,2428249.354,MELTON,METROPOLITAN NORTH WEST REGION,RURAL_VICTORIA,-37.64592,144.60206,3337,Organ Pipes National Park
1654,T20150025591,04/12/15,11.00.00,3,Struck animal,6,Friday,167,STRUCK ANIMAL                        ,VCS,9,51,D,6,1,Day,1,1,1,0,0,0,2,5,Not at intersection,2,100,297172,N,2742262.326,2519060.669,EAST GIPPSLAND,EASTERN REGION,RURAL_VICTORIA,-36.79708,147.71526,3701,Alpine National Park
1655,T20150025923,21/11/15,06.00.00,3,Struck animal,7,Saturday,167,STRUCK ANIMAL                        ,VCS,9,35,F,6,2,Dusk/Dawn,1,1,1,0,0,0,2,8,Private property,2,888,299455,N,2666958.212,2581051.64,INDIGO,NORTH EASTERN REGION,RURAL_VICTORIA,-36.25484,146.85796,3749,Chiltern-Mt Pilot National Park
1656,T20150026131,01/10/15,04.10.00,3,Struck animal,4,Thursday,167,STRUCK ANIMAL                        ,MEL,40,276,D,1,6,Dark Street lights unknown,1,1,0,1,0,0,2,5,Not at intersection,3,999,299014,N,2538184.602,2427292.785,YARRA RANGES,METROPOLITAN SOUTH EAST REGION,RURAL_VICTORIA,-37.65442,145.43276,3775,Dandenong Ranges National Park
1657,T20150026552,21/12/15,20.00.00,3,Struck animal,2,Monday,167,STRUCK ANIMAL                        ,VCS,9,80,B,9,2,Dusk/Dawn,1,1,1,0,0,0,1,5,Not at intersection,2,80,297575,N,2551331.193,2391062.231,CARDINIA,METROPOLITAN SOUTH EAST REGION,RURAL_VICTORIA,-37.98022,145.58427,3783,Dandenong Ranges National Park
1658,T20150026922,26/12/15,22.15.00,3,Struck animal,7,Saturday,167,STRUCK ANIMAL                        ,VCS,9,97,J,5,5,Dark No street lights,2,3,0,2,0,1,1,5,Not at intersection,3,110,298398,N,2626953.924,2361561.929,LATROBE,EASTERN REGION,RURAL_VICTORIA,-38.23869,146.45006,3840,Morwell National Park
1659,T20150026993,27/12/15,22.30.00,3,Struck animal,1,Sunday,167,STRUCK ANIMAL                        ,VCS,9,522,G,2,5,Dark No street lights,1,1,1,0,0,0,1,5,Not at intersection,2,100,297816,N,2387197.075,2399311.736,GOLDEN PLAINS,SOUTH WESTERN REGION,RURAL_VICTORIA,-37.90047,143.71736,3330,Brisbane Ranges National Park
1660,T20150027161,12/12/15,12.30.00,3,Struck animal,7,Saturday,167,STRUCK ANIMAL                        ,VCS,9,429,G,8,1,Day,1,1,0,1,0,0,2,2,T intersection,3,100,297914,N,2544597.528,2434402.479,YARRA RANGES,METROPOLITAN SOUTH EAST REGION,RURAL_VICTORIA,-37.59007,145.50501,3777,Dandenong Ranges National Park
1661,T20150027189,30/12/15,22.40.00,3,Struck animal,4,Wednesday,167,STRUCK ANIMAL                        ,VCS,9,102,E,3,5,Dark No street lights,1,1,0,1,0,0,1,5,Not at intersection,3,100,297971,N,2560413.545,2324788.624,BASS COAST,EASTERN REGION,RURAL_VICTORIA,-38.57665,145.69314,3995,French Island National Park
1662,T20150027216,21/12/15,23.30.00,3,Struck animal,2,Monday,167,STRUCK ANIMAL                        ,VCS,9,90,E,6,5,Dark No street lights,1,1,0,1,0,0,2,5,Not at intersection,3,100,297912,N,2304301.156,2352076.855,MOYNE,SOUTH WESTERN REGION,RURAL_VICTORIA,-38.31212,142.76243,3265,Port Campbell National Park
1663,T20160000478,08/01/16,05.05.00,3,Struck animal,5,Friday,167,STRUCK ANIMAL                        ,MEL,40,383,B,9,5,Dark No street lights,1,2,0,1,0,1,1,5,Not at intersection,3,100,298249,N,2478860.235,2433493.428,HUME,METROPOLITAN NORTH WEST REGION,RURAL_VICTORIA,-37.59909,144.76059,3429,Organ Pipes National Park
1664,T20160000734,31/12/15,22.35.00,3,Struck animal,5,Thursday,167,STRUCK ANIMAL                        ,VCS,9,59,H,3,6,Dark Street lights unknown,1,1,0,1,0,0,2,5,Not at intersection,3,100,298374,N,2449147.196,2488086.397,MOUNT ALEXANDER,NORTHERN REGION,RURAL_VICTORIA,-37.10599,144.42781,3448,Greater Bendigo National Park
1665,T20160000802,04/01/16,20.30.00,3,Struck animal,2,Monday,167,STRUCK ANIMAL                        ,VCS,9,603,O,4,2,Dusk/Dawn,1,1,0,1,0,0,2,5,Not at intersection,3,60,298553,N,2433680.727,2533333.05,BENDIGO,NORTHERN REGION,RURAL_VICTORIA,-36.69726,144.25776,3556,Greater Bendigo National Park
1666,T20160000808,06/01/16,22.00.00,3,Struck animal,4,Wednesday,167,STRUCK ANIMAL                        ,MEL,40,646,A,5,6,Dark Street lights unknown,1,1,0,1,0,0,2,5,Not at intersection,3,90,298415,N,2497977.158,2456336.048,MITCHELL,NORTHERN REGION,RURAL_VICTORIA,-37.39349,144.97715,3756,Kinglake National Park
1667,T20160000819,28/09/15,01.00.00,3,Struck animal,2,Monday,167,STRUCK ANIMAL                        ,VCS,9,613,U,5,5,Dark No street lights,1,1,0,1,0,0,2,5,Not at intersection,3,80,298422,N,2436781.311,2520934.571,BENDIGO,NORTHERN REGION,RURAL_VICTORIA,-36.80921,144.29143,3550,Greater Bendigo National Park
1668,T20160001052,15/01/16,23.00.00,3,Struck animal,6,Friday,167,STRUCK ANIMAL                        ,VCS,9,45,E,9,5,Dark No street lights,1,2,0,2,0,0,1,5,Not at intersection,3,100,298573,N,2479524.567,2502144.677,MITCHELL,NORTHERN REGION,RURAL_VICTORIA,-36.98045,144.76999,3522,Heathcote-Graytown National Park
1669,T20160001272,10/01/16,00.30.00,3,Struck animal,0,Sunday,167,STRUCK ANIMAL                        ,VCS,9,46,E,5,5,Dark No street lights,1,1,0,1,0,0,2,5,Not at intersection,3,110,298883,N,2517419.578,2531330.252,STRATHBOGIE,NORTH EASTERN REGION,RURAL_VICTORIA,-36.71748,145.19501,3608,Heathcote-Graytown National Park
1670,T20160001396,20/01/16,05.05.00,3,Struck animal,4,Wednesday,167,STRUCK ANIMAL                        ,VCS,9,514,F,1,5,Dark No street lights,1,1,1,0,0,0,1,1,Cross intersection,2,80,16792,I,2278119.372,2346970.988,WARRNAMBOOL,SOUTH WESTERN REGION,RURAL_VICTORIA,-38.35219,142.46165,3280,Mount Eccles National Park
1671,T20160001415,16/01/16,22.30.00,3,Struck animal,7,Saturday,167,STRUCK ANIMAL                        ,MEL,40,12,D,1,9,Unknown,1,1,0,1,0,0,2,5,Not at intersection,3,60,298789,N,2514839.736,2427173.488,NILLUMBIK,METROPOLITAN NORTH WEST REGION,RURAL_VICTORIA,-37.65616,145.16819,3096,Kinglake National Park
1672,T20160001436,09/01/16,19.45.00,3,Struck animal,7,Saturday,167,STRUCK ANIMAL                        ,MEL,40,421,B,12,2,Dusk/Dawn,1,1,0,1,0,0,2,5,Not at intersection,3,999,299342,N,2439811.629,2383767.07,GEELONG,SOUTH WESTERN REGION,RURAL_VICTORIA,-38.04541,144.31432,3213,Brisbane Ranges National Park
1673,T20160001631,08/01/16,12.00.00,3,Struck animal,6,Friday,167,STRUCK ANIMAL                        ,VCS,9,47,F,6,1,Day,1,1,0,1,0,0,2,5,Not at intersection,3,999,299912,N,2576626.346,2521371.494,STRATHBOGIE,NORTH EASTERN REGION,RURAL_VICTORIA,-36.80428,145.8588,3669,Lake Eildon National Park
1674,T20160001804,21/01/16,20.30.00,3,Struck animal,4,Thursday,167,STRUCK ANIMAL                        ,MEL,40,357,H,12,2,Dusk/Dawn,1,1,0,1,0,0,2,5,Not at intersection,3,100,298941,N,2473490.401,2412873.127,MELTON,METROPOLITAN NORTH WEST REGION,RURAL_VICTORIA,-37.78475,144.69904,3029,Organ Pipes National Park
1675,T20160001820,26/01/16,22.40.00,3,Struck animal,3,Tuesday,167,STRUCK ANIMAL                        ,VCS,9,57,E,8,5,Dark No street lights,1,4,3,0,1,0,1,5,Not at intersection,1,100,299157,N,2340937.037,2456886.645,ARARAT,WESTERN REGION,RURAL_VICTORIA,-37.37501,143.20381,3375,Kara Kara National Park
1676,T20160002072,30/01/16,03.40.00,3,Struck animal,6,Saturday,167,STRUCK ANIMAL                        ,VCS,9,48,E,4,5,Dark No street lights,1,1,1,0,0,0,1,5,Not at intersection,2,100,299280,N,2606951.467,2539542.302,BENALLA,NORTH EASTERN REGION,RURAL_VICTORIA,-36.63757,146.19608,3673,Warby-Ovens National Park
1677,T20160002155,31/01/16,03.45.00,3,Struck animal,0,Sunday,167,STRUCK ANIMAL                        ,VCS,9,429,D,4,5,Dark No street lights,1,1,0,1,0,0,2,5,Not at intersection,3,100,299137,N,2538508.653,2441201.034,MURRINDINDI,NORTH EASTERN REGION,RURAL_VICTORIA,-37.52908,145.43571,3777,Kinglake National Park
1678,T20160002650,03/01/16,14.30.00,3,Struck animal,1,Sunday,167,STRUCK ANIMAL                        ,VCS,9,428,J,6,1,Day,1,1,1,0,0,0,2,5,Not at intersection,2,80,299353,N,2527849.852,2437543.433,NILLUMBIK,METROPOLITAN NORTH WEST REGION,RURAL_VICTORIA,-37.56242,145.31525,3763,Kinglake National Park
1679,T20160002867,19/01/16,21.10.00,3,Struck animal,2,Tuesday,167,STRUCK ANIMAL                        ,MEL,40,329,A,7,6,Dark Street lights unknown,1,2,0,1,0,1,2,5,Not at intersection,3,999,299443,N,2455327.807,2429543.321,MOORABOOL,WESTERN REGION,RURAL_VICTORIA,-37.63385,144.49385,3340,Organ Pipes National Park
1680,T20160003611,17/02/16,13.45.00,3,Struck animal,4,Wednesday,167,STRUCK ANIMAL                        ,VCS,9,93,E,7,1,Day,2,2,1,1,0,0,1,5,Not at intersection,2,100,299752,N,2433615.61,2347307.282,SURF COAST,SOUTH WESTERN REGION,RURAL_VICTORIA,-38.37342,144.24042,3228,Great Otway National Park
1681,T20160003860,21/02/16,15.05.00,3,Struck animal,1,Sunday,167,STRUCK ANIMAL                        ,VCS,9,48,E,9,1,Day,1,1,1,0,0,0,1,5,Not at intersection,2,100,299958,N,2606945.702,2505077.42,MANSFIELD,NORTH EASTERN REGION,RURAL_VICTORIA,-36.94816,146.20088,3723,Lake Eildon National Park
1682,T20160003906,21/02/16,21.25.00,3,Struck animal,1,Sunday,167,STRUCK ANIMAL                        ,VCS,9,92,E,9,5,Dark No street lights,1,3,2,0,0,1,1,5,Not at intersection,2,100,300060,N,2392955.882,2339346.537,COLAC OTWAY,SOUTH WESTERN REGION,RURAL_VICTORIA,-38.4413,143.77405,3243,Great Otway National Park
1683,T20160003962,10/01/16,18.00.00,3,Struck animal,1,Sunday,167,STRUCK ANIMAL                        ,VCS,9,91,D,5,1,Day,1,1,0,1,0,0,1,5,Not at intersection,3,100,306354,N,2339530.436,2360283.316,CORANGAMITE,SOUTH WESTERN REGION,RURAL_VICTORIA,-38.245,143.16693,3260,Port Campbell National Park
1684,T20160003992,23/02/16,03.25.00,3,Struck animal,3,Tuesday,167,STRUCK ANIMAL                        ,MEL,40,139,E,8,5,Dark No street lights,1,1,1,0,0,0,1,5,Not at intersection,2,100,300927,N,2530747.1,2370501.896,CASEY,METROPOLITAN SOUTH EAST REGION,RURAL_VICTORIA,-38.16636,145.35084,3978,French Island National Park
1685,T20160004009,02/02/16,07.05.00,3,Struck animal,2,Tuesday,167,STRUCK ANIMAL                        ,VCS,9,415,E,5,1,Day,1,1,0,1,0,0,2,5,Not at intersection,3,100,299970,N,2469185.379,2465085.321,MACEDON RANGES,NORTHERN REGION,RURAL_VICTORIA,-37.31414,144.65233,3442,Organ Pipes National Park
1686,T20160004027,22/02/16,13.30.00,3,Struck animal,2,Monday,167,STRUCK ANIMAL                        ,VCS,9,62,D,8,1,Day,1,1,1,0,0,0,1,5,Not at intersection,2,100,300007,N,2563220.638,2452066.288,MURRINDINDI,NORTH EASTERN REGION,RURAL_VICTORIA,-37.42983,145.71439,3711,Lake Eildon National Park
1687,T20160004091,24/02/16,08.30.00,3,Struck animal,4,Wednesday,167,STRUCK ANIMAL                        ,VCS,9,43,D,9,1,Day,2,2,0,1,0,1,2,5,Not at intersection,3,80,300458,N,2387227.104,2503371.965,CENTRAL GOLDFIELDS,WESTERN REGION,RURAL_VICTORIA,-36.96285,143.73344,3465,Kara Kara National Park
1688,T20160004201,25/02/16,06.55.00,3,Struck animal,4,Thursday,167,STRUCK ANIMAL                        ,VCS,9,44,D,7,1,Day,1,1,0,1,0,0,1,1,Cross intersection,3,100,300825,I,2424831.008,2519980.16,BENDIGO,NORTHERN REGION,RURAL_VICTORIA,-36.81693,144.1574,3551,Greater Bendigo National Park
1689,T20160004462,26/02/16,20.15.00,3,Struck animal,6,Friday,167,STRUCK ANIMAL                        ,VCS,9,44,D,7,2,Dusk/Dawn,1,1,1,0,0,0,1,5,Not at intersection,2,100,300192,N,2426614.462,2518672.46,BENDIGO,NORTHERN REGION,RURAL_VICTORIA,-36.82886,144.17726,3551,Greater Bendigo National Park
1690,T20160004649,23/01/16,22.00.00,3,Struck animal,7,Saturday,167,STRUCK ANIMAL                        ,VCS,9,57,C,7,5,Dark No street lights,1,4,0,2,0,2,1,5,Not at intersection,3,100,301944,N,2330925.52,2461316.513,ARARAT,WESTERN REGION,RURAL_VICTORIA,-37.33334,143.09179,3377,Kara Kara National Park
1691,T20160004749,29/02/16,22.30.00,3,Struck animal,2,Monday,167,STRUCK ANIMAL                        ,VCS,9,35,A,2,5,Dark No street lights,1,1,0,1,0,0,1,2,T intersection,3,100,301081,I,2639291.557,2604362.825,INDIGO,NORTH EASTERN REGION,RURAL_VICTORIA,-36.04924,146.54593,3685,Chiltern-Mt Pilot National Park
1692,T20160004913,04/03/16,13.15.00,3,Struck animal,6,Friday,167,STRUCK ANIMAL                        ,MEL,40,352,G,5,1,Day,1,1,1,0,0,0,1,5,Not at intersection,2,80,301026,N,2476841.622,2430363.929,HUME,METROPOLITAN NORTH WEST REGION,RURAL_VICTORIA,-37.62724,144.73763,3427,Organ Pipes National Park
1693,T20160004923,21/02/16,11.00.00,3,Struck animal,1,Sunday,167,STRUCK ANIMAL                        ,VCS,9,77,D,7,1,Day,1,1,0,1,0,0,2,5,Not at intersection,3,100,300479,N,2423933.989,2404032.505,GOLDEN PLAINS,SOUTH WESTERN REGION,RURAL_VICTORIA,-37.86167,144.13554,3333,Brisbane Ranges National Park
1694,T20160005103,29/01/16,04.15.00,3,Struck animal,5,Friday,167,STRUCK ANIMAL                        ,VCS,9,44,D,6,5,Dark No street lights,1,1,0,1,0,0,2,5,Not at intersection,3,100,300598,N,2425974.576,2520647.37,BENDIGO,NORTHERN REGION,RURAL_VICTORIA,-36.81101,144.17028,3551,Greater Bendigo National Park
1695,T20160005346,03/03/16,22.15.00,3,Struck animal,5,Thursday,167,STRUCK ANIMAL                        ,MEL,40,211,K,5,5,Dark No street lights,1,1,0,1,0,0,2,5,Not at intersection,3,80,300709,N,2540685.26,2391212.96,CARDINIA,METROPOLITAN SOUTH EAST REGION,RURAL_VICTORIA,-37.97939,145.46309,3808,Dandenong Ranges National Park
1696,T20160005483,05/03/16,15.00.00,3,Struck animal,6,Saturday,167,STRUCK ANIMAL                        ,VCS,9,50,J,8,1,Day,1,1,0,1,0,0,2,5,Not at intersection,3,100,300915,N,2718987.314,2506945.031,EAST GIPPSLAND,EASTERN REGION,RURAL_VICTORIA,-36.91193,147.45802,3898,Alpine National Park
1697,T20160005528,20/02/16,09.00.00,3,Struck animal,7,Saturday,167,STRUCK ANIMAL                        ,VCS,9,97,B,8,1,Day,1,1,0,1,0,0,2,5,Not at intersection,3,100,300851,N,2590829.193,2341579.239,SOUTH GIPPSLAND,EASTERN REGION,RURAL_VICTORIA,-38.42293,146.03998,3953,Morwell National Park
1698,T20160006101,12/03/16,17.30.00,3,Struck animal,6,Saturday,167,STRUCK ANIMAL                        ,VCS,9,417,G,11,1,Day,1,1,1,0,0,0,2,5,Not at intersection,2,999,301075,N,2508508.831,2453758.102,MITCHELL,NORTHERN REGION,RURAL_VICTORIA,-37.41668,145.09613,3756,Kinglake National Park
1699,T20160006102,18/03/16,22.45.00,3,Struck animal,6,Friday,167,STRUCK ANIMAL                        ,VCS,9,92,C,6,5,Dark No street lights,2,3,0,2,0,1,1,5,Not at intersection,3,100,301088,N,2383392.378,2353692.499,COLAC OTWAY,SOUTH WESTERN REGION,RURAL_VICTORIA,-38.31093,143.66684,3249,Great Otway National Park
1700,T20160006236,20/03/16,22.30.00,3,Struck animal,0,Sunday,167,STRUCK ANIMAL                        ,VCS,9,424,H,3,5,Dark No street lights,1,3,0,2,0,1,1,2,T intersection,3,100,55920,I,2453998.485,2445028.142,MACEDON RANGES,NORTHERN REGION,RURAL_VICTORIA,-37.49426,144.47975,3437,Organ Pipes National Park
1701,T20160006245,21/03/16,06.30.00,3,Struck animal,2,Monday,167,STRUCK ANIMAL                        ,VCS,9,32,H,9,5,Dark No street lights,5,5,4,0,0,1,1,5,Not at intersection,2,80,301325,N,2535914.159,2560174.204,SHEPPARTON,NORTH EASTERN REGION,RURAL_VICTORIA,-36.457,145.40069,3631,Lower Goulburn National Park
1702,T20160006329,22/03/16,02.35.00,3,Struck animal,3,Tuesday,167,STRUCK ANIMAL                        ,VCS,9,84,B,7,5,Dark No street lights,1,2,0,1,0,1,1,5,Not at intersection,3,100,301361,N,2729297.551,2402436.009,EAST GIPPSLAND,EASTERN REGION,RURAL_VICTORIA,-37.85089,147.60579,3875,The Lakes National Park
1703,T20160006466,22/03/16,23.45.00,3,Struck animal,3,Tuesday,167,STRUCK ANIMAL                        ,VCS,9,32,E,3,5,Dark No street lights,1,1,1,0,0,0,2,5,Not at intersection,2,100,301257,N,2519535.903,2600234.442,MOIRA,NORTH EASTERN REGION,RURAL_VICTORIA,-36.09644,145.21694,3638,Lower Goulburn National Park
1704,T20160006534,14/02/16,04.30.00,3,Struck animal,1,Sunday,167,STRUCK ANIMAL                        ,MEL,40,178,C,6,5,Dark No street lights,1,1,1,0,0,0,2,5,Not at intersection,2,999,301302,N,2487154.367,2429912.356,HUME,METROPOLITAN NORTH WEST REGION,RURAL_VICTORIA,-37.63151,144.85446,3059,Organ Pipes National Park