,ACCIDENT_NO,ACCIDENT_DATE,ACCIDENT_TIME,ACCIDENT_TYPE,ACCIDENT_TYPE_DESC,DAY_OF_WEEK,DAY_WEEK_DESC,DCA_CODE,DCA_DESC,DIRECTORY,EDITION,PAGE,GRID_REFERENCE_X,GRID_REFERENCE_Y,LIGHT_CONDITION,LIGHT_CONDITION_DESC,NO_OF_VEHICLES,NO_PERSONS,NO_PERSONS_INJ_2,NO_PERSONS_INJ_3,NO_PERSONS_KILLED,NO_PERSONS_NOT_INJ,POLICE_ATTEND,ROAD_GEOMETRY,ROAD_GEOMETRY_DESC,SEVERITY,SPEED_ZONE,NODE_ID,NODE_TYPE,AMG_X,AMG_Y,LG_AREA_NAME,REGION_NAME,DEG_URBAN_NAME,LATITUDE,LONGITUDE,POSTCODE,NEAREST_NATIONAL_PARK_NAME
1705,T20160006656,26/03/16,06.40.00,3,Struck animal,7,Saturday,167,STRUCK ANIMAL                        ,MEL,40,331,D,5,5,Dark No street lights,1,1,1,0,0,0,1,5,Not at intersection,2,100,301407,N,2464312.413,2430546.398,MELTON,METROPOLITAN NORTH WEST REGION,RURAL_VICTORIA,-37.6252,144.5957,3337,Organ Pipes National Park
1706,T20160006746,27/03/16,12.10.00,3,Struck animal,1,Sunday,167,STRUCK ANIMAL                        ,VCS,9,417,A,2,1,Day,1,1,0,1,0,0,1,5,Not at intersection,3,100,301395,N,2497295.759,2471679.169,MITCHELL,NORTHERN REGION,RURAL_VICTORIA,-37.25522,144.96951,3764,Kinglake National Park
1707,T20160006839,28/03/16,19.45.00,3,Struck animal,1,Monday,167,STRUCK ANIMAL                        ,VCS,9,428,B,3,5,Dark No street lights,1,1,1,0,0,0,1,5,Not at intersection,2,80,302725,N,2513652.411,2445051.216,WHITTLESEA,METROPOLITAN NORTH WEST REGION,RURAL_VICTORIA,-37.49508,145.1544,3757,Kinglake National Park
1708,T20160006952,16/12/15,21.20.00,3,Struck animal,3,Wednesday,167,STRUCK ANIMAL                        ,VCS,9,43,E,9,5,Dark No street lights,1,1,0,1,0,0,2,5,Not at intersection,3,100,302374,N,2390330.76,2501156.675,CENTRAL GOLDFIELDS,WESTERN REGION,RURAL_VICTORIA,-36.98318,143.76797,3465,Kara Kara National Park
1709,T20160007026,29/03/16,21.20.00,3,Struck animal,3,Tuesday,167,STRUCK ANIMAL                        ,VCS,9,97,F,4,5,Dark No street lights,1,1,0,1,0,0,2,5,Not at intersection,3,100,301640,N,2609960.643,2371838.12,BAW BAW,EASTERN REGION,RURAL_VICTORIA,-38.1483,146.25444,3825,Morwell National Park
1710,T20160007089,13/03/16,23.00.00,3,Struck animal,0,Sunday,167,STRUCK ANIMAL                        ,VCS,9,60,H,4,5,Dark No street lights,1,1,1,0,0,0,2,5,Not at intersection,2,100,301631,N,2495987.64,2483799.894,MITCHELL,NORTHERN REGION,RURAL_VICTORIA,-37.14599,144.95483,3764,Kinglake National Park
1711,T20160007216,02/04/16,23.40.00,3,Struck animal,7,Saturday,167,STRUCK ANIMAL                        ,VCS,9,58,F,8,5,Dark No street lights,1,2,0,2,0,0,1,5,Not at intersection,3,100,302037,N,2397959.266,2451807.771,HEPBURN,WESTERN REGION,RURAL_VICTORIA,-37.42873,143.84695,3364,Brisbane Ranges National Park
1712,T20160007318,31/03/16,19.00.00,3,Struck animal,5,Thursday,167,STRUCK ANIMAL                        ,VCS,9,31,H,2,2,Dusk/Dawn,1,2,0,1,0,1,1,5,Not at intersection,3,100,301781,N,2497884.078,2610066.258,MOIRA,NORTH EASTERN REGION,RURAL_VICTORIA,-36.00803,144.97653,3639,Barmah National Park
1713,T20160007459,05/04/16,14.45.00,3,Struck animal,3,Tuesday,167,STRUCK ANIMAL                        ,VCS,9,98,B,7,1,Day,1,1,1,0,0,0,1,5,Not at intersection,2,100,301837,N,2636803.542,2347873.121,LATROBE,EASTERN REGION,RURAL_VICTORIA,-38.36058,146.56511,3844,Tarra-Bulga National Park
1714,T20160007583,06/04/16,18.30.00,3,Struck animal,4,Wednesday,167,STRUCK ANIMAL                        ,VCS,9,22,E,9,5,Dark No street lights,1,2,0,1,0,1,2,2,T intersection,3,100,302025,I,2522115.527,2611030.214,MOIRA,NORTH EASTERN REGION,RURAL_VICTORIA,-35.99908,145.24528,3637,Barmah National Park
1715,T20160007849,10/04/16,18.30.00,3,Struck animal,1,Sunday,167,STRUCK ANIMAL                        ,VCS,9,59,B,4,5,Dark No street lights,1,2,0,1,0,1,1,5,Not at intersection,3,100,302033,N,2414398.535,2480666.42,MOUNT ALEXANDER,NORTHERN REGION,RURAL_VICTORIA,-37.17033,144.036,3462,Brisbane Ranges National Park
1716,T20160008224,14/04/16,04.10.00,3,Struck animal,5,Thursday,167,STRUCK ANIMAL                        ,MEL,40,385,K,11,9,Unknown,1,1,0,1,0,0,2,5,Not at intersection,3,999,302263,N,2489684.133,2432978.75,HUME,METROPOLITAN NORTH WEST REGION,RURAL_VICTORIA,-37.60391,144.88316,3063,Organ Pipes National Park
1717,T20160008268,14/04/16,23.10.00,3,Struck animal,5,Thursday,167,STRUCK ANIMAL                        ,VCS,9,34,G,2,5,Dark No street lights,1,2,0,2,0,0,1,5,Not at intersection,3,100,302352,N,2623108.279,2604202.612,INDIGO,NORTH EASTERN REGION,RURAL_VICTORIA,-36.05291,146.36637,3682,Warby-Ovens National Park
1718,T20160008532,19/04/16,14.05.00,3,Struck animal,2,Tuesday,167,STRUCK ANIMAL                        ,VCS,9,75,B,9,1,Day,1,1,0,1,0,0,2,5,Not at intersection,3,80,304170,N,2328844.69,2387581.614,CORANGAMITE,SOUTH WESTERN REGION,RURAL_VICTORIA,-37.99721,143.05128,3271,Port Campbell National Park
1719,T20160008832,23/04/16,04.05.00,3,Struck animal,6,Saturday,167,STRUCK ANIMAL                        ,VCS,9,34,F,8,5,Dark No street lights,1,1,0,1,0,0,1,5,Not at intersection,3,110,302984,N,2612988.414,2562712.144,WANGARATTA,NORTH EASTERN REGION,RURAL_VICTORIA,-36.42807,146.26016,3678,Warby-Ovens National Park
1720,T20160008835,23/04/16,05.15.00,3,Struck animal,7,Saturday,167,STRUCK ANIMAL                        ,VCS,9,2,A,6,5,Dark No street lights,1,1,0,1,0,0,1,5,Not at intersection,3,110,312286,N,2177685.052,2796383.788,MILDURA,WESTERN REGION,RURAL_VICTORIA,-34.27596,141.50239,3496,Murray - Sunset National Park
1721,T20160008875,23/04/16,01.25.00,3,Struck animal,7,Saturday,167,STRUCK ANIMAL                        ,VCS,9,21,E,7,5,Dark No street lights,1,2,2,0,0,0,1,5,Not at intersection,2,100,303340,N,2430289.144,2627781.328,GANNAWARRA,NORTHERN REGION,RURAL_VICTORIA,-35.84583,144.22837,3568,Gunbower National Park
1722,T20160008997,24/04/16,15.45.00,3,Struck animal,1,Sunday,167,STRUCK ANIMAL                        ,VCS,9,49,A,8,1,Day,1,1,1,0,0,0,2,5,Not at intersection,2,100,302687,N,2636506.561,2507219.863,WANGARATTA,NORTH EASTERN REGION,RURAL_VICTORIA,-36.92503,146.53237,3678,Mount Buffalo National Park
1723,T20160009114,26/03/16,11.15.00,3,Struck animal,6,Saturday,167,STRUCK ANIMAL                        ,VCS,9,65,F,7,1,Day,1,1,0,1,0,0,2,5,Not at intersection,3,999,312815,N,2701426.647,2456697.686,WELLINGTON,EASTERN REGION,RURAL_VICTORIA,-37.36855,147.27446,3862,Mitchell River National Park
1724,T20160009160,04/02/16,08.20.00,3,Struck animal,5,Thursday,167,STRUCK ANIMAL                        ,VCS,9,44,G,7,1,Day,1,1,0,1,0,0,2,5,Not at intersection,3,100,302861,N,2439249.333,2516867.454,BENDIGO,NORTHERN REGION,RURAL_VICTORIA,-36.84603,144.31876,3551,Greater Bendigo National Park
1725,T20160009202,27/04/16,19.50.00,3,Struck animal,4,Wednesday,167,STRUCK ANIMAL                        ,VCS,9,71,C,2,5,Dark No street lights,1,6,0,1,0,5,1,5,Not at intersection,3,100,303861,N,2155154.965,2431706.342,GLENELG,SOUTH WESTERN REGION,RURAL_VICTORIA,-37.55171,141.09596,3312,Lower Glenelg National Park
1726,T20160009333,18/04/15,21.00.00,3,Struck animal,7,Saturday,167,STRUCK ANIMAL                        ,VCS,9,522,H,1,5,Dark No street lights,1,1,1,0,0,0,2,5,Not at intersection,2,100,302821,N,2387323.495,2399754.399,GOLDEN PLAINS,SOUTH WESTERN REGION,RURAL_VICTORIA,-37.8965,143.71886,3330,Brisbane Ranges National Park
1727,T20160009479,27/03/16,22.00.00,3,Struck animal,1,Sunday,167,STRUCK ANIMAL                        ,VCS,9,7,F,6,5,Dark No street lights,1,5,0,1,0,4,2,5,Not at intersection,3,100,302860,N,2299946.416,2740654.231,SWAN HILL,NORTHERN REGION,RURAL_VICTORIA,-34.81061,142.81463,3549,Hattah - Kulkyne National Park
1728,T20160009503,01/05/16,18.00.00,3,Struck animal,1,Sunday,167,STRUCK ANIMAL                        ,VCS,9,27,A,9,5,Dark No street lights,1,1,1,0,0,0,1,5,Not at intersection,2,100,302954,N,2279409.63,2558256.098,YARRIAMBIACK,WESTERN REGION,RURAL_VICTORIA,-36.44927,142.53888,3392,Grampians National Park
1729,T20160009526,01/05/16,13.00.00,3,Struck animal,1,Sunday,167,STRUCK ANIMAL                        ,VCS,9,57,G,8,1,Day,1,1,0,1,0,0,2,2,T intersection,3,100,303307,I,2355706.568,2456309.145,PYRENEES,WESTERN REGION,RURAL_VICTORIA,-37.38261,143.37045,3373,Kara Kara National Park
1730,T20160009532,28/04/16,15.30.00,3,Struck animal,4,Thursday,167,STRUCK ANIMAL                        ,VCS,9,98,A,6,1,Day,1,2,0,1,0,1,2,5,Not at intersection,3,100,303000,N,2636014.969,2353786.058,LATROBE,EASTERN REGION,RURAL_VICTORIA,-38.30744,146.55499,3844,Tarra-Bulga National Park
1731,T20160009694,26/04/16,06.10.00,3,Struck animal,2,Tuesday,167,STRUCK ANIMAL                        ,VCS,9,76,G,2,5,Dark No street lights,1,1,0,1,0,0,2,5,Not at intersection,3,80,302999,N,2404877.208,2441426.18,BALLARAT,WESTERN REGION,RURAL_VICTORIA,-37.523,143.92379,3352,Brisbane Ranges National Park
1732,T20160009706,02/05/16,18.40.00,3,Struck animal,2,Monday,167,STRUCK ANIMAL                        ,VCS,9,32,B,2,5,Dark No street lights,1,1,0,1,0,0,2,5,Not at intersection,3,100,303606,N,2504455.53,2608526.231,MOIRA,NORTH EASTERN REGION,RURAL_VICTORIA,-36.0219,145.04943,3639,Barmah National Park
1733,T20160009926,23/04/16,16.10.00,3,Struck animal,6,Saturday,167,STRUCK ANIMAL                        ,VCS,9,59,E,6,1,Day,1,1,1,0,0,0,1,5,Not at intersection,2,100,303360,N,2431896.505,2465568.126,HEPBURN,WESTERN REGION,RURAL_VICTORIA,-37.30782,144.23167,3461,Brisbane Ranges National Park
1734,T20160010090,07/05/16,21.00.00,3,Struck animal,7,Saturday,167,STRUCK ANIMAL                        ,VCS,9,96,F,7,5,Dark No street lights,1,1,1,0,0,0,1,5,Not at intersection,2,100,303887,N,2576363.922,2348752.422,SOUTH GIPPSLAND,EASTERN REGION,RURAL_VICTORIA,-38.35963,145.87361,3951,French Island National Park
1735,T20160010128,09/05/16,03.15.00,3,Struck animal,2,Monday,167,STRUCK ANIMAL                        ,VCS,9,415,J,11,5,Dark No street lights,1,2,1,0,0,1,1,5,Not at intersection,2,100,304198,N,2476490.223,2452960.353,MACEDON RANGES,NORTHERN REGION,RURAL_VICTORIA,-37.42362,144.73437,3432,Organ Pipes National Park
1736,T20160010208,24/04/16,16.30.00,3,Struck animal,1,Sunday,167,STRUCK ANIMAL                        ,VCS,9,104,C,4,1,Day,1,1,0,1,0,0,2,5,Not at intersection,3,999,303251,N,2636284.311,2317850.066,WELLINGTON,EASTERN REGION,RURAL_VICTORIA,-38.63103,146.56482,3967,Tarra-Bulga National Park
1737,T20160010325,07/05/16,05.10.00,3,Struck animal,6,Saturday,167,STRUCK ANIMAL                        ,VCS,9,61,C,5,5,Dark No street lights,1,1,1,0,0,0,2,5,Not at intersection,2,100,303299,N,2508325.603,2476400.657,MITCHELL,NORTHERN REGION,RURAL_VICTORIA,-37.21264,145.09381,3658,Kinglake National Park
1738,T20160010546,13/05/16,18.20.00,3,Struck animal,6,Friday,167,STRUCK ANIMAL                        ,VCS,9,426,B,4,5,Dark No street lights,1,1,0,1,0,0,1,5,Not at intersection,3,100,305452,N,2478908.144,2443848.691,HUME,METROPOLITAN NORTH WEST REGION,RURAL_VICTORIA,-37.50578,144.76143,3429,Organ Pipes National Park
1739,T20160010903,16/05/16,10.15.00,3,Struck animal,2,Monday,167,STRUCK ANIMAL                        ,VCS,9,92,H,8,1,Day,1,1,1,0,0,0,2,5,Not at intersection,2,999,303596,N,2411137.994,2346774.98,SURF COAST,SOUTH WESTERN REGION,RURAL_VICTORIA,-38.37632,143.98318,3241,Great Otway National Park
1740,T20160011420,23/05/16,23.00.00,3,Struck animal,2,Monday,167,STRUCK ANIMAL                        ,VCS,9,416,K,13,5,Dark No street lights,1,2,0,2,0,0,2,5,Not at intersection,3,999,303992,N,2493542.62,2448853.06,MITCHELL,NORTHERN REGION,RURAL_VICTORIA,-37.4609,144.927,3753,Organ Pipes National Park
1741,T20160011660,27/05/16,22.00.00,3,Struck animal,6,Friday,167,STRUCK ANIMAL                        ,VCS,9,96,C,6,5,Dark No street lights,1,1,0,1,0,0,1,5,Not at intersection,3,100,304538,N,2555946.338,2355534.383,SOUTH GIPPSLAND,EASTERN REGION,RURAL_VICTORIA,-38.3,145.63952,3987,French Island National Park
1742,T20160011889,15/05/16,06.00.00,3,Struck animal,1,Sunday,167,STRUCK ANIMAL                        ,VCS,9,40,J,8,2,Dusk/Dawn,1,2,0,1,0,1,2,5,Not at intersection,3,100,304504,N,2273778.568,2509841.309,HORSHAM,WESTERN REGION,RURAL_VICTORIA,-36.88413,142.46168,3385,Grampians National Park
1743,T20160012029,01/06/16,16.15.00,3,Struck animal,3,Wednesday,167,STRUCK ANIMAL                        ,VCS,9,73,G,3,2,Dusk/Dawn,1,2,2,0,0,0,1,5,Not at intersection,2,100,304578,N,2265364.776,2427639.199,SOUTHERN GRAMPIANS,SOUTH WESTERN REGION,RURAL_VICTORIA,-37.62256,142.34158,3294,Grampians National Park
1744,T20160012097,02/06/16,07.50.00,3,Struck animal,5,Thursday,167,STRUCK ANIMAL                        ,VCS,9,97,J,6,1,Day,1,1,1,0,0,0,1,5,Not at intersection,2,100,304994,N,2630489.712,2353580.595,LATROBE,EASTERN REGION,RURAL_VICTORIA,-38.31009,146.49187,3840,Morwell National Park
1745,T20160012148,21/04/16,07.00.00,3,Struck animal,4,Thursday,167,STRUCK ANIMAL                        ,VCS,9,428,B,3,2,Dusk/Dawn,1,1,0,1,0,0,2,5,Not at intersection,3,80,304218,N,2513661.216,2445057.924,WHITTLESEA,METROPOLITAN NORTH WEST REGION,RURAL_VICTORIA,-37.49502,145.1545,3757,Kinglake National Park
1746,T20160012204,03/05/16,20.00.00,3,Struck animal,2,Tuesday,167,STRUCK ANIMAL                        ,VCS,9,97,J,4,5,Dark No street lights,1,2,0,1,0,1,2,5,Not at intersection,3,100,304339,N,2628855.86,2374041.565,LATROBE,EASTERN REGION,RURAL_VICTORIA,-38.12602,146.46958,3844,Morwell National Park
1747,T20160012467,24/03/16,15.45.00,3,Struck animal,5,Thursday,167,STRUCK ANIMAL                        ,MEL,40,392,C,8,1,Day,1,2,1,1,0,0,2,5,Not at intersection,2,50,305855,N,2514383.337,2434101.676,NILLUMBIK,METROPOLITAN NORTH WEST REGION,RURAL_VICTORIA,-37.59374,145.16288,3754,Kinglake National Park
1748,T20160012494,06/06/16,19.40.00,3,Struck animal,2,Monday,167,STRUCK ANIMAL                        ,VCS,9,102,E,2,5,Dark No street lights,2,3,2,0,1,0,1,5,Not at intersection,1,100,304336,N,2562338.764,2326926.91,BASS COAST,EASTERN REGION,RURAL_VICTORIA,-38.55726,145.71504,3995,French Island National Park
1749,T20160012634,30/05/16,18.00.00,3,Struck animal,2,Monday,167,STRUCK ANIMAL                        ,VCS,9,45,D,8,1,Day,1,1,0,1,0,0,2,5,Not at intersection,3,100,304748,N,2472767.167,2513447.871,BENDIGO,NORTHERN REGION,RURAL_VICTORIA,-36.87841,144.69449,3523,Heathcote-Graytown National Park
1750,T20160012668,08/06/16,16.00.00,3,Struck animal,4,Wednesday,167,STRUCK ANIMAL                        ,VCS,9,42,E,4,1,Day,1,1,0,1,0,0,2,5,Not at intersection,3,100,304557,N,2342064.656,2538408.695,NORTHERN GRAMPIANS,WESTERN REGION,RURAL_VICTORIA,-36.64064,143.23362,3478,Kara Kara National Park
1751,T20160012764,09/05/16,17.30.00,3,Struck animal,1,Monday,167,STRUCK ANIMAL                        ,VCS,9,44,F,8,2,Dusk/Dawn,1,1,1,0,0,0,1,5,Not at intersection,2,100,304832,N,2437272.669,2507497.439,BENDIGO,NORTHERN REGION,RURAL_VICTORIA,-36.93034,144.29582,3453,Greater Bendigo National Park
1752,T20160013237,13/06/16,23.30.00,3,Struck animal,2,Monday,167,STRUCK ANIMAL                        ,VCS,9,453,E,3,5,Dark No street lights,1,1,0,1,0,0,1,5,Not at intersection,3,100,305305,N,2431539.706,2375143.296,GOLDEN PLAINS,SOUTH WESTERN REGION,RURAL_VICTORIA,-38.12252,144.21928,3218,Brisbane Ranges National Park
1753,T20160013272,16/06/16,02.45.00,3,Struck animal,5,Thursday,167,STRUCK ANIMAL                        ,VCS,9,82,G,8,5,Dark No street lights,1,1,1,0,0,0,1,5,Not at intersection,2,100,304829,N,2665580.188,2395812.716,WELLINGTON,EASTERN REGION,RURAL_VICTORIA,-37.92408,146.88341,3859,Baw Baw National Park
1754,T20160013462,19/06/16,13.25.00,3,Struck animal,1,Sunday,167,STRUCK ANIMAL                        ,VCS,9,59,G,5,1,Day,1,1,1,0,0,0,1,5,Not at intersection,2,100,305338,N,2442320.588,2476050.583,HEPBURN,WESTERN REGION,RURAL_VICTORIA,-37.21406,144.35008,3446,Organ Pipes National Park
1755,T20160013493,19/06/16,13.30.00,3,Struck animal,0,Sunday,167,STRUCK ANIMAL                        ,VCS,9,417,H,9,1,Day,1,1,0,1,0,0,9,5,Not at intersection,3,999,305003,N,2511480.265,2456001.932,MITCHELL,NORTHERN REGION,RURAL_VICTORIA,-37.39643,145.12967,3658,Kinglake National Park
1756,T20160013518,13/06/16,12.30.00,3,Struck animal,1,Monday,167,STRUCK ANIMAL                        ,VCS,9,61,D,4,1,Day,1,1,0,1,0,0,2,5,Not at intersection,3,888,306123,N,2512341.54,2480706.566,MITCHELL,NORTHERN REGION,RURAL_VICTORIA,-37.17379,145.13899,3659,Kinglake National Park
1757,T20160014052,26/06/16,14.30.00,3,Struck animal,1,Sunday,167,STRUCK ANIMAL                        ,VCS,9,35,D,8,1,Day,1,1,0,1,0,0,2,5,Not at intersection,3,80,305218,N,2651621.933,2566233.551,INDIGO,NORTH EASTERN REGION,RURAL_VICTORIA,-36.39094,146.69026,3747,Chiltern-Mt Pilot National Park
1758,T20160014216,22/04/16,18.52.00,3,Struck animal,6,Friday,167,STRUCK ANIMAL                        ,VCS,9,91,B,9,5,Dark No street lights,1,2,0,1,0,1,1,5,Not at intersection,3,100,306361,N,2330720.899,2336753.753,CORANGAMITE,SOUTH WESTERN REGION,RURAL_VICTORIA,-38.45533,143.06085,3267,Port Campbell National Park
1759,T20160014335,30/06/16,17.45.00,3,Struck animal,5,Thursday,167,STRUCK ANIMAL                        ,VCS,9,32,G,2,5,Dark No street lights,2,2,0,2,0,0,2,5,Not at intersection,3,999,305488,N,2529427.37,2606643.626,MOIRA,NORTH EASTERN REGION,RURAL_VICTORIA,-36.03842,145.32654,3637,Lower Goulburn National Park
1760,T20160014336,26/06/16,04.40.00,3,Struck animal,0,Sunday,167,STRUCK ANIMAL                        ,VCS,9,417,E,12,5,Dark No street lights,1,1,0,1,0,0,2,5,Not at intersection,3,100,305348,N,2505270.577,2451808.066,MITCHELL,NORTHERN REGION,RURAL_VICTORIA,-37.43428,145.05956,3756,Kinglake National Park
1761,T20160014412,11/05/16,02.48.00,3,Struck animal,3,Wednesday,167,STRUCK ANIMAL                        ,VCS,9,97,J,5,5,Dark No street lights,1,2,0,1,0,1,2,5,Not at intersection,3,80,305911,N,2627473.605,2365375.09,LATROBE,EASTERN REGION,RURAL_VICTORIA,-38.20427,146.45533,3840,Morwell National Park
1762,T20160014487,04/07/16,01.00.00,3,Struck animal,2,Monday,167,STRUCK ANIMAL                        ,VCS,9,33,D,8,5,Dark No street lights,1,2,0,2,0,0,1,5,Not at intersection,3,100,309469,N,2562078.636,2563086.143,SHEPPARTON,NORTH EASTERN REGION,RURAL_VICTORIA,-36.4294,145.69236,3631,Lower Goulburn National Park
1763,T20160014878,21/06/16,18.20.00,3,Struck animal,3,Tuesday,167,STRUCK ANIMAL                        ,VCS,9,76,D,8,5,Dark No street lights,1,1,0,1,0,0,1,5,Not at intersection,3,100,306468,N,2384872.266,2399326.184,GOLDEN PLAINS,SOUTH WESTERN REGION,RURAL_VICTORIA,-37.90005,143.69093,3330,Brisbane Ranges National Park
1764,T20160015033,10/07/16,17.45.00,3,Struck animal,1,Sunday,167,STRUCK ANIMAL                        ,VCS,9,682,B,3,5,Dark No street lights,1,1,1,0,0,0,1,5,Not at intersection,2,100,305646,N,2521233.589,2448006.573,MURRINDINDI,NORTH EASTERN REGION,RURAL_VICTORIA,-37.46831,145.24006,3757,Kinglake National Park
1765,T20160015115,11/07/16,18.00.00,3,Struck animal,2,Monday,167,STRUCK ANIMAL                        ,VCS,9,85,G,5,5,Dark No street lights,1,1,0,1,0,0,1,5,Not at intersection,3,100,305724,N,2797158.867,2411687.29,EAST GIPPSLAND,EASTERN REGION,RURAL_VICTORIA,-37.74838,148.37269,3888,Snowy River National Park
1766,T20160015169,20/02/16,23.30.00,3,Struck animal,6,Saturday,167,STRUCK ANIMAL                        ,VCS,9,427,H,5,5,Dark No street lights,1,2,0,2,0,0,2,5,Not at intersection,3,80,307036,N,2509926.443,2441132.677,WHITTLESEA,METROPOLITAN NORTH WEST REGION,RURAL_VICTORIA,-37.53044,145.11232,3755,Kinglake National Park
1767,T20160015200,12/07/16,22.30.00,3,Struck animal,3,Tuesday,167,STRUCK ANIMAL                        ,MEL,40,392,J,12,5,Dark No street lights,1,1,0,1,0,0,1,5,Not at intersection,3,100,305963,N,2516769.641,2432567.982,NILLUMBIK,METROPOLITAN NORTH WEST REGION,RURAL_VICTORIA,-37.60752,145.18994,3099,Kinglake National Park
1768,T20160015206,13/07/16,06.50.00,3,Struck animal,4,Wednesday,167,STRUCK ANIMAL                        ,VCS,9,32,H,5,2,Dusk/Dawn,1,1,0,1,0,0,1,5,Not at intersection,3,100,305848,N,2534993.131,2588777.081,MOIRA,NORTH EASTERN REGION,RURAL_VICTORIA,-36.19925,145.38911,3634,Lower Goulburn National Park
1769,T20160015437,15/07/16,17.20.00,3,Struck animal,6,Friday,167,STRUCK ANIMAL                        ,VCS,9,56,A,8,2,Dusk/Dawn,1,1,1,0,0,0,1,5,Not at intersection,2,100,310378,N,2278815.57,2454387.199,ARARAT,WESTERN REGION,RURAL_VICTORIA,-37.3849,142.50185,3379,Grampians National Park
1770,T20160015474,28/03/16,12.30.00,3,Struck animal,2,Monday,167,STRUCK ANIMAL                        ,VCS,9,415,A,7,1,Day,1,3,0,1,0,2,2,5,Not at intersection,3,110,305878,N,2460242.183,2461457.065,MACEDON RANGES,NORTHERN REGION,RURAL_VICTORIA,-37.3465,144.55124,3442,Organ Pipes National Park
1771,T20160015633,18/07/16,10.15.00,3,Struck animal,1,Monday,167,STRUCK ANIMAL                        ,VCS,9,96,B,6,9,Unknown,1,1,0,1,0,0,1,5,Not at intersection,3,100,306223,N,2554434.927,2356641.586,SOUTH GIPPSLAND,EASTERN REGION,RURAL_VICTORIA,-38.29012,145.62216,3984,French Island National Park
1772,T20160015689,18/07/16,18.30.00,3,Struck animal,2,Monday,167,STRUCK ANIMAL                        ,VCS,9,102,E,2,5,Dark No street lights,1,1,0,1,0,0,1,5,Not at intersection,3,100,306053,N,2562304.583,2326828.452,BASS COAST,EASTERN REGION,RURAL_VICTORIA,-38.55815,145.71466,3995,French Island National Park
1773,T20160015750,14/07/16,20.00.00,3,Struck animal,5,Thursday,167,STRUCK ANIMAL                        ,MEL,40,665,B,3,5,Dark No street lights,1,1,0,1,0,0,2,5,Not at intersection,3,110,306013,N,2498435.484,2451973.795,MITCHELL,NORTHERN REGION,RURAL_VICTORIA,-37.4328,144.98232,3756,Kinglake National Park
1774,T20160015823,20/07/16,07.00.00,3,Struck animal,4,Wednesday,167,STRUCK ANIMAL                        ,VCS,9,415,H,10,5,Dark No street lights,1,1,0,0,1,0,1,2,T intersection,1,100,306069,I,2473907.266,2455758.767,MACEDON RANGES,NORTHERN REGION,RURAL_VICTORIA,-37.39833,144.70528,3434,Organ Pipes National Park
1775,T20160015924,21/07/16,07.00.00,3,Struck animal,4,Thursday,167,STRUCK ANIMAL                        ,VCS,9,417,D,13,2,Dusk/Dawn,1,1,0,1,0,0,2,5,Not at intersection,3,100,306165,N,2502792.772,2449139.259,WHITTLESEA,METROPOLITAN NORTH WEST REGION,RURAL_VICTORIA,-37.45834,145.03157,3753,Kinglake National Park
1776,T20160016141,23/07/16,23.00.00,3,Struck animal,7,Saturday,167,STRUCK ANIMAL                        ,VCS,9,34,H,6,5,Dark No street lights,1,4,0,1,0,3,1,5,Not at intersection,3,110,306366,N,2627280.719,2581122.289,WANGARATTA,NORTH EASTERN REGION,RURAL_VICTORIA,-36.26035,146.41648,3682,Warby-Ovens National Park
1777,T20160016150,24/07/16,06.40.00,3,Struck animal,1,Sunday,167,STRUCK ANIMAL                        ,VCS,9,59,G,4,5,Dark No street lights,1,1,0,1,0,0,1,5,Not at intersection,3,100,306226,N,2443057.476,2480458.574,HEPBURN,WESTERN REGION,RURAL_VICTORIA,-37.17438,144.35871,3446,Organ Pipes National Park
1778,T20160016475,28/07/16,13.00.00,3,Struck animal,5,Thursday,167,STRUCK ANIMAL                        ,VCS,9,575,L,5,1,Day,1,1,0,1,0,0,2,5,Not at intersection,3,100,306469,N,2383585.505,2426060.002,GOLDEN PLAINS,SOUTH WESTERN REGION,RURAL_VICTORIA,-37.65904,143.68051,3351,Brisbane Ranges National Park
1779,T20160016758,30/07/16,11.00.00,3,Struck animal,7,Saturday,167,STRUCK ANIMAL                        ,VCS,9,5,H,2,1,Day,1,1,0,1,0,0,2,1,Cross intersection,3,100,306585,I,2223754.087,2772792.79,MILDURA,WESTERN REGION,RURAL_VICTORIA,-34.50249,141.99387,3496,Hattah - Kulkyne National Park
1780,T20160016796,29/06/16,06.30.00,3,Struck animal,4,Wednesday,167,STRUCK ANIMAL                        ,VCS,9,83,F,8,2,Dusk/Dawn,1,3,0,1,0,2,1,5,Not at intersection,3,100,306591,N,2700748.705,2395466.353,EAST GIPPSLAND,EASTERN REGION,RURAL_VICTORIA,-37.92027,147.28339,3862,Mitchell River National Park
1781,T20160017243,06/08/16,13.45.00,3,Struck animal,7,Saturday,167,STRUCK ANIMAL                        ,VCS,9,82,C,9,1,Day,1,1,1,0,0,0,1,5,Not at intersection,2,100,306961,N,2643587.259,2390435.569,WELLINGTON,EASTERN REGION,RURAL_VICTORIA,-37.97618,146.63435,3825,Baw Baw National Park
1782,T20160017894,15/08/16,04.30.00,3,Struck animal,2,Monday,167,STRUCK ANIMAL                        ,VCS,9,32,B,6,5,Dark No street lights,2,2,0,1,0,1,1,5,Not at intersection,3,100,308325,N,2504448.294,2583108.95,CAMPASPE,NORTHERN REGION,RURAL_VICTORIA,-36.25097,145.0495,3620,Lower Goulburn National Park