,ACCIDENT_NO,ACCIDENT_DATE,ACCIDENT_TIME,ACCIDENT_TYPE,ACCIDENT_TYPE_DESC,DAY_OF_WEEK,DAY_WEEK_DESC,DCA_CODE,DCA_DESC,DIRECTORY,EDITION,PAGE,GRID_REFERENCE_X,GRID_REFERENCE_Y,LIGHT_CONDITION,LIGHT_CONDITION_DESC,NO_OF_VEHICLES,NO_PERSONS,NO_PERSONS_INJ_2,NO_PERSONS_INJ_3,NO_PERSONS_KILLED,NO_PERSONS_NOT_INJ,POLICE_ATTEND,ROAD_GEOMETRY,ROAD_GEOMETRY_DESC,SEVERITY,SPEED_ZONE,NODE_ID,NODE_TYPE,AMG_X,AMG_Y,LG_AREA_NAME,REGION_NAME,DEG_URBAN_NAME,LATITUDE,LONGITUDE,POSTCODE,NEAREST_NATIONAL_PARK_NAME
1783,T20160018282,28/11/15,05.00.00,3,Struck animal,6,Saturday,167,STRUCK ANIMAL                        ,VCS,9,99,H,2,5,Dark No street lights,1,1,0,1,0,0,2,5,Not at intersection,3,100,308873,N,2709942.699,2386161.289,WELLINGTON,EASTERN REGION,RURAL_VICTORIA,-38.00204,147.39058,3862,The Lakes National Park
1784,T20160018328,22/08/16,05.15.00,3,Struck animal,2,Monday,167,STRUCK ANIMAL                        ,VCS,9,91,D,5,5,Dark No street lights,1,1,0,1,0,0,1,5,Not at intersection,3,100,308175,N,2340044.037,2364606.72,CORANGAMITE,SOUTH WESTERN REGION,RURAL_VICTORIA,-38.20615,143.17374,3260,Port Campbell National Park
1785,T20160018433,26/05/16,18.00.00,3,Struck animal,4,Thursday,167,STRUCK ANIMAL                        ,VCS,9,61,F,4,5,Dark No street lights,1,2,0,1,0,1,1,2,T intersection,3,100,307844,I,2526052.238,2481752.48,MURRINDINDI,NORTH EASTERN REGION,RURAL_VICTORIA,-37.16409,145.29336,3717,Kinglake National Park
1786,T20160018471,21/08/16,19.00.00,3,Struck animal,1,Sunday,167,STRUCK ANIMAL                        ,MEL,40,303,A,1,5,Dark No street lights,1,1,0,1,0,0,1,5,Not at intersection,3,100,307568,N,2548716.243,2388286.271,CARDINIA,METROPOLITAN SOUTH EAST REGION,RURAL_VICTORIA,-38.00537,145.55469,3812,Dandenong Ranges National Park
1787,T20160018484,16/07/16,15.30.00,3,Struck animal,7,Saturday,167,STRUCK ANIMAL                        ,VCS,9,84,F,4,1,Day,1,1,1,0,0,0,2,5,Not at intersection,2,100,307467,N,2753499.331,2422485.121,EAST GIPPSLAND,EASTERN REGION,RURAL_VICTORIA,-37.66404,147.87379,3885,The Lakes National Park
1788,T20160018837,27/08/16,22.00.00,3,Struck animal,7,Saturday,167,STRUCK ANIMAL                        ,MEL,40,334,F,9,5,Dark No street lights,1,1,0,1,0,0,1,5,Not at intersection,3,100,307651,N,2453388.238,2424071.73,MOORABOOL,WESTERN REGION,RURAL_VICTORIA,-37.68306,144.47153,3340,Brisbane Ranges National Park
1789,T20160018853,21/03/16,06.40.00,3,Struck animal,2,Monday,167,STRUCK ANIMAL                        ,VCS,9,44,H,4,2,Dusk/Dawn,1,1,0,1,0,0,2,5,Not at intersection,3,100,307706,N,2445893.613,2535828.798,BENDIGO,NORTHERN REGION,RURAL_VICTORIA,-36.67555,144.39462,3551,Greater Bendigo National Park
1790,T20160019318,04/09/16,10.50.00,3,Struck animal,1,Sunday,167,STRUCK ANIMAL                        ,VCS,9,87,H,5,1,Day,1,1,1,0,0,0,1,5,Not at intersection,2,100,308058,N,2187472.072,2359135.071,GLENELG,SOUTH WESTERN REGION,RURAL_VICTORIA,-38.21648,141.43068,3305,Mount Richmond National Park
1791,T20160019384,03/09/16,13.00.00,3,Struck animal,7,Saturday,167,STRUCK ANIMAL                        ,VCS,9,93,C,7,1,Day,1,1,0,1,0,0,2,5,Not at intersection,3,888,309666,N,2421612.671,2352427.968,SURF COAST,SOUTH WESTERN REGION,RURAL_VICTORIA,-38.32635,144.10364,3240,Great Otway National Park
1792,T20160019441,05/09/16,19.30.00,3,Struck animal,2,Monday,167,STRUCK ANIMAL                        ,VCS,9,34,E,5,5,Dark No street lights,1,1,1,0,0,0,1,5,Not at intersection,2,100,308081,N,2612270.903,2585711.261,WANGARATTA,NORTH EASTERN REGION,RURAL_VICTORIA,-36.22089,146.24879,3678,Warby-Ovens National Park
1793,T20160019471,28/08/16,13.30.00,3,Struck animal,1,Sunday,167,STRUCK ANIMAL                        ,VCS,9,77,D,4,1,Day,1,1,0,1,0,0,2,5,Not at intersection,3,80,308142,N,2425866.699,2430100.678,MOORABOOL,WESTERN REGION,RURAL_VICTORIA,-37.62695,144.16012,3342,Brisbane Ranges National Park
1794,T20160019793,09/09/16,20.00.00,3,Struck animal,6,Friday,167,STRUCK ANIMAL                        ,VCS,9,88,D,5,5,Dark No street lights,1,1,0,1,0,0,1,5,Not at intersection,3,100,308644,N,2211967.749,2363199.043,GLENELG,SOUTH WESTERN REGION,RURAL_VICTORIA,-38.18784,141.71181,3304,Mount Eccles National Park
1795,T20160020056,13/09/16,18.45.00,3,Struck animal,3,Tuesday,167,STRUCK ANIMAL                        ,VCS,9,414,A,9,5,Dark No street lights,1,1,0,1,0,0,1,5,Not at intersection,3,100,308659,N,2441314.2,2458373.901,HEPBURN,WESTERN REGION,RURAL_VICTORIA,-37.37329,144.33735,3458,Brisbane Ranges National Park
1796,T20160020064,04/09/16,19.00.00,3,Struck animal,1,Sunday,167,STRUCK ANIMAL                        ,MEL,40,696,G,5,2,Dusk/Dawn,1,1,0,1,0,0,2,5,Not at intersection,3,100,309417,N,2465185.3,2440035.118,MACEDON RANGES,NORTHERN REGION,RURAL_VICTORIA,-37.53973,144.60603,3437,Organ Pipes National Park
1797,T20160020578,04/09/16,19.15.00,3,Struck animal,0,Sunday,167,STRUCK ANIMAL                        ,VCS,9,43,G,7,5,Dark No street lights,2,3,0,1,0,2,1,5,Not at intersection,3,100,308643,N,2399934.165,2515113.38,LODDON,NORTHERN REGION,RURAL_VICTORIA,-36.85848,143.8777,3463,Kara Kara National Park
1798,T20160021464,01/10/16,10.00.00,3,Struck animal,6,Saturday,167,STRUCK ANIMAL                        ,VCS,9,71,F,2,1,Day,1,1,0,1,0,0,2,5,Not at intersection,3,100,309200,N,2171369.996,2434710.494,GLENELG,SOUTH WESTERN REGION,RURAL_VICTORIA,-37.53051,141.28067,3311,Lower Glenelg National Park
1799,T20160021854,01/09/16,20.45.00,3,Struck animal,4,Thursday,167,STRUCK ANIMAL                        , , , , , ,5,Dark No street lights,1,1,0,1,0,0,1,5,Not at intersection,3,100,313112,N,2314573.217,2381125.016,MOYNE,SOUTH WESTERN REGION,RURAL_VICTORIA,-38.05263,142.88721,3272,Port Campbell National Park
1800,T20160021936,10/10/16,05.15.00,3,Struck animal,2,Monday,167,STRUCK ANIMAL                        ,VCS,9,32,F,7,5,Dark No street lights,4,4,2,1,1,0,1,5,Not at intersection,1,100,309232,N,2526968.525,2574853.336,SHEPPARTON,NORTH EASTERN REGION,RURAL_VICTORIA,-36.325,145.30037,3629,Lower Goulburn National Park
1801,T20160022225,14/10/16,06.30.00,3,Struck animal,5,Friday,167,STRUCK ANIMAL                        ,VCS,9,416,K,13,2,Dusk/Dawn,1,1,0,1,0,0,1,5,Not at intersection,3,100,309462,N,2493424.381,2448503.397,MITCHELL,NORTHERN REGION,RURAL_VICTORIA,-37.46405,144.92566,3753,Organ Pipes National Park
1802,T20160022228,13/10/16,05.30.00,3,Struck animal,5,Thursday,167,STRUCK ANIMAL                        ,VCS,9,30,D,4,5,Dark No street lights,1,1,0,1,0,0,1,5,Not at intersection,3,100,309487,N,2421830.406,2595633.397,LODDON,NORTHERN REGION,RURAL_VICTORIA,-36.13489,144.1315,3575,Terrick Terrick National Park
1803,T20160022290,12/10/16,04.37.00,3,Struck animal,4,Wednesday,167,STRUCK ANIMAL                        ,MEL,40,389,D,8,5,Dark No street lights,1,1,0,1,0,0,1,5,Not at intersection,3,80,309426,N,2503142.743,2434063.756,WHITTLESEA,METROPOLITAN NORTH WEST REGION,RURAL_VICTORIA,-37.59418,145.03559,3750,Kinglake National Park
1804,T20160022291,14/10/16,19.15.00,3,Struck animal,6,Friday,167,STRUCK ANIMAL                        ,VCS,9,35,E,7,1,Day,1,1,1,0,0,0,1,5,Not at intersection,2,888,311515,N,2661808.853,2570874.013,INDIGO,NORTH EASTERN REGION,RURAL_VICTORIA,-36.34744,146.80282,3747,Chiltern-Mt Pilot National Park
1805,T20160022383,16/10/16,01.00.00,3,Struck animal,1,Sunday,167,STRUCK ANIMAL                        ,VCS,9,44,J,9,5,Dark No street lights,1,1,1,0,0,0,1,5,Not at intersection,2,100,309454,N,2454686.538,2504181.712,BENDIGO,NORTHERN REGION,RURAL_VICTORIA,-36.96122,144.49111,3551,Greater Bendigo National Park
1806,T20160023115,25/10/16,10.58.00,3,Struck animal,3,Tuesday,167,STRUCK ANIMAL                        ,VCS,9,100,D,9,1,Day,1,2,0,2,0,0,1,5,Not at intersection,3,100,309865,N,2310789.939,2322079.797,MOYNE,SOUTH WESTERN REGION,RURAL_VICTORIA,-38.58359,142.82877,3270,Port Campbell National Park
1807,T20160023595,28/10/16,20.30.00,3,Struck animal,6,Friday,167,STRUCK ANIMAL                        ,VCS,9,453,H,11,5,Dark No street lights,1,2,0,1,0,1,1,5,Not at intersection,3,100,310228,N,2436124.871,2357381.66,SURF COAST,SOUTH WESTERN REGION,RURAL_VICTORIA,-38.28285,144.27001,3217,Point Nepean National Park
1808,T20160023598,23/10/16,11.55.00,3,Struck animal,0,Sunday,167,STRUCK ANIMAL                        ,VCS,9,36,E,4,1,Day,1,1,0,1,0,0,2,5,Not at intersection,3,100,310841,N,2699699.925,2592653.34,TOWONG,NORTH EASTERN REGION,RURAL_VICTORIA,-36.14398,147.21919,3700,Burrowa - Pine Mountain National Park
1809,T20160024164,22/10/16,13.00.00,3,Struck animal,7,Saturday,167,STRUCK ANIMAL                        ,VCS,9,98,E,4,1,Day,1,2,0,2,0,0,2,5,Not at intersection,3,100,310853,N,2656630.542,2369123.629,WELLINGTON,EASTERN REGION,RURAL_VICTORIA,-38.16604,146.78733,3847,Tarra-Bulga National Park
1810,T20160024329,09/11/16,19.00.00,3,Struck animal,3,Wednesday,167,STRUCK ANIMAL                        ,VCS,9,3,B,7,1,Day,1,1,0,1,0,0,2,5,Not at intersection,3,999,310562,N,2227065.768,2790074.995,MILDURA,WESTERN REGION,RURAL_VICTORIA,-34.34784,142.03574,3501,Hattah - Kulkyne National Park
1811,T20160024679,17/10/16,08.40.00,3,Struck animal,1,Monday,167,STRUCK ANIMAL                        ,VCS,9,59,J,5,1,Day,1,1,0,1,0,0,1,5,Not at intersection,3,100,310665,N,2452700.073,2474667.814,MACEDON RANGES,NORTHERN REGION,RURAL_VICTORIA,-37.2271,144.46694,3444,Organ Pipes National Park
1812,T20160024853,03/11/16,14.45.00,3,Struck animal,5,Thursday,167,STRUCK ANIMAL                        ,VCS,9,90,E,9,9,Unknown,1,1,1,0,0,0,2,5,Not at intersection,2,100,310845,N,2305369.906,2335779.099,MOYNE,SOUTH WESTERN REGION,RURAL_VICTORIA,-38.45911,142.77028,3268,Port Campbell National Park
1813,T20160025039,27/02/16,21.15.00,3,Struck animal,6,Saturday,167,STRUCK ANIMAL                        ,VCS,9,96,D,8,5,Dark No street lights,1,1,0,1,0,0,2,5,Not at intersection,3,100,311036,N,2564321.589,2346337.615,SOUTH GIPPSLAND,EASTERN REGION,RURAL_VICTORIA,-38.3823,145.73606,3945,French Island National Park
1814,T20160025393,20/11/16,17.30.00,3,Struck animal,1,Sunday,167,STRUCK ANIMAL                        ,VCS,9,39,H,8,1,Day,1,1,0,1,0,0,2,5,Not at intersection,3,100,311405,N,2228999.047,2508116.442,HORSHAM,WESTERN REGION,RURAL_VICTORIA,-36.88784,141.95893,3409,Little Desert National Park
1815,T20160027019,10/12/16,11.00.00,3,Struck animal,7,Saturday,167,STRUCK ANIMAL                        , , , , , ,1,Day,1,1,1,0,0,0,2,5,Not at intersection,2,999,313453,N,2354761.002,2486374.215,PYRENEES,WESTERN REGION,RURAL_VICTORIA,-37.11156,143.3656,3478,Kara Kara National Park
1816,T20160027235,18/12/16,01.45.00,3,Struck animal,1,Sunday,167,STRUCK ANIMAL                        ,VCS,9,417,D,13,5,Dark No street lights,1,1,0,0,1,0,1,5,Not at intersection,1,100,311946,N,2502805.838,2449565.29,WHITTLESEA,METROPOLITAN NORTH WEST REGION,RURAL_VICTORIA,-37.4545,145.03172,3753,Kinglake National Park
1817,T20160027258,18/12/16,13.43.00,3,Struck animal,1,Sunday,167,STRUCK ANIMAL                        ,VCS,9,417,D,9,1,Day,1,1,0,1,0,0,1,5,Not at intersection,3,100,311930,N,2502608.052,2457194.712,MITCHELL,NORTHERN REGION,RURAL_VICTORIA,-37.38575,145.02945,3758,Kinglake National Park
1818,T20160027294,15/12/16,05.30.00,3,Struck animal,5,Thursday,167,STRUCK ANIMAL                        ,VCS,9,443,A,10,2,Dusk/Dawn,1,1,0,1,0,0,1,5,Not at intersection,3,100,312221,N,2423878.267,2383684.946,GOLDEN PLAINS,SOUTH WESTERN REGION,RURAL_VICTORIA,-38.04498,144.1328,3331,Brisbane Ranges National Park
1819,T20160027399,19/12/16,09.45.00,3,Struck animal,2,Monday,167,STRUCK ANIMAL                        ,VCS,9,74,B,9,1,Day,1,1,1,0,0,0,1,5,Not at intersection,2,100,311986,N,2287327.493,2386876.592,MOYNE,SOUTH WESTERN REGION,RURAL_VICTORIA,-37.99498,142.57856,3274,Mount Eccles National Park
1820,T20160027548,22/12/16,10.20.00,3,Struck animal,5,Thursday,167,STRUCK ANIMAL                        ,VCS,9,80,B,3,1,Day,1,1,1,0,0,0,1,5,Not at intersection,2,100,312073,N,2553189.395,2431328.413,YARRA RANGES,METROPOLITAN SOUTH EAST REGION,RURAL_VICTORIA,-37.61732,145.60252,3778,Dandenong Ranges National Park
1821,T20160027562,21/12/16,22.30.00,3,Struck animal,4,Wednesday,167,STRUCK ANIMAL                        ,VCS,9,35,A,6,5,Dark No street lights,1,1,0,1,0,0,2,1,Cross intersection,3,60,312136,I,2637128.675,2575222.117,WANGARATTA,NORTH EASTERN REGION,SMALL_TOWNS,-36.31215,146.52711,3746,Chiltern-Mt Pilot National Park
1822,T20160028010,29/12/16,09.56.00,3,Struck animal,4,Thursday,167,STRUCK ANIMAL                        ,VCS,9,44,E,3,1,Day,1,3,0,1,0,2,1,5,Not at intersection,3,100,312343,N,2432548.187,2544176.018,BENDIGO,NORTHERN REGION,RURAL_VICTORIA,-36.59946,144.24605,3570,Greater Bendigo National Park
1823,T20170000098,03/01/17,04.30.00,3,Struck animal,2,Tuesday,167,STRUCK ANIMAL                        , , , , , ,5,Dark No street lights,1,1,0,1,0,0,2,5,Not at intersection,3,110,314560,N,2648251.712,2594685.196,INDIGO,NORTH EASTERN REGION,RURAL_VICTORIA,-36.13509,146.64721,3688,Chiltern-Mt Pilot National Park
1824,T20170000421,08/01/17,16.40.00,3,Struck animal,1,Sunday,167,STRUCK ANIMAL                        ,VCS,9,103,E,8,1,Day,1,1,0,1,0,0,1,5,Not at intersection,3,80,312717,N,2608700.452,2287365.904,SOUTH GIPPSLAND,EASTERN REGION,RURAL_VICTORIA,-38.90919,146.25275,3960,Wilsons Promontory National Park
1825,T20170000590,08/01/17,10.30.00,3,Struck animal,1,Sunday,167,STRUCK ANIMAL                        , , , , , ,1,Day,1,1,0,1,0,0,2,5,Not at intersection,3,999,313220,N,2595520.266,2391731.009,BAW BAW,EASTERN REGION,RURAL_VICTORIA,-37.9707,146.08713,3831,Baw Baw National Park
1826,T20170000993,19/12/16,05.15.00,3,Struck animal,2,Monday,167,STRUCK ANIMAL                        ,VCS,9,613,L,12,2,Dusk/Dawn,1,1,0,1,0,0,2,5,Not at intersection,3,100,19450,I,2432034.223,2517794.066,BENDIGO,NORTHERN REGION,RURAL_VICTORIA,-36.83718,144.23794,3555,Greater Bendigo National Park
1827,T20170001073,17/01/17,08.30.00,3,Struck animal,3,Tuesday,167,STRUCK ANIMAL                        , , , , , ,1,Day,2,2,0,1,0,1,1,5,Not at intersection,3,100,313299,N,2755559.085,2425155.421,EAST GIPPSLAND,EASTERN REGION,RURAL_VICTORIA,-37.63943,147.89621,3893,The Lakes National Park
1828,T20170001079,15/01/17,21.40.00,3,Struck animal,1,Sunday,167,STRUCK ANIMAL                        , , , , , ,5,Dark No street lights,1,3,0,1,0,2,1,5,Not at intersection,3,100,313564,N,2579382.72,2552792.984,BENALLA,NORTH EASTERN REGION,RURAL_VICTORIA,-36.52088,145.88641,3670,Warby-Ovens National Park
1829,T20170001609,25/01/17,22.40.00,3,Struck animal,4,Wednesday,167,STRUCK ANIMAL                        , , , , , ,6,Dark Street lights unknown,1,3,0,1,0,2,2,5,Not at intersection,3,999,313360,N,2502840.105,2448671.994,WHITTLESEA,METROPOLITAN NORTH WEST REGION,RURAL_VICTORIA,-37.46255,145.03211,3753,Kinglake National Park
1830,T20170001742,10/01/17,11.10.00,3,Struck animal,2,Tuesday,167,STRUCK ANIMAL                        , , , , , ,1,Day,1,1,0,1,0,0,2,5,Not at intersection,3,100,313387,N,2567907.163,2403273.277,YARRA RANGES,METROPOLITAN SOUTH EAST REGION,RURAL_VICTORIA,-37.86914,145.77181,3797,Yarra Ranges National Park
1831,T20170002157,27/01/17,06.00.00,3,Struck animal,6,Friday,167,STRUCK ANIMAL                        , , , , , ,2,Dusk/Dawn,1,1,0,1,0,0,2,5,Not at intersection,3,100,314491,N,2539310.999,2577942.638,SHEPPARTON,NORTH EASTERN REGION,RURAL_VICTORIA,-36.29673,145.43768,3633,Lower Goulburn National Park
1832,T20170002427,06/02/17,06.00.00,3,Struck animal,1,Monday,167,STRUCK ANIMAL                        , , , , , ,2,Dusk/Dawn,1,1,0,1,0,0,2,5,Not at intersection,3,80,314025,O,2567475.295,2478009.478,MURRINDINDI,NORTH EASTERN REGION,RURAL_VICTORIA,-37.19575,145.76012,3714,Lake Eildon National Park
1833,T20170002724,10/02/17,20.30.00,3,Struck animal,6,Friday,167,STRUCK ANIMAL                        , , , , , ,5,Dark No street lights,1,2,2,0,0,0,2,5,Not at intersection,2,100,313937,N,2453753.22,2517402.461,BENDIGO,NORTHERN REGION,RURAL_VICTORIA,-36.84203,144.48143,3551,Greater Bendigo National Park
1834,T20170002740,10/02/17,23.55.00,3,Struck animal,5,Friday,167,STRUCK ANIMAL                        , , , , , ,5,Dark No street lights,1,1,1,0,0,0,1,5,Not at intersection,2,100,315478,N,2550284.006,2410178.942,YARRA RANGES,METROPOLITAN SOUTH EAST REGION,RURAL_VICTORIA,-37.80804,145.57105,3139,Dandenong Ranges National Park
1835,T20170002779,11/02/17,21.00.00,3,Struck animal,7,Saturday,167,STRUCK ANIMAL                        , , , , , ,5,Dark No street lights,1,1,1,0,0,0,1,5,Not at intersection,2,100,314089,N,2437421.147,2468835.821,HEPBURN,WESTERN REGION,RURAL_VICTORIA,-37.27876,144.29427,3461,Brisbane Ranges National Park
1836,T20170003265,17/02/17,21.15.00,3,Struck animal,5,Friday,167,STRUCK ANIMAL                        , , , , , ,5,Dark No street lights,1,2,0,1,0,1,2,2,T intersection,3,100,319595,I,2665197.979,2385199.409,WELLINGTON,EASTERN REGION,RURAL_VICTORIA,-38.01975,146.88145,3858,Tarra-Bulga National Park
1837,T20170003416,25/06/15,06.30.00,3,Struck animal,4,Thursday,167,STRUCK ANIMAL                        , , , , , ,2,Dusk/Dawn,1,1,0,1,0,0,9,5,Not at intersection,3,80,314298,N,2624473.344,2365610.507,LATROBE,EASTERN REGION,RURAL_VICTORIA,-38.20256,146.42104,3840,Morwell National Park
1838,T20170003948,21/02/17,04.50.00,3,Struck animal,2,Tuesday,167,STRUCK ANIMAL                        , , , , , ,5,Dark No street lights,1,1,0,1,0,0,2,5,Not at intersection,3,999,314680,N,2537345.406,2577397.522,SHEPPARTON,NORTH EASTERN REGION,RURAL_VICTORIA,-36.30172,145.41582,3633,Lower Goulburn National Park
1839,T20170004195,28/02/17,06.50.00,3,Struck animal,2,Tuesday,167,STRUCK ANIMAL                        , , , , , ,2,Dusk/Dawn,1,1,0,1,0,0,2,5,Not at intersection,3,100,314662,N,2505241.28,2495638.597,MITCHELL,NORTHERN REGION,RURAL_VICTORIA,-37.03929,145.05892,3660,Heathcote-Graytown National Park
1840,T20170004348,03/03/17,14.00.00,3,Struck animal,6,Friday,167,STRUCK ANIMAL                        , , , , , ,1,Day,1,1,1,0,0,0,1,5,Not at intersection,2,100,314799,N,2302263.045,2351127.531,MOYNE,SOUTH WESTERN REGION,RURAL_VICTORIA,-38.32024,142.73888,3265,Port Campbell National Park
1841,T20170006028,25/03/17,09.30.00,3,Struck animal,7,Saturday,167,STRUCK ANIMAL                        , , , , , ,1,Day,1,3,0,1,0,2,1,5,Not at intersection,3,80,315489,N,2515294.661,2472722.436,MURRINDINDI,NORTH EASTERN REGION,RURAL_VICTORIA,-37.2457,145.17241,3658,Kinglake National Park
1842,T20170006065,26/03/17,06.30.00,3,Struck animal,1,Sunday,167,STRUCK ANIMAL                        , , , , , ,5,Dark No street lights,1,1,1,0,0,0,1,5,Not at intersection,2,100,315490,N,2721001.857,2401480.062,EAST GIPPSLAND,EASTERN REGION,RURAL_VICTORIA,-37.86151,147.51185,3875,The Lakes National Park
1843,T20170006228,08/03/17,00.10.00,3,Struck animal,4,Wednesday,167,STRUCK ANIMAL                        , , , , , ,5,Dark No street lights,1,1,0,1,0,0,1,5,Not at intersection,3,80,315594,N,2466170.099,2369157.85,GEELONG,SOUTH WESTERN REGION,RURAL_VICTORIA,-38.17836,144.61392,3222,Point Nepean National Park
1844,T20170006572,13/03/17,02.30.00,3,Struck animal,2,Monday,167,STRUCK ANIMAL                        , , , , , ,5,Dark No street lights,1,2,2,0,0,0,1,5,Not at intersection,2,110,316318,N,2474149.323,2432064.09,MELTON,METROPOLITAN NORTH WEST REGION,RURAL_VICTORIA,-37.61185,144.70719,3427,Organ Pipes National Park
1845,T20170006612,31/03/17,23.10.00,3,Struck animal,6,Friday,167,STRUCK ANIMAL                        , , , , , ,5,Dark No street lights,1,1,0,1,0,0,1,5,Not at intersection,3,110,315847,N,2602831.406,2365644.284,BAW BAW,EASTERN REGION,RURAL_VICTORIA,-38.20491,146.17399,3824,Morwell National Park
1846,T20170007124,09/04/17,04.30.00,3,Struck animal,1,Sunday,167,STRUCK ANIMAL                        , , , , , ,3,Dark Street lights on,1,1,1,0,0,0,1,2,T intersection,2,60,316328,N,2265574.083,2425265.45,SOUTHERN GRAMPIANS,SOUTH WESTERN REGION,SMALL_TOWNS,-37.64399,142.3432,3294,Grampians National Park
1847,T20170007586,15/04/17,11.10.00,3,Struck animal,7,Saturday,167,STRUCK ANIMAL                        , , , , , ,1,Day,1,1,1,0,0,0,1,5,Not at intersection,2,100,316556,N,2411823.188,2394544.456,GOLDEN PLAINS,SOUTH WESTERN REGION,RURAL_VICTORIA,-37.94608,143.99678,3333,Brisbane Ranges National Park
1848,T20170007650,16/04/17,17.35.00,3,Struck animal,1,Sunday,167,STRUCK ANIMAL                        , , , , , ,2,Dusk/Dawn,1,1,0,1,0,0,1,5,Not at intersection,3,100,316321,N,2467703.262,2482692.393,MACEDON RANGES,NORTHERN REGION,RURAL_VICTORIA,-37.15542,144.63637,3444,Heathcote-Graytown National Park
1849,T20170007733,11/04/17,07.45.00,3,Struck animal,3,Tuesday,167,STRUCK ANIMAL                        , , , , , ,1,Day,1,1,1,0,0,0,2,5,Not at intersection,2,80,316459,N,2436842.875,2517493.084,BENDIGO,NORTHERN REGION,RURAL_VICTORIA,-36.84023,144.29183,3551,Greater Bendigo National Park
1850,T20170008270,26/04/17,08.38.00,3,Struck animal,4,Wednesday,167,STRUCK ANIMAL                        , , , , , ,1,Day,1,1,1,0,0,0,1,5,Not at intersection,2,100,316853,N,2438595.238,2520351.846,BENDIGO,NORTHERN REGION,RURAL_VICTORIA,-36.81458,144.31171,3551,Greater Bendigo National Park
1851,T20170008810,04/05/17,11.15.00,3,Struck animal,4,Thursday,167,STRUCK ANIMAL                        , , , , , ,1,Day,1,4,0,1,0,3,2,5,Not at intersection,3,100,317097,N,2793033.258,2411243.169,EAST GIPPSLAND,EASTERN REGION,RURAL_VICTORIA,-37.75369,148.32608,3888,Snowy River National Park
1852,T20170009058,08/05/17,07.10.00,3,Struck animal,2,Monday,167,STRUCK ANIMAL                        , , , , , ,1,Day,1,1,1,0,0,0,1,5,Not at intersection,2,100,317314,N,2267031.314,2355387.875,MOYNE,SOUTH WESTERN REGION,RURAL_VICTORIA,-38.27367,142.33756,3283,Mount Eccles National Park
1853,T20170009194,03/04/17,12.50.00,3,Struck animal,2,Monday,167,STRUCK ANIMAL                        , , , , , ,9,Unknown,1,2,0,2,0,0,2,5,Not at intersection,3,100,317224,N,2691269.661,2367582.86,WELLINGTON,EASTERN REGION,RURAL_VICTORIA,-38.17341,147.18288,3851,The Lakes National Park
1854,T20170010977,02/06/17,23.45.00,3,Struck animal,6,Friday,167,STRUCK ANIMAL                        , , , , , ,5,Dark No street lights,1,2,0,1,0,1,1,5,Not at intersection,3,100,318764,N,2331395.282,2357282.535,CORANGAMITE,SOUTH WESTERN REGION,RURAL_VICTORIA,-38.27058,143.07333,3266,Port Campbell National Park
1855,T20170011209,08/06/17,07.00.00,3,Struck animal,5,Thursday,167,STRUCK ANIMAL                        , , , , , ,2,Dusk/Dawn,1,2,0,1,0,1,2,5,Not at intersection,3,100,318324,N,2396829.192,2461958.759,HEPBURN,WESTERN REGION,RURAL_VICTORIA,-37.33714,143.83558,3370,Brisbane Ranges National Park
1856,T20170011370,09/06/17,19.20.00,3,Struck animal,5,Friday,167,STRUCK ANIMAL                        , , , , , ,5,Dark No street lights,1,3,0,1,0,2,1,5,Not at intersection,3,100,318532,N,2793823.718,2411303.349,EAST GIPPSLAND,EASTERN REGION,RURAL_VICTORIA,-37.7529,148.33502,3888,Snowy River National Park
1857,T20170011596,13/06/17,22.30.00,3,Struck animal,2,Tuesday,167,STRUCK ANIMAL                        , , , , , ,5,Dark No street lights,1,1,0,1,0,0,1,5,Not at intersection,3,100,318398,N,2587837.206,2401110.236,BAW BAW,EASTERN REGION,RURAL_VICTORIA,-37.88696,145.99857,3833,Yarra Ranges National Park
1858,T20170011752,15/06/17,19.20.00,3,Struck animal,5,Thursday,167,STRUCK ANIMAL                        , , , , , ,5,Dark No street lights,1,1,0,1,0,0,2,2,T intersection,3,100,318649,I,2425909.59,2520656.232,BENDIGO,NORTHERN REGION,RURAL_VICTORIA,-36.81093,144.16955,3551,Greater Bendigo National Park
1859,T20170011911,17/06/17,19.40.00,3,Struck animal,6,Saturday,167,STRUCK ANIMAL                        , , , , , ,5,Dark No street lights,1,1,1,0,0,0,1,5,Not at intersection,2,110,318709,N,2515533.779,2520926.014,STRATHBOGIE,NORTH EASTERN REGION,RURAL_VICTORIA,-36.81128,145.17411,3608,Heathcote-Graytown National Park
1860,T20170012381,24/06/17,18.50.00,3,Struck animal,7,Saturday,167,STRUCK ANIMAL                        , , , , , ,5,Dark No street lights,1,1,0,1,0,0,1,5,Not at intersection,3,100,319371,N,2472634.358,2596548.012,CAMPASPE,NORTHERN REGION,RURAL_VICTORIA,-36.12947,144.69598,3564,Terrick Terrick National Park