,ACCIDENT_NO,ACCIDENT_DATE,ACCIDENT_TIME,ACCIDENT_TYPE,ACCIDENT_TYPE_DESC,DAY_OF_WEEK,DAY_WEEK_DESC,DCA_CODE,DCA_DESC,DIRECTORY,EDITION,PAGE,GRID_REFERENCE_X,GRID_REFERENCE_Y,LIGHT_CONDITION,LIGHT_CONDITION_DESC,NO_OF_VEHICLES,NO_PERSONS,NO_PERSONS_INJ_2,NO_PERSONS_INJ_3,NO_PERSONS_KILLED,NO_PERSONS_NOT_INJ,POLICE_ATTEND,ROAD_GEOMETRY,ROAD_GEOMETRY_DESC,SEVERITY,SPEED_ZONE,NODE_ID,NODE_TYPE,AMG_X,AMG_Y,LG_AREA_NAME,REGION_NAME,DEG_URBAN_NAME,LATITUDE,LONGITUDE,POSTCODE,NEAREST_NATIONAL_PARK_NAME
1861,T20170012752,10/06/17,06.30.00,3,Struck animal,6,Saturday,167,STRUCK ANIMAL                        , , , , , ,5,Dark No street lights,1,1,0,1,0,0,2,5,Not at intersection,3,100,318975,N,2741406.26,2473947.757,EAST GIPPSLAND,EASTERN REGION,RURAL_VICTORIA,-37.2037,147.72011,3896,Alpine National Park
1862,T20170013219,08/06/17,23.00.00,3,Struck animal,4,Thursday,167,STRUCK ANIMAL                        , , , , , ,5,Dark No street lights,1,1,0,1,0,0,2,5,Not at intersection,3,100,319220,N,2548112.968,2359619.152,CARDINIA,METROPOLITAN SOUTH EAST REGION,RURAL_VICTORIA,-38.26365,145.54971,3984,French Island National Park
1863,T20170013678,22/04/17,22.30.00,3,Struck animal,6,Saturday,167,STRUCK ANIMAL                        ,VCS,9,104,C,4,5,Dark No street lights,1,1,0,1,0,0,2,5,Not at intersection,3,999,321343,N,2640626.609,2315358.04,WELLINGTON,EASTERN REGION,RURAL_VICTORIA,-38.65282,146.61515,3967,Tarra-Bulga National Park
1864,T20170013933,15/07/17,14.30.00,3,Struck animal,7,Saturday,167,STRUCK ANIMAL                        , , , , , ,1,Day,1,1,0,1,0,0,2,5,Not at intersection,3,999,319547,N,2292144.093,2466300.811,ARARAT,WESTERN REGION,RURAL_VICTORIA,-37.28063,142.65564,3377,Grampians National Park
1865,T20170013960,18/07/17,18.30.00,3,Struck animal,2,Tuesday,167,STRUCK ANIMAL                        , , , , , ,5,Dark No street lights,1,1,0,1,0,0,1,5,Not at intersection,3,100,319677,N,2560118.185,2442875.833,MURRINDINDI,NORTH EASTERN REGION,RURAL_VICTORIA,-37.51285,145.68007,3779,Lake Eildon National Park
1866,T20170014049,18/07/17,18.10.00,3,Struck animal,3,Tuesday,167,STRUCK ANIMAL                        , , , , , ,5,Dark No street lights,3,3,0,1,0,2,1,5,Not at intersection,3,100,319520,N,2461027.241,2460928.684,MACEDON RANGES,NORTHERN REGION,RURAL_VICTORIA,-37.35129,144.56007,3442,Organ Pipes National Park
1867,T20170014609,28/07/17,09.00.00,3,Struck animal,6,Friday,167,STRUCK ANIMAL                        , , , , , ,1,Day,1,1,0,1,0,0,1,5,Not at intersection,3,30,319793,N,2408413.504,2347911.097,SURF COAST,SOUTH WESTERN REGION,RURAL_VICTORIA,-38.36582,143.95215,3241,Great Otway National Park
1868,T20170014697,29/07/17,03.50.00,3,Struck animal,7,Saturday,167,STRUCK ANIMAL                        , , , , , ,5,Dark No street lights,1,1,0,1,0,0,1,5,Not at intersection,3,100,320019,N,2500501.284,2587336.422,CAMPASPE,NORTHERN REGION,RURAL_VICTORIA,-36.21288,145.00558,3621,Lower Goulburn National Park
1869,T20170014766,31/07/17,07.02.00,3,Struck animal,2,Monday,167,STRUCK ANIMAL                        , , , , , ,2,Dusk/Dawn,1,1,0,1,0,0,1,5,Not at intersection,3,100,320041,N,2318659.714,2336933.781,CORANGAMITE,SOUTH WESTERN REGION,RURAL_VICTORIA,-38.45142,142.92277,3268,Port Campbell National Park
1870,T20170014843,01/08/17,06.55.00,3,Struck animal,3,Tuesday,167,STRUCK ANIMAL                        , , , , , ,2,Dusk/Dawn,1,1,1,0,0,0,1,5,Not at intersection,2,100,319937,N,2436831.612,2518034.567,BENDIGO,NORTHERN REGION,RURAL_VICTORIA,-36.83535,144.29175,3551,Greater Bendigo National Park
1871,T20170015357,07/08/17,21.50.00,3,Struck animal,2,Monday,167,STRUCK ANIMAL                        , , , , , ,5,Dark No street lights,1,1,0,1,0,0,1,5,Not at intersection,3,100,320173,N,2629995.244,2367189.571,LATROBE,EASTERN REGION,RURAL_VICTORIA,-38.18758,146.48379,3840,Morwell National Park
1872,T20170015360,05/08/16,06.03.00,3,Struck animal,6,Friday,167,STRUCK ANIMAL                        ,VCS,9,46,D,8,5,Dark No street lights,1,1,0,1,0,0,2,5,Not at intersection,3,110,322673,N,2512697.614,2512840.752,STRATHBOGIE,NORTH EASTERN REGION,RURAL_VICTORIA,-36.88419,145.14246,3663,Heathcote-Graytown National Park
1873,T20170015382,09/08/17,06.20.00,3,Struck animal,4,Wednesday,167,STRUCK ANIMAL                        , , , , , ,5,Dark No street lights,1,1,1,0,0,0,1,5,Not at intersection,2,100,320264,N,2459243.54,2446940.513,MACEDON RANGES,NORTHERN REGION,RURAL_VICTORIA,-37.47727,144.53917,3437,Organ Pipes National Park
1874,T20170015439,10/08/17,05.45.00,3,Struck animal,5,Thursday,167,STRUCK ANIMAL                        ,MEL,40,353,G,9,3,Dark Street lights on,1,1,0,1,0,0,2,1,Cross intersection,3,80,45517,I,2473291.533,2423703.552,MELTON,METROPOLITAN NORTH WEST REGION,RURAL_VICTORIA,-37.68716,144.69717,3335,Organ Pipes National Park
1875,T20170015650,13/08/17,05.50.00,3,Struck animal,1,Sunday,167,STRUCK ANIMAL                        ,MEL,43,458,F,9,5,Dark No street lights,1,1,0,1,0,0,1,5,Not at intersection,3,100,320320,N,2468993.479,2370234.257,GEELONG,SOUTH WESTERN REGION,RURAL_VICTORIA,-38.16876,144.64619,3222,Point Nepean National Park
1876,T20170016157,21/08/17,06.30.00,3,Struck animal,1,Monday,167,STRUCK ANIMAL                        ,MEL,43,126,C,11,2,Dusk/Dawn,3,3,0,1,0,2,2,5,Not at intersection,3,100,320711,N,2533755.701,2393990.416,CARDINIA,METROPOLITAN SOUTH EAST REGION,RURAL_VICTORIA,-37.95464,145.38409,3804,Dandenong Ranges National Park
1877,T20170016622,25/08/17,16.45.00,3,Struck animal,5,Friday,167,STRUCK ANIMAL                        ,VCS,9,49,E,2,1,Day,1,1,1,0,0,0,2,5,Not at intersection,2,100,322063,N,2658303.057,2549313.007,ALPINE,NORTH EASTERN REGION,RURAL_VICTORIA,-36.54232,146.76823,3737,Mount Buffalo National Park
1878,T20170016994,01/09/17,23.45.00,3,Struck animal,6,Friday,167,STRUCK ANIMAL                        ,VCS,9,552,H,11,5,Dark No street lights,1,1,0,1,0,0,2,5,Not at intersection,3,80,321329,N,2281336.648,2478045.366,NORTHERN GRAMPIANS,WESTERN REGION,RURAL_VICTORIA,-37.17237,142.53722,3381,Grampians National Park
1879,T20170017296,04/09/17,08.40.00,3,Struck animal,2,Monday,167,STRUCK ANIMAL                        ,VCS,9,415,C,6,1,Day,1,1,0,1,0,0,2,5,Not at intersection,3,100,321367,N,2465227.132,2462714.642,MACEDON RANGES,NORTHERN REGION,RURAL_VICTORIA,-37.33537,144.60756,3442,Organ Pipes National Park
1880,T20170018238,23/09/17,07.54.00,3,Struck animal,7,Saturday,167,STRUCK ANIMAL                        ,MEL,43,148,J,5,1,Day,1,1,0,1,0,0,1,5,Not at intersection,3,80,322532,N,2516657.2,2362224.638,MORNINGTON PENINSULA,METROPOLITAN SOUTH EAST REGION,RURAL_VICTORIA,-38.24128,145.19026,3912,French Island National Park
1881,T20170018385,25/09/17,18.15.00,3,Struck animal,2,Monday,167,STRUCK ANIMAL                        ,VCS,9,62,D,5,5,Dark No street lights,1,1,0,1,0,0,1,5,Not at intersection,3,100,322426,N,2566522.483,2474597.376,MURRINDINDI,NORTH EASTERN REGION,RURAL_VICTORIA,-37.22657,145.74969,3714,Lake Eildon National Park
1882,T20170018554,26/12/15,22.15.00,3,Struck animal,6,Saturday,167,STRUCK ANIMAL                        ,VCS,9,427,D,2,5,Dark No street lights,2,2,0,1,0,1,1,5,Not at intersection,3,100,324217,N,2502494.702,2447727.136,WHITTLESEA,METROPOLITAN NORTH WEST REGION,RURAL_VICTORIA,-37.47107,145.0282,3753,Kinglake National Park
1883,T20170019076,05/10/17,07.30.00,3,Struck animal,5,Thursday,167,STRUCK ANIMAL                        ,VCS,9,29,C,9,1,Day,1,1,0,1,0,0,2,5,Not at intersection,3,100,324483,N,2379217.284,2560849.796,LODDON,NORTHERN REGION,RURAL_VICTORIA,-36.44389,143.65263,3518,Kara Kara National Park
1884,T20170019222,09/10/17,17.10.00,3,Struck animal,1,Monday,167,STRUCK ANIMAL                        ,VCS,9,98,F,9,1,Day,1,1,1,0,0,0,2,5,Not at intersection,2,999,322660,N,2661794.564,2333808.293,WELLINGTON,EASTERN REGION,RURAL_VICTORIA,-38.4832,146.85409,3874,Tarra-Bulga National Park
1885,T20170019257,10/10/17,05.45.00,3,Struck animal,3,Tuesday,167,STRUCK ANIMAL                        ,VCS,9,34,H,2,2,Dusk/Dawn,1,1,0,1,0,0,1,5,Not at intersection,3,100,322411,N,2628628.693,2603480.872,INDIGO,NORTH EASTERN REGION,RURAL_VICTORIA,-36.05869,146.42775,3685,Chiltern-Mt Pilot National Park
1886,T20170019731,16/10/17,19.50.00,3,Struck animal,2,Monday,167,STRUCK ANIMAL                        ,MEL,43,696,A,5,2,Dusk/Dawn,1,1,1,0,0,0,1,5,Not at intersection,2,100,322711,N,2463086.189,2440336.589,MACEDON RANGES,NORTHERN REGION,RURAL_VICTORIA,-37.53694,144.58229,3437,Organ Pipes National Park
1887,T20170019748,17/10/17,07.45.00,3,Struck animal,3,Tuesday,167,STRUCK ANIMAL                        ,VCS,9,34,J,2,1,Day,1,1,0,1,0,0,1,5,Not at intersection,3,100,323188,N,2629946.746,2607803.979,INDIGO,NORTH EASTERN REGION,RURAL_VICTORIA,-36.01955,146.44165,3687,Chiltern-Mt Pilot National Park
1888,T20170019887,18/10/17,06.00.00,3,Struck animal,4,Wednesday,167,STRUCK ANIMAL                        ,MEL,43,665,A,2,2,Dusk/Dawn,1,1,1,0,0,0,1,5,Not at intersection,2,100,322698,N,2498074.472,2452536.348,MITCHELL,NORTHERN REGION,RURAL_VICTORIA,-37.42773,144.97824,3756,Kinglake National Park
1889,T20170020018,20/10/17,15.15.00,3,Struck animal,6,Friday,167,STRUCK ANIMAL                        ,VCS,9,98,E,5,1,Day,1,1,1,0,0,0,1,5,Not at intersection,2,100,323013,N,2657401.069,2361576.347,WELLINGTON,EASTERN REGION,RURAL_VICTORIA,-38.23388,146.79775,3847,Tarra-Bulga National Park
1890,T20170020147,22/10/17,11.40.00,3,Struck animal,0,Sunday,167,STRUCK ANIMAL                        ,VCS,9,80,E,9,1,Day,1,1,0,1,0,0,1,5,Not at intersection,3,100,322754,N,2568834.745,2389040.172,BAW BAW,EASTERN REGION,RURAL_VICTORIA,-37.9973,145.78369,3816,Yarra Ranges National Park
1891,T20170020223,21/10/17,06.20.00,3,Struck animal,6,Saturday,167,STRUCK ANIMAL                        ,VCS,9,35,B,8,2,Dusk/Dawn,1,1,0,1,0,0,2,5,Not at intersection,3,100,327261,N,2642233.736,2567213.096,WANGARATTA,NORTH EASTERN REGION,RURAL_VICTORIA,-36.38357,146.58544,3678,Chiltern-Mt Pilot National Park
1892,T20170020633,29/10/17,11.28.00,3,Struck animal,1,Sunday,167,STRUCK ANIMAL                        ,VCS,9,81,B,8,1,Day,1,1,0,1,0,0,1,5,Not at intersection,3,80,323263,N,2590047.822,2399672.641,BAW BAW,EASTERN REGION,RURAL_VICTORIA,-37.8997,146.02388,3833,Yarra Ranges National Park
1893,T20170021096,05/11/17,09.15.00,3,Struck animal,1,Sunday,167,STRUCK ANIMAL                        ,VCS,9,59,H,4,1,Day,1,1,0,0,1,0,1,5,Not at intersection,1,100,323297,N,2445744.329,2484889.406,MOUNT ALEXANDER,NORTHERN REGION,RURAL_VICTORIA,-37.13461,144.38929,3447,Greater Bendigo National Park
1894,T20170021208,07/11/17,09.45.00,3,Struck animal,2,Tuesday,167,STRUCK ANIMAL                        ,VCS,9,101,D,2,1,Day,1,1,0,1,0,0,1,5,Not at intersection,3,100,323388,N,2390410.365,2326569.812,COLAC OTWAY,SOUTH WESTERN REGION,RURAL_VICTORIA,-38.55607,143.74297,3243,Great Otway National Park
1895,T20170021250,07/11/17,05.33.00,3,Struck animal,2,Tuesday,167,STRUCK ANIMAL                        ,MEL,43,388,F,11,2,Dusk/Dawn,1,1,1,0,0,0,1,5,Not at intersection,2,80,326289,N,2500052.989,2432799.812,WHITTLESEA,METROPOLITAN NORTH WEST REGION,RURAL_VICTORIA,-37.60558,145.0006,3750,Organ Pipes National Park
1896,T20170022044,18/11/17,06.25.00,3,Struck animal,7,Saturday,167,STRUCK ANIMAL                        ,VCS,9,417,A,8,1,Day,1,1,1,0,0,0,1,5,Not at intersection,2,100,323806,N,2496812.296,2459386.209,MITCHELL,NORTHERN REGION,RURAL_VICTORIA,-37.366,144.96401,3762,Kinglake National Park
1897,T20170022800,29/11/17,05.31.00,3,Struck animal,3,Wednesday,167,STRUCK ANIMAL                        ,MEL,43,365,D,8,2,Dusk/Dawn,1,1,0,1,0,0,1,5,Not at intersection,3,60,324311,N,2487716.748,2438871.546,HUME,METROPOLITAN NORTH WEST REGION,RURAL_VICTORIA,-37.55079,144.86098,3064,Organ Pipes National Park
1898,T20170023672,18/11/17,00.45.00,3,Struck animal,6,Saturday,167,STRUCK ANIMAL                        ,VCS,9,77,E,7,5,Dark No street lights,1,1,0,1,0,0,2,5,Not at intersection,3,100,324709,N,2429048.616,2409341.764,GOLDEN PLAINS,SOUTH WESTERN REGION,RURAL_VICTORIA,-37.81424,144.19417,3342,Brisbane Ranges National Park
1899,T20170024006,16/12/17,08.50.00,3,Struck animal,7,Saturday,167,STRUCK ANIMAL                        ,VCS,9,43,B,9,1,Day,1,1,1,0,0,0,1,5,Not at intersection,2,100,324969,N,2376810.998,2500046.975,CENTRAL GOLDFIELDS,WESTERN REGION,RURAL_VICTORIA,-36.99151,143.61593,3465,Kara Kara National Park
1900,T20170024324,17/12/17,21.25.00,3,Struck animal,0,Sunday,167,STRUCK ANIMAL                        ,MEL,43,126,B,6,5,Dark No street lights,1,1,0,1,0,0,1,5,Not at intersection,3,100,325096,N,2533740.945,2395804.725,CARDINIA,METROPOLITAN SOUTH EAST REGION,RURAL_VICTORIA,-37.9383,145.38384,3782,Dandenong Ranges National Park
1901,T20170024593,23/12/17,20.25.00,3,Struck animal,7,Saturday,167,STRUCK ANIMAL                        ,VCS,9,47,D,7,2,Dusk/Dawn,1,1,0,1,0,0,2,5,Not at intersection,3,100,327226,N,2564389.806,2514815.308,STRATHBOGIE,NORTH EASTERN REGION,RURAL_VICTORIA,-36.86428,145.72222,3666,Lake Eildon National Park
1902,T20170024861,29/12/17,14.35.00,3,Struck animal,6,Friday,167,STRUCK ANIMAL                        ,VCS,9,44,F,8,1,Day,1,1,1,0,0,0,1,5,Not at intersection,2,100,325450,N,2436446.049,2512348.07,BENDIGO,NORTHERN REGION,RURAL_VICTORIA,-36.88657,144.28695,3551,Greater Bendigo National Park
1903,T20180000087,02/01/18,08.45.00,3,Struck animal,3,Tuesday,167,STRUCK ANIMAL                        ,VCS,9,104,F,2,1,Day,1,1,1,0,0,0,2,5,Not at intersection,2,100,325512,N,2658076.937,2330275.384,WELLINGTON,EASTERN REGION,RURAL_VICTORIA,-38.51566,146.81227,3874,Tarra-Bulga National Park
1904,T20180000330,06/01/18,08.20.00,3,Struck animal,7,Saturday,167,STRUCK ANIMAL                        ,VCS,9,414,A,9,1,Day,1,1,0,1,0,0,1,5,Not at intersection,3,100,326506,N,2440057.149,2458161.701,HEPBURN,WESTERN REGION,RURAL_VICTORIA,-37.37512,144.32314,3458,Brisbane Ranges National Park
1905,T20180000517,09/01/18,22.16.00,3,Struck animal,3,Tuesday,167,STRUCK ANIMAL                        ,VCD,9,95,J,5,5,Dark No street lights,1,1,1,0,0,0,1,5,Not at intersection,2,80,326188,N,2541429.319,2367220.241,CARDINIA,METROPOLITAN SOUTH EAST REGION,RURAL_VICTORIA,-38.1955,145.47292,3981,French Island National Park
1906,T20180000660,12/01/18,06.45.00,3,Struck animal,6,Friday,167,STRUCK ANIMAL                        ,VCS,9,416,F,10,1,Day,1,1,0,1,0,0,1,5,Not at intersection,3,100,326300,N,2487370.761,2456159.573,MACEDON RANGES,NORTHERN REGION,RURAL_VICTORIA,-37.395,144.85736,3756,Organ Pipes National Park
1907,T20180000841,15/01/18,05.30.00,3,Struck animal,2,Monday,167,STRUCK ANIMAL                        ,VCS,9,77,C,8,2,Dusk/Dawn,1,2,0,2,0,0,1,5,Not at intersection,3,100,326034,N,2421882.302,2399285.994,GOLDEN PLAINS,SOUTH WESTERN REGION,RURAL_VICTORIA,-37.90426,144.11172,3332,Brisbane Ranges National Park
1908,T20180000855,15/01/18,11.39.00,3,Struck animal,2,Monday,167,STRUCK ANIMAL                        ,VCS,9,56,G,8,1,Day,1,1,1,0,0,0,1,5,Not at intersection,2,100,326640,N,2317466.972,2454760.324,ARARAT,WESTERN REGION,RURAL_VICTORIA,-37.38988,142.93834,3377,Grampians National Park
1909,T20180000868,13/01/18,13.30.00,3,Struck animal,7,Saturday,167,STRUCK ANIMAL                        ,VCS,9,77,F,2,1,Day,1,1,0,1,0,0,2,5,Not at intersection,3,999,326092,N,2435033.803,2441573.444,MOORABOOL,WESTERN REGION,RURAL_VICTORIA,-37.52426,144.26497,3458,Brisbane Ranges National Park
1910,T20180000881,15/01/18,17.15.00,3,Struck animal,2,Monday,167,STRUCK ANIMAL                        ,VCS,9,76,B,5,1,Day,1,2,2,0,0,0,1,5,Not at intersection,2,100,327054,N,2375256.985,2419654.578,GOLDEN PLAINS,SOUTH WESTERN REGION,RURAL_VICTORIA,-37.71567,143.58505,3360,Brisbane Ranges National Park
1911,T20180000988,15/01/18,14.00.00,3,Struck animal,2,Monday,167,STRUCK ANIMAL                        ,VCS,9,80,B,2,1,Day,1,1,0,1,0,0,2,5,Not at intersection,3,999,326280,N,2553242.343,2442142.092,MURRINDINDI,NORTH EASTERN REGION,RURAL_VICTORIA,-37.51988,145.60235,3778,Kinglake National Park
1912,T20180001114,04/01/18,05.40.00,3,Struck animal,5,Thursday,167,STRUCK ANIMAL                        ,MEL,43,393,F,9,2,Dusk/Dawn,1,1,0,1,0,0,2,5,Not at intersection,3,80,326211,N,2519561.732,2433510.899,NILLUMBIK,METROPOLITAN NORTH WEST REGION,RURAL_VICTORIA,-37.59897,145.22154,3099,Kinglake National Park
1913,T20180001249,20/01/18,21.30.00,3,Struck animal,7,Saturday,167,STRUCK ANIMAL                        ,VCS,9,522,D,2,3,Dark Street lights on,1,1,0,1,0,0,1,5,Not at intersection,3,60,326810,N,2373534.833,2423480.583,GOLDEN PLAINS,SOUTH WESTERN REGION,SMALL_TOWNS,-37.68097,143.56617,3360,Brisbane Ranges National Park
1914,T20180001401,22/01/18,20.45.00,3,Struck animal,2,Monday,167,STRUCK ANIMAL                        ,VCS,9,35,C,5,2,Dusk/Dawn,1,1,0,1,0,0,2,5,Not at intersection,3,100,327070,N,2646985.235,2582075.874,INDIGO,NORTH EASTERN REGION,RURAL_VICTORIA,-36.24891,146.63555,3683,Chiltern-Mt Pilot National Park
1915,T20180001435,18/01/18,13.00.00,3,Struck animal,5,Thursday,167,STRUCK ANIMAL                        ,VCS,9,417,D,6,1,Day,1,1,1,0,0,0,1,5,Not at intersection,2,100,326744,N,2502648.189,2462219.437,MITCHELL,NORTHERN REGION,RURAL_VICTORIA,-37.34047,145.02989,3758,Kinglake National Park
1916,T20180001844,26/01/18,21.25.00,3,Struck animal,6,Friday,167,STRUCK ANIMAL                        ,VCS,9,61,F,4,5,Dark No street lights,1,1,1,0,0,0,1,5,Not at intersection,2,100,327886,N,2524692.004,2482985.783,MURRINDINDI,NORTH EASTERN REGION,RURAL_VICTORIA,-37.15301,145.278,3660,Kinglake National Park
1917,T20180002162,01/02/18,06.15.00,3,Struck animal,5,Thursday,167,STRUCK ANIMAL                        ,MEL,43,351,J,5,2,Dusk/Dawn,1,1,0,1,0,0,2,5,Not at intersection,3,100,326885,N,2473915.859,2430188.709,MELTON,METROPOLITAN NORTH WEST REGION,RURAL_VICTORIA,-37.62874,144.70448,3427,Organ Pipes National Park
1918,T20180002299,06/02/18,14.27.00,3,Struck animal,3,Tuesday,167,STRUCK ANIMAL                        ,VCS,9,578,F,12,1,Day,1,1,0,1,0,0,2,5,Not at intersection,3,100,326856,N,2400563.481,2423352.166,BALLARAT,WESTERN REGION,RURAL_VICTORIA,-37.6854,143.87257,3352,Brisbane Ranges National Park
1919,T20180003137,18/02/18,12.40.00,3,Struck animal,1,Sunday,167,STRUCK ANIMAL                        ,VCS,9,90,C,8,1,Day,1,1,1,0,0,0,1,5,Not at intersection,2,100,331985,N,2295310.409,2338637.064,MOYNE,SOUTH WESTERN REGION,RURAL_VICTORIA,-38.4312,142.65589,3277,Port Campbell National Park
1920,T20180003473,23/02/18,06.45.00,3,Struck animal,6,Friday,167,STRUCK ANIMAL                        ,VCS,9,44,E,3,2,Dusk/Dawn,1,3,0,2,0,1,1,5,Not at intersection,3,100,327417,N,2428401.811,2542295.786,BENDIGO,NORTHERN REGION,RURAL_VICTORIA,-36.6161,144.19952,3556,Greater Bendigo National Park
1921,T20180003575,24/02/18,11.40.00,3,Struck animal,7,Saturday,167,STRUCK ANIMAL                        ,VCS,9,72,D,3,1,Day,1,1,0,1,0,0,1,5,Not at intersection,3,100,327600,N,2210908.352,2428116.546,SOUTHERN GRAMPIANS,SOUTH WESTERN REGION,RURAL_VICTORIA,-37.60297,141.72521,3315,Mount Eccles National Park
1922,T20180003707,26/02/18,09.25.00,3,Struck animal,2,Monday,167,STRUCK ANIMAL                        ,VCS,9,48,G,8,1,Day,1,1,0,1,0,0,1,5,Not at intersection,3,100,327499,N,2617355.054,2512474.535,WANGARATTA,NORTH EASTERN REGION,RURAL_VICTORIA,-36.88026,146.3166,3723,Mount Buffalo National Park
1923,T20180003735,09/02/18,22.15.00,3,Struck animal,6,Friday,167,STRUCK ANIMAL                        ,VCS,9,61,F,2,5,Dark No street lights,1,1,1,0,0,0,2,5,Not at intersection,2,80,327483,N,2522408.246,2497417.961,MITCHELL,NORTHERN REGION,RURAL_VICTORIA,-37.023,145.25186,3660,Heathcote-Graytown National Park
1924,T20180003958,01/03/18,21.25.00,3,Struck animal,4,Thursday,167,STRUCK ANIMAL                        ,VCS,9,602,B,11,5,Dark No street lights,1,1,0,1,0,0,1,5,Not at intersection,3,100,327643,N,2427960.204,2530265.314,BENDIGO,NORTHERN REGION,RURAL_VICTORIA,-36.72449,144.19345,3556,Greater Bendigo National Park
1925,T20180004626,10/03/18,13.00.00,3,Struck animal,6,Saturday,167,STRUCK ANIMAL                        ,VCS,9,80,G,3,1,Day,1,1,0,1,0,0,1,5,Not at intersection,3,80,328411,N,2579949.872,2437153.212,YARRA RANGES,METROPOLITAN SOUTH EAST REGION,RURAL_VICTORIA,-37.56293,145.90502,3779,Yarra Ranges National Park
1926,T20180004669,11/03/18,02.10.00,3,Struck animal,1,Sunday,167,STRUCK ANIMAL                        ,MEL,43,731,J,6,5,Dark No street lights,1,1,0,1,0,0,1,5,Not at intersection,3,100,328105,N,2519004.632,2333873.835,BASS COAST,EASTERN REGION,RURAL_VICTORIA,-38.49661,145.21781,3922,French Island National Park
1927,T20180004841,13/03/18,19.30.00,3,Struck animal,3,Tuesday,167,STRUCK ANIMAL                        ,VCS,9,102,F,4,2,Dusk/Dawn,2,4,1,2,0,1,1,5,Not at intersection,2,100,180060,N,2565775.132,2319198.092,BASS COAST,EASTERN REGION,RURAL_VICTORIA,-38.62663,145.75516,3996,French Island National Park
1928,T20180005910,28/03/18,13.20.00,3,Struck animal,4,Wednesday,167,STRUCK ANIMAL                        ,VCS,9,37,A,4,1,Day,1,1,1,0,0,0,1,5,Not at intersection,2,100,328853,N,2728955.297,2588443.065,TOWONG,NORTH EASTERN REGION,RURAL_VICTORIA,-36.17532,147.5454,3701,Burrowa - Pine Mountain National Park
1929,T20180006050,29/03/18,16.30.00,3,Struck animal,4,Thursday,167,STRUCK ANIMAL                        ,VCS,9,58,F,9,1,Day,1,1,0,1,0,0,2,2,T intersection,3,999,222125,I,2397319.93,2449360.101,BALLARAT,WESTERN REGION,RURAL_VICTORIA,-37.45071,143.83939,3364,Brisbane Ranges National Park
1930,T20180006506,26/03/18,19.45.00,3,Struck animal,1,Monday,167,STRUCK ANIMAL                        ,VCS,9,602,G,1,2,Dusk/Dawn,1,1,0,1,0,0,2,5,Not at intersection,3,100,328974,N,2430522.417,2535026.57,BENDIGO,NORTHERN REGION,RURAL_VICTORIA,-36.68177,144.22257,3556,Greater Bendigo National Park
1931,T20180006591,07/04/18,10.50.00,3,Struck animal,7,Saturday,167,STRUCK ANIMAL                        ,VCS,9,85,E,6,1,Day,1,2,0,2,0,0,1,5,Not at intersection,3,100,329354,N,2781236.404,2411820.228,EAST GIPPSLAND,EASTERN REGION,RURAL_VICTORIA,-37.75213,148.19206,3888,Snowy River National Park
1932,T20180006704,07/04/18,06.30.00,3,Struck animal,7,Saturday,167,STRUCK ANIMAL                        ,VCS,9,31,B,6,2,Dusk/Dawn,1,1,0,1,0,0,2,5,Not at intersection,3,100,329476,N,2465598.219,2581796.181,CAMPASPE,NORTHERN REGION,RURAL_VICTORIA,-36.26219,144.61715,3561,Greater Bendigo National Park
1933,T20180007035,14/04/18,08.10.00,3,Struck animal,7,Saturday,167,STRUCK ANIMAL                        ,VCS,9,26,F,4,1,Day,1,1,1,0,0,0,1,5,Not at intersection,2,100,329283,N,2253990.595,2589441.477,YARRIAMBIACK,WESTERN REGION,RURAL_VICTORIA,-36.16206,142.26542,3393,Wyperfeld National Park
1934,T20180007534,25/03/18,15.12.00,3,Struck animal,1,Sunday,167,STRUCK ANIMAL                        ,VCS,9,97,E,7,1,Day,1,1,1,0,0,0,1,4,Multiple intersection,2,80,335631,N,2604800.605,2347565.02,SOUTH GIPPSLAND,EASTERN REGION,RURAL_VICTORIA,-38.36754,146.19907,3871,Morwell National Park
1935,T20180008293,02/05/18,19.35.00,3,Struck animal,3,Wednesday,167,STRUCK ANIMAL                        ,VCS,9,425,E,9,5,Dark No street lights,1,1,1,0,0,0,1,5,Not at intersection,2,100,330001,N,2467993.179,2433350.523,MELTON,METROPOLITAN NORTH WEST REGION,RURAL_VICTORIA,-37.60007,144.63752,3337,Organ Pipes National Park
1936,T20180008479,04/05/18,05.30.00,3,Struck animal,5,Friday,167,STRUCK ANIMAL                        ,VCS,9,58,G,2,5,Dark No street lights,1,1,0,1,0,0,2,5,Not at intersection,3,100,330072,N,2402996.825,2497807.918,MOUNT ALEXANDER,NORTHERN REGION,RURAL_VICTORIA,-37.01475,143.90982,3465,Kara Kara National Park
1937,T20180008619,07/05/18,12.00.00,3,Struck animal,2,Monday,167,STRUCK ANIMAL                        ,VCS,9,40,G,9,1,Day,1,1,1,0,0,0,2,5,Not at intersection,2,888,330165,N,2265980.709,2498635.667,NORTHERN GRAMPIANS,WESTERN REGION,RURAL_VICTORIA,-36.98317,142.37076,3401,Grampians National Park
1938,T20180008730,08/05/18,19.00.00,3,Struck animal,3,Tuesday,167,STRUCK ANIMAL                        ,VCS,9,85,H,5,5,Dark No street lights,1,1,1,0,0,0,1,5,Not at intersection,2,80,330297,N,2797933.501,2411901.248,EAST GIPPSLAND,EASTERN REGION,RURAL_VICTORIA,-37.74621,148.38139,3888,Snowy River National Park