,ACCIDENT_NO,ACCIDENT_DATE,ACCIDENT_TIME,ACCIDENT_TYPE,ACCIDENT_TYPE_DESC,DAY_OF_WEEK,DAY_WEEK_DESC,DCA_CODE,DCA_DESC,DIRECTORY,EDITION,PAGE,GRID_REFERENCE_X,GRID_REFERENCE_Y,LIGHT_CONDITION,LIGHT_CONDITION_DESC,NO_OF_VEHICLES,NO_PERSONS,NO_PERSONS_INJ_2,NO_PERSONS_INJ_3,NO_PERSONS_KILLED,NO_PERSONS_NOT_INJ,POLICE_ATTEND,ROAD_GEOMETRY,ROAD_GEOMETRY_DESC,SEVERITY,SPEED_ZONE,NODE_ID,NODE_TYPE,AMG_X,AMG_Y,LG_AREA_NAME,REGION_NAME,DEG_URBAN_NAME,LATITUDE,LONGITUDE,POSTCODE,NEAREST_NATIONAL_PARK_NAME
1939,T20180008815,09/05/18,21.20.00,3,Struck animal,4,Wednesday,167,STRUCK ANIMAL                        ,VCS,9,98,D,7,5,Dark No street lights,1,1,1,0,0,0,1,5,Not at intersection,2,100,331184,N,2652021.688,2349747.348,WELLINGTON,EASTERN REGION,RURAL_VICTORIA,-38.34132,146.73879,3847,Tarra-Bulga National Park
1940,T20180009147,15/05/18,04.45.00,3,Struck animal,3,Tuesday,167,STRUCK ANIMAL                        ,VCS,9,33,E,2,5,Dark No street lights,1,1,1,0,0,0,1,5,Not at intersection,2,100,335607,N,2567808.086,2604558.784,MOIRA,NORTH EASTERN REGION,RURAL_VICTORIA,-36.05525,145.7526,3649,Warby-Ovens National Park
1941,T20180009340,17/05/18,15.25.00,3,Struck animal,5,Thursday,167,STRUCK ANIMAL                        ,VCS,9,91,D,8,1,Day,1,2,0,2,0,0,1,5,Not at intersection,3,100,331283,N,2338594.975,2340681.971,CORANGAMITE,SOUTH WESTERN REGION,RURAL_VICTORIA,-38.42137,143.1519,3266,Port Campbell National Park
1942,T20180009390,18/05/18,01.15.00,3,Struck animal,6,Friday,167,STRUCK ANIMAL                        ,VCS,9,23,D,9,6,Dark Street lights unknown,1,2,0,2,0,0,2,5,Not at intersection,3,80,330940,N,2565195.573,2613905.952,MOIRA,NORTH EASTERN REGION,RURAL_VICTORIA,-35.97119,145.72282,3644,Lower Goulburn National Park
1943,T20180009437,18/05/18,18.00.00,3,Struck animal,6,Friday,167,STRUCK ANIMAL                        ,VCS,9,56,C,4,2,Dusk/Dawn,1,1,1,0,0,0,1,5,Not at intersection,2,100,331275,N,2291413.34,2481761.416,NORTHERN GRAMPIANS,WESTERN REGION,RURAL_VICTORIA,-37.14118,142.6517,3381,Grampians National Park
1944,T20180010433,03/06/18,09.20.00,3,Struck animal,1,Sunday,167,STRUCK ANIMAL                        ,VCS,9,46,C,3,1,Day,1,2,0,2,0,0,1,5,Not at intersection,3,100,331217,N,2510405.518,2544316.178,CAMPASPE,NORTHERN REGION,RURAL_VICTORIA,-36.60055,145.11631,3612,Heathcote-Graytown National Park
1945,T20180011254,15/06/18,20.40.00,3,Struck animal,6,Friday,167,STRUCK ANIMAL                        ,VCS,9,32,J,6,5,Dark No street lights,1,1,1,0,0,0,1,5,Not at intersection,2,100,331824,N,2541458.614,2580820.37,SHEPPARTON,NORTH EASTERN REGION,RURAL_VICTORIA,-36.2707,145.46143,3634,Lower Goulburn National Park
1946,T20180011270,02/06/18,22.30.00,3,Struck animal,7,Saturday,167,STRUCK ANIMAL                        ,VCS,9,102,H,5,5,Dark No street lights,1,1,0,1,0,0,2,5,Not at intersection,3,100,331630,N,2577795.374,2306402.405,SOUTH GIPPSLAND,EASTERN REGION,RURAL_VICTORIA,-38.74092,145.89454,3956,Wilsons Promontory National Park
1947,T20180011921,25/06/18,08.00.00,3,Struck animal,2,Monday,167,STRUCK ANIMAL                        ,VCS,9,60,F,2,1,Day,1,1,0,1,0,0,2,5,Not at intersection,3,100,189199,N,2488432.662,2497568.923,MITCHELL,NORTHERN REGION,RURAL_VICTORIA,-37.02184,144.86999,3662,Heathcote-Graytown National Park
1948,T20180012029,27/06/18,06.30.00,3,Struck animal,4,Wednesday,167,STRUCK ANIMAL                        ,VCS,9,34,G,7,5,Dark No street lights,1,1,0,1,0,0,1,5,Not at intersection,3,100,332087,N,2620836.688,2570731.056,WANGARATTA,NORTH EASTERN REGION,RURAL_VICTORIA,-36.35484,146.34641,3678,Warby-Ovens National Park
1949,T20180012160,29/06/18,07.25.00,3,Struck animal,6,Friday,167,STRUCK ANIMAL                        ,VCS,9,417,D,9,2,Dusk/Dawn,1,1,0,1,0,0,1,5,Not at intersection,3,100,332157,N,2502612.245,2457226.924,MITCHELL,NORTHERN REGION,RURAL_VICTORIA,-37.38546,145.0295,3758,Kinglake National Park
1950,T20180012579,01/07/18,21.38.00,3,Struck animal,1,Sunday,167,STRUCK ANIMAL                        ,VCS,9,97,H,6,5,Dark No street lights,1,1,1,0,0,0,1,5,Not at intersection,2,100,332234,N,2624467.402,2358801.501,LATROBE,EASTERN REGION,RURAL_VICTORIA,-38.26389,146.42214,3840,Morwell National Park
1951,T20180012598,01/07/18,19.20.00,3,Struck animal,1,Sunday,167,STRUCK ANIMAL                        ,VCD,9,417,A,4,5,Dark No street lights,1,1,0,1,0,0,1,5,Not at intersection,3,80,332249,N,2497642.441,2467971.815,MITCHELL,NORTHERN REGION,RURAL_VICTORIA,-37.28863,144.97341,3764,Kinglake National Park
1952,T20180012626,05/07/18,17.45.00,3,Struck animal,5,Thursday,167,STRUCK ANIMAL                        ,VCS,9,97,F,8,5,Dark No street lights,1,1,1,0,0,0,1,5,Not at intersection,2,100,332833,N,2609804.016,2345639.588,LATROBE,EASTERN REGION,RURAL_VICTORIA,-38.3843,146.2566,3870,Morwell National Park
1953,T20180012716,07/07/18,00.10.00,3,Struck animal,7,Saturday,167,STRUCK ANIMAL                        ,VCS,9,76,B,4,6,Dark Street lights unknown,1,1,0,1,0,0,2,5,Not at intersection,3,999,332273,N,2374812.313,2423465.554,GOLDEN PLAINS,SOUTH WESTERN REGION,RURAL_VICTORIA,-37.68128,143.58065,3360,Brisbane Ranges National Park
1954,T20180012838,09/07/18,07.00.00,3,Struck animal,1,Monday,167,STRUCK ANIMAL                        ,VCS,9,62,D,7,2,Dusk/Dawn,1,2,0,1,0,1,2,5,Not at intersection,3,100,335792,I,2563034.741,2459908.156,MURRINDINDI,NORTH EASTERN REGION,RURAL_VICTORIA,-37.35918,145.71162,3714,Lake Eildon National Park
1955,T20180013032,11/07/18,18.30.00,3,Struck animal,4,Wednesday,167,STRUCK ANIMAL                        ,VCS,9,99,H,4,9,Unknown,1,1,0,1,0,0,2,5,Not at intersection,3,100,332440,N,2709947.62,2370041.22,WELLINGTON,EASTERN REGION,RURAL_VICTORIA,-38.14722,147.39525,3851,The Lakes National Park
1956,T20180013052,12/07/18,10.00.00,3,Struck animal,4,Thursday,167,STRUCK ANIMAL                        ,VCS,9,69,C,7,1,Day,1,1,0,1,0,0,1,5,Not at intersection,3,100,332572,N,2863441.331,2429361.613,EAST GIPPSLAND,EASTERN REGION,RURAL_VICTORIA,-37.56576,149.11546,3890,Lind National Park
1957,T20180013121,13/07/18,04.15.00,3,Struck animal,6,Friday,167,STRUCK ANIMAL                        ,VCS,9,71,B,6,5,Dark No street lights,1,2,0,2,0,0,1,5,Not at intersection,3,100,332530,N,2148931.087,2408147.664,GLENELG,SOUTH WESTERN REGION,RURAL_VICTORIA,-37.76148,141.01442,3312,Lower Glenelg National Park
1958,T20180013925,21/07/18,14.00.00,3,Struck animal,7,Saturday,167,STRUCK ANIMAL                        ,VCS,9,60,C,4,1,Day,1,1,1,0,0,0,1,5,Not at intersection,2,100,332877,N,2467988.208,2481913.602,MACEDON RANGES,NORTHERN REGION,RURAL_VICTORIA,-37.16245,144.63954,3444,Heathcote-Graytown National Park
1959,T20180014179,28/07/18,18.00.00,3,Struck animal,7,Saturday,167,STRUCK ANIMAL                        ,VCS,9,21,E,7,5,Dark No street lights,1,1,0,1,0,0,1,5,Not at intersection,3,100,335887,N,2430315.744,2627965.73,GANNAWARRA,NORTHERN REGION,RURAL_VICTORIA,-35.84417,144.22868,3568,Gunbower National Park
1960,T20180014260,30/07/18,00.20.00,3,Struck animal,2,Monday,167,STRUCK ANIMAL                        ,VCS,9,97,G,5,5,Dark No street lights,1,1,0,1,0,0,1,5,Not at intersection,3,80,335894,N,2615693.215,2365136.183,LATROBE,EASTERN REGION,RURAL_VICTORIA,-38.20797,146.32089,3825,Morwell National Park
1961,T20180014434,15/06/18,22.00.00,3,Struck animal,5,Friday,167,STRUCK ANIMAL                        ,VCS,9,76,C,4,5,Dark No street lights,1,1,1,0,0,0,2,5,Not at intersection,2,100,335924,N,2379306.529,2423601.788,GOLDEN PLAINS,SOUTH WESTERN REGION,RURAL_VICTORIA,-37.68064,143.63162,3351,Brisbane Ranges National Park
1962,T20180014476,30/07/18,17.00.00,3,Struck animal,1,Monday,167,STRUCK ANIMAL                        ,VCS,9,46,E,3,1,Day,1,1,0,1,0,0,2,5,Not at intersection,3,100,335928,N,2520705.792,2542622.883,SHEPPARTON,NORTH EASTERN REGION,SMALL_TOWNS,-36.61564,145.23149,3610,Heathcote-Graytown National Park
1963,T20180014506,29/06/18,18.18.00,3,Struck animal,6,Friday,167,STRUCK ANIMAL                        ,VCS,9,44,E,7,9,Unknown,1,1,0,1,0,0,1,5,Not at intersection,3,100,335935,N,2430613.169,2515081.926,BENDIGO,NORTHERN REGION,RURAL_VICTORIA,-36.86152,144.22176,3453,Greater Bendigo National Park
1964,T20180014515,26/07/18,15.30.00,3,Struck animal,4,Thursday,167,STRUCK ANIMAL                        ,VCS,9,83,B,5,1,Day,1,1,0,1,0,0,2,2,T intersection,3,999,338990,I,2680276.549,2415755.929,WELLINGTON,EASTERN REGION,RURAL_VICTORIA,-37.7417,147.04565,3860,Mitchell River National Park
1965,T20180014813,07/08/18,06.45.00,3,Struck animal,2,Tuesday,167,STRUCK ANIMAL                        ,VCS,9,6,E,3,2,Dusk/Dawn,1,1,0,1,0,0,1,5,Not at intersection,3,110,335984,N,2245608.264,2760582.731,MILDURA,WESTERN REGION,RURAL_VICTORIA,-34.6184,142.22768,3501,Hattah - Kulkyne National Park
1966,T20180015147,10/08/18,19.30.00,3,Struck animal,5,Friday,167,STRUCK ANIMAL                        ,VCS,9,65,G,3,5,Dark No street lights,1,2,0,1,0,1,2,5,Not at intersection,3,100,336038,N,2708315.151,2489908.242,ALPINE,NORTH EASTERN REGION,RURAL_VICTORIA,-37.06785,147.34299,3898,Alpine National Park
1967,T20180015165,11/08/18,18.45.00,3,Struck animal,6,Saturday,167,STRUCK ANIMAL                        ,VCS,9,44,J,5,5,Dark No street lights,1,1,0,1,0,0,1,2,T intersection,3,100,336052,I,2451004.586,2534322.261,BENDIGO,NORTHERN REGION,RURAL_VICTORIA,-36.6894,144.45171,3557,Greater Bendigo National Park
1968,T20180015479,14/08/18,19.00.00,3,Struck animal,3,Tuesday,167,STRUCK ANIMAL                        ,VCS,9,50,B,9,5,Dark No street lights,1,1,0,1,0,0,1,2,T intersection,3,100,322188,I,2683200.797,2553285.558,ALPINE,NORTH EASTERN REGION,RURAL_VICTORIA,-36.50203,147.0453,3691,Mount Buffalo National Park
1969,T20180015827,20/08/18,22.45.00,3,Struck animal,1,Monday,167,STRUCK ANIMAL                        ,VCS,9,103,G,4,5,Dark No street lights,1,1,0,1,0,0,1,5,Not at intersection,3,100,336153,N,2625227.496,2313665.993,SOUTH GIPPSLAND,EASTERN REGION,RURAL_VICTORIA,-38.67028,146.43861,3966,Tarra-Bulga National Park
1970,T20180015873,22/08/18,18.30.00,3,Struck animal,3,Wednesday,167,STRUCK ANIMAL                        ,MEL,43,481,J,11,5,Dark No street lights,1,1,0,1,0,0,2,5,Not at intersection,3,100,336166,N,2450610.786,2359776.331,GEELONG,SOUTH WESTERN REGION,RURAL_VICTORIA,-38.26217,144.43572,3227,Point Nepean National Park
1971,T20180015937,17/08/18,19.56.00,3,Struck animal,5,Friday,167,STRUCK ANIMAL                        ,VCS,9,62,B,4,5,Dark No street lights,1,6,0,1,0,5,1,5,Not at intersection,3,100,336182,N,2552780.416,2485349.966,MURRINDINDI,NORTH EASTERN REGION,RURAL_VICTORIA,-37.13054,145.59407,3719,Lake Eildon National Park
1972,T20180015988,24/08/18,13.45.00,3,Struck animal,6,Friday,167,STRUCK ANIMAL                        ,VCS,9,92,H,8,1,Day,1,1,1,0,0,0,1,5,Not at intersection,2,80,336190,N,2409956.38,2343335.863,SURF COAST,SOUTH WESTERN REGION,RURAL_VICTORIA,-38.40719,143.96923,3235,Great Otway National Park
1973,T20180016181,25/08/18,16.45.00,3,Struck animal,6,Saturday,167,STRUCK ANIMAL                        ,VCS,9,82,C,8,1,Day,1,1,0,1,0,0,2,5,Not at intersection,3,999,336213,N,2644259.753,2395901.151,WELLINGTON,EASTERN REGION,RURAL_VICTORIA,-37.92684,146.64093,3858,Baw Baw National Park
1974,T20180016233,28/08/18,07.45.00,3,Struck animal,2,Tuesday,167,STRUCK ANIMAL                        ,VCS,9,93,C,6,1,Day,2,2,0,2,0,0,1,5,Not at intersection,3,100,336220,N,2418379.189,2359612.741,SURF COAST,SOUTH WESTERN REGION,RURAL_VICTORIA,-38.26136,144.06747,3240,Great Otway National Park
1975,T20180016291,07/06/18,07.00.00,3,Struck animal,5,Thursday,167,STRUCK ANIMAL                        ,VCS,9,90,H,3,2,Dusk/Dawn,1,1,0,1,0,0,2,5,Not at intersection,3,100,337598,N,2322270.075,2377872.502,MOYNE,SOUTH WESTERN REGION,RURAL_VICTORIA,-38.08343,142.97409,3265,Port Campbell National Park
1976,T20180016312,24/08/18,06.15.00,3,Struck animal,6,Friday,167,STRUCK ANIMAL                        ,MEL,40,219,E,1,2,Dusk/Dawn,1,1,0,1,0,0,2,5,Not at intersection,3,999,281281,N,2456724.655,2417453.335,MELTON,METROPOLITAN NORTH WEST REGION,RURAL_VICTORIA,-37.74285,144.50897,3340,Organ Pipes National Park
1977,T20180016686,03/09/18,03.30.00,3,Struck animal,2,Monday,167,STRUCK ANIMAL                        ,VCS,9,89,H,7,5,Dark No street lights,1,1,0,1,0,0,1,5,Not at intersection,3,100,336996,N,2274608.065,2347791.645,MOYNE,SOUTH WESTERN REGION,RURAL_VICTORIA,-38.34395,142.42176,3282,Mount Eccles National Park
1978,T20180017234,12/09/18,20.57.00,3,Struck animal,4,Wednesday,167,STRUCK ANIMAL                        ,MEL,43,331,B,12,5,Dark No street lights,1,2,0,1,0,1,1,5,Not at intersection,3,80,336337,N,2463323.156,2427476.087,MELTON,METROPOLITAN NORTH WEST REGION,RURAL_VICTORIA,-37.65283,144.58434,3337,Organ Pipes National Park
1979,T20180017805,20/09/18,23.00.00,3,Struck animal,5,Thursday,167,STRUCK ANIMAL                        ,VCS,9,84,G,7,5,Dark No street lights,1,1,1,0,0,0,1,5,Not at intersection,2,60,339670,N,2757986.166,2403478.092,EAST GIPPSLAND,EASTERN REGION,RURAL_VICTORIA,-37.83399,147.93126,3909,The Lakes National Park
1980,T20180017820,29/06/18,18.00.00,3,Struck animal,5,Friday,167,STRUCK ANIMAL                        ,VCS,9,85,C,3,2,Dusk/Dawn,1,1,0,1,0,0,2,5,Not at intersection,3,100,336390,N,2775514.827,2429409.25,EAST GIPPSLAND,EASTERN REGION,RURAL_VICTORIA,-37.59544,148.12063,3885,Snowy River National Park
1981,T20180017923,22/09/18,20.25.00,3,Struck animal,6,Saturday,167,STRUCK ANIMAL                        ,MEL,43,390,J,5,5,Dark No street lights,1,1,0,1,0,0,1,5,Not at intersection,3,80,336407,N,2509160.042,2435203.088,WHITTLESEA,METROPOLITAN NORTH WEST REGION,RURAL_VICTORIA,-37.58388,145.10372,3754,Kinglake National Park
1982,T20180018269,27/09/18,18.30.00,3,Struck animal,5,Thursday,167,STRUCK ANIMAL                        ,VCS,9,98,E,5,5,Dark No street lights,1,1,1,0,0,0,1,5,Not at intersection,2,100,336431,N,2656376.949,2363711.276,WELLINGTON,EASTERN REGION,RURAL_VICTORIA,-38.21483,146.7856,3847,Tarra-Bulga National Park
1983,T20180018426,01/10/18,04.45.00,3,Struck animal,2,Monday,167,STRUCK ANIMAL                        ,VCS,9,98,F,8,5,Dark No street lights,1,1,1,0,0,0,1,2,T intersection,2,100,338840,N,2658669.863,2341523.97,WELLINGTON,EASTERN REGION,RURAL_VICTORIA,-38.41426,146.81661,3874,Tarra-Bulga National Park
1984,T20180018452,30/09/18,13.30.00,3,Struck animal,1,Sunday,167,STRUCK ANIMAL                        ,VCS,9,77,C,6,1,Day,1,1,0,1,0,0,2,5,Not at intersection,3,999,335463,N,2420055.459,2415264.592,MOORABOOL,WESTERN REGION,RURAL_VICTORIA,-37.76015,144.09268,3334,Brisbane Ranges National Park
1985,T20180018676,02/10/18,22.03.00,3,Struck animal,3,Tuesday,167,STRUCK ANIMAL                        ,VCS,9,21,F,8,5,Dark No street lights,1,4,0,1,0,3,1,5,Not at intersection,3,100,337158,N,2433510.596,2623422.814,GANNAWARRA,NORTHERN REGION,RURAL_VICTORIA,-35.88534,144.26365,3567,Gunbower National Park
1986,T20180019899,21/10/18,14.30.00,3,Struck animal,0,Sunday,167,STRUCK ANIMAL                        ,VCS,9,93,B,7,1,Day,1,1,1,0,0,0,2,5,Not at intersection,2,100,338100,N,2415680.282,2347600.826,SURF COAST,SOUTH WESTERN REGION,RURAL_VICTORIA,-38.36931,144.03525,3241,Great Otway National Park
1987,T20180020194,27/10/18,20.02.00,3,Struck animal,6,Saturday,167,STRUCK ANIMAL                        ,VCS,9,58,D,5,2,Dusk/Dawn,1,1,0,1,0,0,1,5,Not at intersection,3,80,338239,N,2387865.254,2475177.987,CENTRAL GOLDFIELDS,WESTERN REGION,RURAL_VICTORIA,-37.21699,143.73641,3371,Kara Kara National Park
1988,T20180020794,06/11/18,12.30.00,3,Struck animal,3,Tuesday,167,STRUCK ANIMAL                        ,MEL,43,263,D,8,1,Day,1,2,0,1,0,1,1,5,Not at intersection,3,80,340781,N,2518726.567,2428966.73,NILLUMBIK,METROPOLITAN NORTH WEST REGION,RURAL_VICTORIA,-37.63993,145.21219,3099,Kinglake National Park
1989,T20180020913,06/11/18,14.00.00,3,Struck animal,3,Tuesday,167,STRUCK ANIMAL                        ,VCS,9,45,E,6,1,Day,1,1,1,0,0,0,1,5,Not at intersection,2,100,339106,N,2481904.593,2521139.307,STRATHBOGIE,NORTH EASTERN REGION,RURAL_VICTORIA,-36.80931,144.79718,3523,Heathcote-Graytown National Park
1990,T20180021225,12/11/18,10.30.00,3,Struck animal,2,Monday,167,STRUCK ANIMAL                        ,VCS,9,61,G,5,1,Day,1,1,0,1,0,0,2,5,Not at intersection,3,100,339109,N,2528667.033,2478643.845,MURRINDINDI,NORTH EASTERN REGION,RURAL_VICTORIA,-37.19202,145.32292,3717,Kinglake National Park
1991,T20180021421,16/11/18,04.15.00,3,Struck animal,6,Friday,167,STRUCK ANIMAL                        ,MEL,43,180,K,10,3,Dark Street lights on,1,1,1,0,0,0,1,5,Not at intersection,2,80,339214,N,2497768.543,2428191.435,WHITTLESEA,METROPOLITAN NORTH WEST REGION,RURAL_VICTORIA,-37.6471,144.97471,3076,Organ Pipes National Park
1992,T20180021580,18/11/18,05.00.00,3,Struck animal,1,Sunday,167,STRUCK ANIMAL                        ,VCS,9,91,J,7,5,Dark No street lights,1,1,0,1,0,0,2,5,Not at intersection,3,100,339983,N,2367163.722,2350087.435,COLAC OTWAY,SOUTH WESTERN REGION,RURAL_VICTORIA,-38.34121,143.48067,3249,Great Otway National Park
1993,T20180021723,20/11/18,05.45.00,3,Struck animal,3,Tuesday,167,STRUCK ANIMAL                        ,MEL,43,280,C,8,2,Dusk/Dawn,2,3,0,2,0,1,1,5,Not at intersection,3,80,339411,N,2530076.592,2419497.917,YARRA RANGES,METROPOLITAN SOUTH EAST REGION,RURAL_VICTORIA,-37.72495,145.34119,3770,Dandenong Ranges National Park
1994,T20180021869,20/11/18,05.20.00,3,Struck animal,2,Tuesday,167,STRUCK ANIMAL                        ,VCS,9,414,J,4,2,Dusk/Dawn,4,4,0,1,0,3,1,5,Not at intersection,3,110,340085,N,2455928.198,2467208.972,MACEDON RANGES,NORTHERN REGION,RURAL_VICTORIA,-37.29447,144.50288,3442,Organ Pipes National Park
1995,T20180022577,02/12/18,07.15.00,3,Struck animal,0,Sunday,167,STRUCK ANIMAL                        ,VCS,9,93,F,7,1,Day,1,2,0,1,0,1,1,5,Not at intersection,3,80,339871,N,2435398.562,2350283.769,SURF COAST,SOUTH WESTERN REGION,RURAL_VICTORIA,-38.34673,144.26108,3228,Point Nepean National Park
1996,T20180022609,02/12/18,22.00.00,3,Struck animal,0,Sunday,167,STRUCK ANIMAL                        ,VCS,9,35,H,4,5,Dark No street lights,1,1,0,1,0,0,1,5,Not at intersection,3,100,340260,N,2677197.354,2593993.767,WODONGA,NORTH EASTERN REGION,RURAL_VICTORIA,-36.13637,146.9689,3691,Chiltern-Mt Pilot National Park
1997,T20180023058,08/12/18,16.30.00,3,Struck animal,7,Saturday,167,STRUCK ANIMAL                        ,VCS,9,36,G,2,1,Day,1,1,0,1,0,0,1,5,Not at intersection,3,100,340087,N,2712453.035,2608029.221,TOWONG,NORTH EASTERN REGION,RURAL_VICTORIA,-36.00269,147.35663,3691,Burrowa - Pine Mountain National Park
1998,T20180023068,08/12/18,21.07.00,3,Struck animal,7,Saturday,167,STRUCK ANIMAL                        ,VCS,9,96,B,5,5,Dark No street lights,1,1,0,1,0,0,1,2,T intersection,3,100,340250,I,2554695.757,2367368.448,CARDINIA,METROPOLITAN SOUTH EAST REGION,RURAL_VICTORIA,-38.19348,145.62434,3981,French Island National Park
1999,T20180023229,10/12/18,23.20.00,3,Struck animal,2,Monday,167,STRUCK ANIMAL                        ,VCS,9,59,C,4,5,Dark No street lights,1,1,0,1,0,0,1,5,Not at intersection,3,100,340588,N,2418008.975,2483843.956,MOUNT ALEXANDER,NORTHERN REGION,RURAL_VICTORIA,-37.14202,144.077,3461,Brisbane Ranges National Park
2000,T20180023276,11/12/18,18.07.00,3,Struck animal,3,Tuesday,167,STRUCK ANIMAL                        ,VCS,9,47,C,5,1,Day,1,1,1,0,0,0,1,5,Not at intersection,2,110,340857,N,2556052.087,2530991.357,STRATHBOGIE,NORTH EASTERN REGION,RURAL_VICTORIA,-36.71903,145.62751,3666,Lower Goulburn National Park
2001,T20180023306,12/12/18,05.45.00,3,Struck animal,3,Wednesday,167,STRUCK ANIMAL                        ,VCS,9,97,J,4,5,Dark No street lights,1,1,0,1,0,0,2,5,Not at intersection,3,80,342123,N,2628960.68,2367276.842,LATROBE,EASTERN REGION,RURAL_VICTORIA,-38.18694,146.47197,3840,Morwell National Park
2002,T20180023344,12/12/18,12.00.00,3,Struck animal,3,Wednesday,167,STRUCK ANIMAL                        ,VCS,9,60,H,2,1,Day,1,1,0,1,0,0,1,5,Not at intersection,3,80,340199,N,2496228.714,2493687.824,MITCHELL,NORTHERN REGION,RURAL_VICTORIA,-37.05688,144.95759,3764,Heathcote-Graytown National Park
2003,T20180023705,17/12/18,07.49.00,3,Struck animal,2,Monday,167,STRUCK ANIMAL                        ,VCS,9,36,B,3,1,Day,3,3,0,2,0,1,1,5,Not at intersection,3,100,340463,N,2681990.041,2596928.745,WODONGA,NORTH EASTERN REGION,RURAL_VICTORIA,-36.10902,147.02144,3691,Chiltern-Mt Pilot National Park
2004,T20180023967,20/11/18,21.00.00,3,Struck animal,2,Tuesday,167,STRUCK ANIMAL                        ,VCS,9,35,C,8,5,Dark No street lights,1,1,0,1,0,0,2,5,Not at intersection,3,100,341521,N,2649957.578,2566850.259,INDIGO,NORTH EASTERN REGION,RURAL_VICTORIA,-36.38565,146.67159,3747,Chiltern-Mt Pilot National Park
2005,T20180024292,25/12/18,20.30.00,3,Struck animal,2,Tuesday,167,STRUCK ANIMAL                        ,VCS,9,36,E,8,5,Dark No street lights,1,2,0,1,0,1,1,5,Not at intersection,3,100,341442,N,2698097.856,2566826.732,TOWONG,NORTH EASTERN REGION,RURAL_VICTORIA,-36.37702,147.20805,3701,Chiltern-Mt Pilot National Park
2006,T20190000064,01/01/19,20.50.00,3,Struck animal,2,Tuesday,167,STRUCK ANIMAL                        ,VCS,9,35,H,5,5,Dark No street lights,1,2,2,0,0,0,1,5,Not at intersection,2,100,341097,N,2678363.744,2584722.032,WODONGA,NORTH EASTERN REGION,RURAL_VICTORIA,-36.21969,146.984,3691,Chiltern-Mt Pilot National Park
2007,T20190000097,24/12/18,04.10.00,3,Struck animal,2,Monday,167,STRUCK ANIMAL                        ,MEL,43,145,J,10,5,Dark No street lights,1,1,0,1,0,0,2,2,T intersection,3,80,340918,N,2505089.182,2360019.324,MORNINGTON PENINSULA,METROPOLITAN SOUTH EAST REGION,RURAL_VICTORIA,-38.26128,145.05814,3934,Mornington Peninsula National Park
2008,T20190000334,01/01/19,21.00.00,3,Struck animal,3,Tuesday,167,STRUCK ANIMAL                        ,VCS,9,93,B,3,5,Dark No street lights,1,1,1,0,0,0,2,5,Not at intersection,2,100,341333,N,2416073.556,2379140.112,GOLDEN PLAINS,SOUTH WESTERN REGION,RURAL_VICTORIA,-38.08525,144.04337,3321,Brisbane Ranges National Park
2009,T20190000394,08/01/19,00.45.00,3,Struck animal,2,Tuesday,167,STRUCK ANIMAL                        ,MEL,43,734,G,5,3,Dark Street lights on,1,1,0,1,0,0,1,5,Not at intersection,3,50,341105,N,2531034.066,2332483.811,BASS COAST,EASTERN REGION,SMALL_TOWNS,-38.5088,145.35574,3925,French Island National Park
2010,T20190000400,08/01/19,05.00.00,3,Struck animal,3,Tuesday,167,STRUCK ANIMAL                        ,VCS,9,566,J,4,5,Dark No street lights,1,1,0,1,0,0,1,5,Not at intersection,3,110,341010,N,2401468.882,2439416.496,BALLARAT,WESTERN REGION,RURAL_VICTORIA,-37.54076,143.88496,3350,Brisbane Ranges National Park
2011,T20190000524,09/01/19,07.15.00,3,Struck animal,3,Wednesday,167,STRUCK ANIMAL                        ,VCS,9,100,B,8,1,Day,1,1,0,1,0,0,2,5,Not at intersection,3,60,341943,N,2303022.127,2329692.956,MOYNE,SOUTH WESTERN REGION,RURAL_VICTORIA,-38.51341,142.74174,3268,Port Campbell National Park
2012,T20190000543,09/01/19,21.40.00,3,Struck animal,4,Wednesday,167,STRUCK ANIMAL                        ,VCS,9,21,E,7,5,Dark No street lights,1,2,1,0,0,1,1,5,Not at intersection,2,100,341835,N,2426863.083,2628167.005,GANNAWARRA,NORTHERN REGION,RURAL_VICTORIA,-35.8421,144.19049,3568,Gunbower National Park
2013,T20190001542,26/01/19,04.50.00,3,Struck animal,6,Saturday,167,STRUCK ANIMAL                        ,MEL,43,317,A,12,5,Dark No street lights,1,1,0,1,0,0,2,5,Not at intersection,3,100,341580,N,2540793.156,2378892.424,CARDINIA,METROPOLITAN SOUTH EAST REGION,RURAL_VICTORIA,-38.09038,145.465,3810,Churchill National Park
2014,T20190002269,28/01/19,06.30.00,3,Struck animal,1,Monday,167,STRUCK ANIMAL                        ,VCS,9,61,B,5,2,Dusk/Dawn,1,1,1,0,0,0,2,5,Not at intersection,2,100,342090,N,2501351.746,2474792.425,MITCHELL,NORTHERN REGION,RURAL_VICTORIA,-37.22717,145.01523,3658,Kinglake National Park
2015,T20190003109,18/02/19,01.00.00,3,Struck animal,1,Monday,167,STRUCK ANIMAL                        ,VCS,9,82,C,3,5,Dark No street lights,1,1,0,1,0,0,2,5,Not at intersection,3,100,342357,N,2643766.214,2430030.42,WELLINGTON,EASTERN REGION,RURAL_VICTORIA,-37.61945,146.62868,3858,Baw Baw National Park